-- MySQL dump 10.13  Distrib 5.7.12, for linux-glibc2.5 (x86_64)
--
-- Host: localhost    Database: reunions
-- ------------------------------------------------------
-- Server version	5.7.12

/*!40101 SET @OLD_CHARACTER_SET_CLIENT=@@CHARACTER_SET_CLIENT */;
/*!40101 SET @OLD_CHARACTER_SET_RESULTS=@@CHARACTER_SET_RESULTS */;
/*!40101 SET @OLD_COLLATION_CONNECTION=@@COLLATION_CONNECTION */;
/*!40101 SET NAMES utf8 */;
/*!40103 SET @OLD_TIME_ZONE=@@TIME_ZONE */;
/*!40103 SET TIME_ZONE='+00:00' */;
/*!40014 SET @OLD_UNIQUE_CHECKS=@@UNIQUE_CHECKS, UNIQUE_CHECKS=0 */;
/*!40014 SET @OLD_FOREIGN_KEY_CHECKS=@@FOREIGN_KEY_CHECKS, FOREIGN_KEY_CHECKS=0 */;
/*!40101 SET @OLD_SQL_MODE=@@SQL_MODE, SQL_MODE='NO_AUTO_VALUE_ON_ZERO' */;
/*!40111 SET @OLD_SQL_NOTES=@@SQL_NOTES, SQL_NOTES=0 */;

--
-- Table structure for table `DATABASECHANGELOG`
--

DROP TABLE IF EXISTS `DATABASECHANGELOG`;
/*!40101 SET @saved_cs_client     = @@character_set_client */;
/*!40101 SET character_set_client = utf8 */;
CREATE TABLE `DATABASECHANGELOG` (
  `ID` varchar(255) NOT NULL,
  `AUTHOR` varchar(255) NOT NULL,
  `FILENAME` varchar(255) NOT NULL,
  `DATEEXECUTED` datetime NOT NULL,
  `ORDEREXECUTED` int(11) NOT NULL,
  `EXECTYPE` varchar(10) NOT NULL,
  `MD5SUM` varchar(35) DEFAULT NULL,
  `DESCRIPTION` varchar(255) DEFAULT NULL,
  `COMMENTS` varchar(255) DEFAULT NULL,
  `TAG` varchar(255) DEFAULT NULL,
  `LIQUIBASE` varchar(20) DEFAULT NULL,
  `CONTEXTS` varchar(255) DEFAULT NULL,
  `LABELS` varchar(255) DEFAULT NULL
) ENGINE=InnoDB DEFAULT CHARSET=latin1;
/*!40101 SET character_set_client = @saved_cs_client */;

--
-- Dumping data for table `DATABASECHANGELOG`
--

LOCK TABLES `DATABASECHANGELOG` WRITE;
/*!40000 ALTER TABLE `DATABASECHANGELOG` DISABLE KEYS */;
INSERT INTO `DATABASECHANGELOG` VALUES ('00000000000001','jhipster','classpath:config/liquibase/changelog/00000000000000_initial_schema.xml','2016-11-13 16:03:18',1,'EXECUTED','7:d5ecad443ec81327819baf543115408f','createTable, createIndex (x2), createTable (x2), addPrimaryKey, createTable, addForeignKeyConstraint (x3), loadData, dropDefaultValue, loadData (x2), createTable (x2), addPrimaryKey, createIndex (x2), addForeignKeyConstraint','',NULL,'3.4.2',NULL,NULL),('20161113171540-1','jhipster','classpath:config/liquibase/changelog/20161113171540_added_entity_Grupo.xml','2016-11-13 19:01:32',2,'EXECUTED','7:a8d5fbe75c58984c01679087feb52fca','createTable','',NULL,'3.4.2',NULL,NULL),('20161113172248-1','jhipster','classpath:config/liquibase/changelog/20161113172248_added_entity_Organo.xml','2016-11-13 19:01:33',3,'EXECUTED','7:e897ae620652e75b59d193600ec057f8','createTable','',NULL,'3.4.2',NULL,NULL),('20161113173351-1','jhipster','classpath:config/liquibase/changelog/20161113173351_added_entity_Sesion.xml','2016-11-13 19:01:35',4,'EXECUTED','7:1437da07c2da581a5f40e59f50d27db1','createTable, dropDefaultValue (x2)','',NULL,'3.4.2',NULL,NULL),('20161113173934-1','jhipster','classpath:config/liquibase/changelog/20161113173934_added_entity_Miembro.xml','2016-11-13 19:01:36',5,'EXECUTED','7:bf0a4c38ec599d734e7fb571b83cbe22','createTable','',NULL,'3.4.2',NULL,NULL),('20161113174042-1','jhipster','classpath:config/liquibase/changelog/20161113174042_added_entity_Cargo.xml','2016-11-13 19:01:37',6,'EXECUTED','7:8a76091dd3ca23d51753f2525a52d995','createTable','',NULL,'3.4.2',NULL,NULL),('20161113174506-1','jhipster','classpath:config/liquibase/changelog/20161113174506_added_entity_Participante.xml','2016-11-13 19:01:44',7,'EXECUTED','7:f75c90a4f48deff0992e7f7b055061b1','createTable','',NULL,'3.4.2',NULL,NULL),('20161113172248-2','jhipster','classpath:config/liquibase/changelog/20161113172248_added_entity_constraints_Organo.xml','2016-11-13 19:01:49',8,'EXECUTED','7:0dd5138aac06a74bdd4e1c300fb46664','addForeignKeyConstraint','',NULL,'3.4.2',NULL,NULL),('20161113173351-2','jhipster','classpath:config/liquibase/changelog/20161113173351_added_entity_constraints_Sesion.xml','2016-11-13 19:01:51',9,'EXECUTED','7:5f2d0ffbc30265b36ca4044c7ac6a822','addForeignKeyConstraint','',NULL,'3.4.2',NULL,NULL),('20161113173934-2','jhipster','classpath:config/liquibase/changelog/20161113173934_added_entity_constraints_Miembro.xml','2016-11-13 19:02:05',10,'EXECUTED','7:dee2a964c54991c4a1fb8222c8b2685b','addForeignKeyConstraint (x3)','',NULL,'3.4.2',NULL,NULL),('20161113174506-2','jhipster','classpath:config/liquibase/changelog/20161113174506_added_entity_constraints_Participante.xml','2016-11-13 19:02:36',11,'EXECUTED','7:2491c32892f78cdf0dcc3bb6ba94b176','addForeignKeyConstraint (x3)','',NULL,'3.4.2',NULL,NULL),('20161204181727-1','jhipster','classpath:config/liquibase/changelog/20161204181727_added_entity_Documento.xml','2016-12-04 19:23:13',12,'EXECUTED','7:449089618ecb00cff2283631c2803ba3','createTable','',NULL,'3.4.2',NULL,NULL),('20161204181727-2','jhipster','classpath:config/liquibase/changelog/20161204181727_added_entity_constraints_Documento.xml','2016-12-04 19:23:26',13,'EXECUTED','7:66e4083939ba7a334df6e3691289b872','addForeignKeyConstraint','',NULL,'3.4.2',NULL,NULL),('1481315632822-1','diego (generated)','classpath:config/liquibase/changelog/20161209203334_changelog.xml','2016-12-09 21:39:04',14,'EXECUTED','7:594f6401e1564dc84ec13beeaf4ed072','addColumn','',NULL,'3.4.2',NULL,NULL);
/*!40000 ALTER TABLE `DATABASECHANGELOG` ENABLE KEYS */;
UNLOCK TABLES;

--
-- Table structure for table `DATABASECHANGELOGLOCK`
--

DROP TABLE IF EXISTS `DATABASECHANGELOGLOCK`;
/*!40101 SET @saved_cs_client     = @@character_set_client */;
/*!40101 SET character_set_client = utf8 */;
CREATE TABLE `DATABASECHANGELOGLOCK` (
  `ID` int(11) NOT NULL,
  `LOCKED` bit(1) NOT NULL,
  `LOCKGRANTED` datetime DEFAULT NULL,
  `LOCKEDBY` varchar(255) DEFAULT NULL,
  PRIMARY KEY (`ID`)
) ENGINE=InnoDB DEFAULT CHARSET=latin1;
/*!40101 SET character_set_client = @saved_cs_client */;

--
-- Dumping data for table `DATABASECHANGELOGLOCK`
--

LOCK TABLES `DATABASECHANGELOGLOCK` WRITE;
/*!40000 ALTER TABLE `DATABASECHANGELOGLOCK` DISABLE KEYS */;
INSERT INTO `DATABASECHANGELOGLOCK` VALUES (1,'\0',NULL,NULL);
/*!40000 ALTER TABLE `DATABASECHANGELOGLOCK` ENABLE KEYS */;
UNLOCK TABLES;

--
-- Table structure for table `cargo`
--

DROP TABLE IF EXISTS `cargo`;
/*!40101 SET @saved_cs_client     = @@character_set_client */;
/*!40101 SET character_set_client = utf8 */;
CREATE TABLE `cargo` (
  `id` bigint(20) NOT NULL AUTO_INCREMENT,
  `nombre` varchar(255) NOT NULL,
  PRIMARY KEY (`id`)
) ENGINE=InnoDB AUTO_INCREMENT=6 DEFAULT CHARSET=latin1;
/*!40101 SET character_set_client = @saved_cs_client */;

--
-- Dumping data for table `cargo`
--

LOCK TABLES `cargo` WRITE;
/*!40000 ALTER TABLE `cargo` DISABLE KEYS */;
INSERT INTO `cargo` VALUES (1,'Presidente'),(2,'Secretario'),(3,'Vocal'),(4,'Vicepresidente'),(5,'Invitado');
/*!40000 ALTER TABLE `cargo` ENABLE KEYS */;
UNLOCK TABLES;

--
-- Table structure for table `documento`
--

DROP TABLE IF EXISTS `documento`;
/*!40101 SET @saved_cs_client     = @@character_set_client */;
/*!40101 SET character_set_client = utf8 */;
CREATE TABLE `documento` (
  `id` bigint(20) NOT NULL AUTO_INCREMENT,
  `nombre` varchar(255) NOT NULL,
  `archivo` longblob NOT NULL,
  `archivo_content_type` varchar(255) NOT NULL,
  `sesion_id` bigint(20) NOT NULL,
  PRIMARY KEY (`id`),
  KEY `fk_documento_sesion_id` (`sesion_id`),
  CONSTRAINT `fk_documento_sesion_id` FOREIGN KEY (`sesion_id`) REFERENCES `sesion` (`id`)
) ENGINE=InnoDB AUTO_INCREMENT=4 DEFAULT CHARSET=latin1;
/*!40101 SET character_set_client = @saved_cs_client */;

--
-- Dumping data for table `documento`
--

LOCK TABLES `documento` WRITE;
/*!40000 ALTER TABLE `documento` DISABLE KEYS */;
/*!40000 ALTER TABLE `documento` ENABLE KEYS */;
UNLOCK TABLES;

--
-- Table structure for table `grupo`
--

DROP TABLE IF EXISTS `grupo`;
/*!40101 SET @saved_cs_client     = @@character_set_client */;
/*!40101 SET character_set_client = utf8 */;
CREATE TABLE `grupo` (
  `id` bigint(20) NOT NULL AUTO_INCREMENT,
  `nombre` varchar(255) NOT NULL,
  PRIMARY KEY (`id`)
) ENGINE=InnoDB AUTO_INCREMENT=14 DEFAULT CHARSET=latin1;
/*!40101 SET character_set_client = @saved_cs_client */;

--
-- Dumping data for table `grupo`
--

LOCK TABLES `grupo` WRITE;
/*!40000 ALTER TABLE `grupo` DISABLE KEYS */;
INSERT INTO `grupo` VALUES (1,'Xunta de centro'),(2,'Comisión permanente da xunta de centro'),(3,'Comisión de infraestructuras'),(4,'Comisión de garantía de calidade'),(5,'Comisión económica'),(6,'Comisión de biblioteca'),(7,'Comisión de coordinación de título'),(8,'Comisión de coordinación de curso'),(9,'Comisión de coordinación de materia'),(10,'Programas de prácticas en empresas / practicum'),(11,'Mobilidades (ERASMUS, SENECA, ...)'),(12,'Comisión de normalización lingüística'),(13,'Outras comisións');
/*!40000 ALTER TABLE `grupo` ENABLE KEYS */;
UNLOCK TABLES;

--
-- Table structure for table `jhi_authority`
--

DROP TABLE IF EXISTS `jhi_authority`;
/*!40101 SET @saved_cs_client     = @@character_set_client */;
/*!40101 SET character_set_client = utf8 */;
CREATE TABLE `jhi_authority` (
  `name` varchar(50) NOT NULL,
  PRIMARY KEY (`name`)
) ENGINE=InnoDB DEFAULT CHARSET=latin1;
/*!40101 SET character_set_client = @saved_cs_client */;

--
-- Dumping data for table `jhi_authority`
--

LOCK TABLES `jhi_authority` WRITE;
/*!40000 ALTER TABLE `jhi_authority` DISABLE KEYS */;
INSERT INTO `jhi_authority` VALUES ('ROLE_ADMIN'),('ROLE_USER');
/*!40000 ALTER TABLE `jhi_authority` ENABLE KEYS */;
UNLOCK TABLES;

--
-- Table structure for table `jhi_persistent_audit_event`
--

DROP TABLE IF EXISTS `jhi_persistent_audit_event`;
/*!40101 SET @saved_cs_client     = @@character_set_client */;
/*!40101 SET character_set_client = utf8 */;
CREATE TABLE `jhi_persistent_audit_event` (
  `event_id` bigint(20) NOT NULL AUTO_INCREMENT,
  `principal` varchar(50) NOT NULL,
  `event_date` timestamp NULL DEFAULT NULL,
  `event_type` varchar(255) DEFAULT NULL,
  PRIMARY KEY (`event_id`),
  KEY `idx_persistent_audit_event` (`principal`,`event_date`)
) ENGINE=InnoDB AUTO_INCREMENT=25 DEFAULT CHARSET=latin1;
/*!40101 SET character_set_client = @saved_cs_client */;

--
-- Dumping data for table `jhi_persistent_audit_event`
--

LOCK TABLES `jhi_persistent_audit_event` WRITE;
/*!40000 ALTER TABLE `jhi_persistent_audit_event` DISABLE KEYS */;
INSERT INTO `jhi_persistent_audit_event` VALUES (1,'admin','2016-11-13 15:13:15','AUTHENTICATION_SUCCESS'),(2,'admin','2016-11-16 18:49:08','AUTHENTICATION_SUCCESS'),(3,'admin','2016-11-16 18:49:08','AUTHENTICATION_SUCCESS'),(4,'admin','2016-12-02 20:34:40','AUTHENTICATION_SUCCESS'),(5,'admin','2016-12-05 15:41:34','AUTHENTICATION_SUCCESS'),(6,'admin','2016-12-05 15:49:52','AUTHENTICATION_SUCCESS'),(7,'admin','2016-12-17 21:37:05','AUTHENTICATION_SUCCESS'),(8,'admin','2016-12-17 21:37:05','AUTHENTICATION_SUCCESS'),(9,'151','2016-12-17 21:46:58','AUTHENTICATION_SUCCESS'),(10,'admin','2016-12-17 22:39:59','AUTHENTICATION_SUCCESS'),(11,'151','2016-12-18 13:22:09','AUTHENTICATION_SUCCESS'),(12,'151','2016-12-18 16:15:03','AUTHENTICATION_SUCCESS'),(13,'97','2016-12-18 16:55:27','AUTHENTICATION_SUCCESS'),(14,'101','2016-12-18 17:29:19','AUTHENTICATION_SUCCESS'),(15,'admin','2016-12-19 20:12:48','AUTHENTICATION_SUCCESS'),(16,'101','2016-12-19 20:15:42','AUTHENTICATION_SUCCESS'),(17,'admin','2016-12-20 19:09:33','AUTHENTICATION_SUCCESS'),(18,'admin','2016-12-27 15:27:26','AUTHENTICATION_SUCCESS'),(19,'admin','2016-12-27 15:47:40','AUTHENTICATION_SUCCESS'),(20,'admin','2016-12-27 16:35:51','AUTHENTICATION_SUCCESS'),(21,'admin','2016-12-27 16:38:39','AUTHENTICATION_SUCCESS'),(22,'admin','2016-12-27 16:50:53','AUTHENTICATION_SUCCESS'),(23,'admin','2016-12-27 17:02:50','AUTHENTICATION_SUCCESS'),(24,'admin','2016-12-27 17:03:31','AUTHENTICATION_SUCCESS');
/*!40000 ALTER TABLE `jhi_persistent_audit_event` ENABLE KEYS */;
UNLOCK TABLES;

--
-- Table structure for table `jhi_persistent_audit_evt_data`
--

DROP TABLE IF EXISTS `jhi_persistent_audit_evt_data`;
/*!40101 SET @saved_cs_client     = @@character_set_client */;
/*!40101 SET character_set_client = utf8 */;
CREATE TABLE `jhi_persistent_audit_evt_data` (
  `event_id` bigint(20) NOT NULL,
  `name` varchar(150) NOT NULL,
  `value` varchar(255) DEFAULT NULL,
  PRIMARY KEY (`event_id`,`name`),
  KEY `idx_persistent_audit_evt_data` (`event_id`),
  CONSTRAINT `fk_evt_pers_audit_evt_data` FOREIGN KEY (`event_id`) REFERENCES `jhi_persistent_audit_event` (`event_id`)
) ENGINE=InnoDB DEFAULT CHARSET=latin1;
/*!40101 SET character_set_client = @saved_cs_client */;

--
-- Dumping data for table `jhi_persistent_audit_evt_data`
--

LOCK TABLES `jhi_persistent_audit_evt_data` WRITE;
/*!40000 ALTER TABLE `jhi_persistent_audit_evt_data` DISABLE KEYS */;
INSERT INTO `jhi_persistent_audit_evt_data` VALUES (1,'remoteAddress','127.0.0.1'),(2,'remoteAddress','127.0.0.1'),(3,'remoteAddress','127.0.0.1'),(4,'remoteAddress','127.0.0.1'),(5,'remoteAddress','127.0.0.1'),(6,'remoteAddress','127.0.0.1'),(7,'remoteAddress','127.0.0.1'),(8,'remoteAddress','127.0.0.1'),(9,'remoteAddress','127.0.0.1'),(10,'remoteAddress','127.0.0.1'),(11,'remoteAddress','127.0.0.1'),(12,'remoteAddress','127.0.0.1'),(13,'remoteAddress','127.0.0.1'),(14,'remoteAddress','127.0.0.1'),(15,'remoteAddress','127.0.0.1'),(16,'remoteAddress','127.0.0.1'),(17,'remoteAddress','127.0.0.1'),(18,'remoteAddress','127.0.0.1'),(19,'remoteAddress','127.0.0.1'),(20,'remoteAddress','127.0.0.1'),(21,'remoteAddress','127.0.0.1'),(22,'remoteAddress','127.0.0.1'),(23,'remoteAddress','127.0.0.1'),(24,'remoteAddress','127.0.0.1');
/*!40000 ALTER TABLE `jhi_persistent_audit_evt_data` ENABLE KEYS */;
UNLOCK TABLES;

--
-- Table structure for table `jhi_persistent_token`
--

DROP TABLE IF EXISTS `jhi_persistent_token`;
/*!40101 SET @saved_cs_client     = @@character_set_client */;
/*!40101 SET character_set_client = utf8 */;
CREATE TABLE `jhi_persistent_token` (
  `series` varchar(76) NOT NULL,
  `user_id` bigint(20) DEFAULT NULL,
  `token_value` varchar(76) NOT NULL,
  `token_date` date DEFAULT NULL,
  `ip_address` varchar(39) DEFAULT NULL,
  `user_agent` varchar(255) DEFAULT NULL,
  PRIMARY KEY (`series`),
  KEY `fk_user_persistent_token` (`user_id`),
  CONSTRAINT `fk_user_persistent_token` FOREIGN KEY (`user_id`) REFERENCES `jhi_user` (`id`)
) ENGINE=InnoDB DEFAULT CHARSET=latin1;
/*!40101 SET character_set_client = @saved_cs_client */;

--
-- Dumping data for table `jhi_persistent_token`
--

LOCK TABLES `jhi_persistent_token` WRITE;
/*!40000 ALTER TABLE `jhi_persistent_token` DISABLE KEYS */;
INSERT INTO `jhi_persistent_token` VALUES ('gS7hDrBu81o9VEzOQYUJqg==',3,'0mSkKp7rBop4DJdW28f9Fg==','2016-12-05','127.0.0.1','Mozilla/5.0 (X11; Ubuntu; Linux x86_64; rv:50.0) Gecko/20100101 Firefox/50.0'),('MStA0u+j4iwDkNGFQeLjhQ==',3,'mWDm3GQrQgJDgK0oSUOVbw==','2016-12-27','127.0.0.1','Mozilla/5.0 (X11; Linux x86_64) AppleWebKit/537.36 (KHTML, like Gecko) Chrome/51.0.2704.7 Safari/537.36'),('N+AYOiCCMSH373au/VE0ww==',3,'CYsSh4KcxAK8HPEF9Zivgg==','2016-12-05','127.0.0.1','Mozilla/5.0 (X11; Linux x86_64) AppleWebKit/537.36 (KHTML, like Gecko) Chrome/51.0.2704.7 Safari/537.36'),('W5S2DPxrDJeLBRy2hMVaIA==',3,'Xlf25zBzaJm2oMN1WpxFCw==','2016-12-17','127.0.0.1','Mozilla/5.0 (X11; Linux x86_64) AppleWebKit/537.36 (KHTML, like Gecko) Chrome/51.0.2704.7 Safari/537.36');
/*!40000 ALTER TABLE `jhi_persistent_token` ENABLE KEYS */;
UNLOCK TABLES;

--
-- Table structure for table `jhi_user`
--

DROP TABLE IF EXISTS `jhi_user`;
/*!40101 SET @saved_cs_client     = @@character_set_client */;
/*!40101 SET character_set_client = utf8 */;
CREATE TABLE `jhi_user` (
  `id` bigint(20) NOT NULL AUTO_INCREMENT,
  `login` varchar(50) NOT NULL,
  `password_hash` varchar(60) DEFAULT NULL,
  `first_name` varchar(50) DEFAULT NULL,
  `last_name` varchar(50) DEFAULT NULL,
  `email` varchar(100) DEFAULT NULL,
  `activated` bit(1) NOT NULL,
  `lang_key` varchar(5) DEFAULT NULL,
  `activation_key` varchar(20) DEFAULT NULL,
  `reset_key` varchar(20) DEFAULT NULL,
  `created_by` varchar(50) NOT NULL,
  `created_date` timestamp NOT NULL,
  `reset_date` timestamp NULL DEFAULT NULL,
  `last_modified_by` varchar(50) DEFAULT NULL,
  `last_modified_date` timestamp NULL DEFAULT NULL,
  `dni` varchar(15) DEFAULT NULL,
  PRIMARY KEY (`id`),
  UNIQUE KEY `login` (`login`),
  UNIQUE KEY `idx_user_login` (`login`),
  UNIQUE KEY `email` (`email`),
  UNIQUE KEY `idx_user_email` (`email`)
) ENGINE=InnoDB AUTO_INCREMENT=363 DEFAULT CHARSET=latin1;
/*!40101 SET character_set_client = @saved_cs_client */;

--
-- Dumping data for table `jhi_user`
--

LOCK TABLES `jhi_user` WRITE;
/*!40000 ALTER TABLE `jhi_user` DISABLE KEYS */;
INSERT INTO `jhi_user` VALUES (1,'system','$2a$10$mE.qmcV0mFU5NcKh73TZx.z4ueI/.bDWbj0T1BYyqP481kGGarKLG','System','System','system@localhost','','gl',NULL,NULL,'system','2016-11-13 15:02:41',NULL,'system',NULL,NULL),(2,'anonymoususer','$2a$10$j8S5d7Sr7.8VTOYNviDPOeWX8KcYILUVJBsYV83Y5NtECayypx9lO','Anonymous','User','anonymous@localhost','','gl',NULL,NULL,'system','2016-11-13 15:02:41',NULL,'system',NULL,NULL),(3,'admin','$2a$10$gSAhZrxMllrbgj/kkK9UceBPpChGWJA7SYIb1Mqo.n5aNLq1/oRrC','Administrator','Administrator','admin@localhost','','gl',NULL,NULL,'system','2016-11-13 15:02:41',NULL,'admin','2016-11-20 18:47:50',NULL),(4,'user','$2a$10$VEjxo0jq2YG9Rbk2HmX9S.k1uZBGYUHdUcid3g/vfiEl7lwWgOH/K','User','User','user@localhost','','gl',NULL,NULL,'system','2016-11-13 15:02:41',NULL,'system',NULL,NULL),(5,'5','$2a$10$gSAhZrxMllrbgj/kkK9UceBPpChGWJA7SYIb1Mqo.n5aNLq1/oRrC','María Felicidad','Aguado Martín','5','','gl',NULL,NULL,'system','2016-12-28 17:46:55',NULL,NULL,NULL,'35290972W'),(6,'6','$2a$10$gSAhZrxMllrbgj/kkK9UceBPpChGWJA7SYIb1Mqo.n5aNLq1/oRrC','María Amparo','Alonso Betanzos','6','','gl',NULL,NULL,'system','2016-12-28 17:46:55',NULL,NULL,NULL,'36041284P'),(7,'7','$2a$10$gSAhZrxMllrbgj/kkK9UceBPpChGWJA7SYIb1Mqo.n5aNLq1/oRrC','Miguel Ángel','Alonso Pardo','7','','gl',NULL,NULL,'system','2016-12-28 17:46:55',NULL,NULL,NULL,'32795869P'),(8,'8','$2a$10$gSAhZrxMllrbgj/kkK9UceBPpChGWJA7SYIb1Mqo.n5aNLq1/oRrC','Juan','Touriño Domínguez','8','','gl',NULL,NULL,'system','2016-12-28 17:46:55',NULL,NULL,NULL,'32810398R'),(9,'9','$2a$10$gSAhZrxMllrbgj/kkK9UceBPpChGWJA7SYIb1Mqo.n5aNLq1/oRrC','Manuel','Álvarez Díaz','9','','gl',NULL,NULL,'system','2016-12-28 17:46:55',NULL,NULL,NULL,'53160503M'),(10,'10','$2a$10$gSAhZrxMllrbgj/kkK9UceBPpChGWJA7SYIb1Mqo.n5aNLq1/oRrC','Margarita','Amor López','10','','gl',NULL,NULL,'system','2016-12-28 17:46:55',NULL,NULL,NULL,'32818714Z'),(11,'11','$2a$10$gSAhZrxMllrbgj/kkK9UceBPpChGWJA7SYIb1Mqo.n5aNLq1/oRrC','José Manuel','Andión Fernández','11','','gl',NULL,NULL,'system','2016-12-28 17:46:55',NULL,NULL,NULL,'47351819V'),(12,'12','$2a$10$gSAhZrxMllrbgj/kkK9UceBPpChGWJA7SYIb1Mqo.n5aNLq1/oRrC','Diego','Andrade Canosa','12','','gl',NULL,NULL,'system','2016-12-28 17:46:55',NULL,NULL,NULL,'46897798Q'),(13,'13','$2a$10$gSAhZrxMllrbgj/kkK9UceBPpChGWJA7SYIb1Mqo.n5aNLq1/oRrC','Javier','Andrade Garda','13','','gl',NULL,NULL,'system','2016-12-28 17:46:55',NULL,NULL,NULL,'32819736R'),(14,'14','$2a$10$gSAhZrxMllrbgj/kkK9UceBPpChGWJA7SYIb1Mqo.n5aNLq1/oRrC','Germán','Aneiros Pérez','14','','gl',NULL,NULL,'system','2016-12-28 17:46:55',NULL,NULL,NULL,'76409696Q'),(15,'15','$2a$10$gSAhZrxMllrbgj/kkK9UceBPpChGWJA7SYIb1Mqo.n5aNLq1/oRrC','Cristina','Anido Martínez','15','','gl',NULL,NULL,'system','2016-12-28 17:46:55',NULL,NULL,NULL,'33538055F'),(16,'16','$2a$10$gSAhZrxMllrbgj/kkK9UceBPpChGWJA7SYIb1Mqo.n5aNLq1/oRrC','Bernardino','Arcay Varela','16','','gl',NULL,NULL,'system','2016-12-28 17:46:55',NULL,NULL,NULL,'32774178Y'),(17,'17','$2a$10$gSAhZrxMllrbgj/kkK9UceBPpChGWJA7SYIb1Mqo.n5aNLq1/oRrC','Manuel Carlos','Arenaz Silva','17','','gl',NULL,NULL,'system','2016-12-28 17:46:55',NULL,NULL,NULL,'35457674T'),(18,'18','$2a$10$gSAhZrxMllrbgj/kkK9UceBPpChGWJA7SYIb1Mqo.n5aNLq1/oRrC','Juan Manuel','Ares Casal','18','','gl',NULL,NULL,'system','2016-12-28 17:46:55',NULL,NULL,NULL,'33219880Z'),(19,'19','$2a$10$gSAhZrxMllrbgj/kkK9UceBPpChGWJA7SYIb1Mqo.n5aNLq1/oRrC','Íñigo','Arregui Álvarez','inigo.arregui.at.udc.es','','gl',NULL,NULL,'system','2016-12-28 17:46:55',NULL,NULL,NULL,'13117182Y'),(20,'20','$2a$10$gSAhZrxMllrbgj/kkK9UceBPpChGWJA7SYIb1Mqo.n5aNLq1/oRrC','Alfonso','Ballesteros Soriano','20','','gl',NULL,NULL,'system','2016-12-28 17:46:55',NULL,NULL,NULL,'44523952T'),(21,'21','$2a$10$gSAhZrxMllrbgj/kkK9UceBPpChGWJA7SYIb1Mqo.n5aNLq1/oRrC','Sebastián Luis','Bamonde Rodríguez','21','','gl',NULL,NULL,'system','2016-12-28 17:46:55',NULL,NULL,NULL,'32390128X'),(22,'22','$2a$10$gSAhZrxMllrbgj/kkK9UceBPpChGWJA7SYIb1Mqo.n5aNLq1/oRrC','José María','Barja Pérez','22','','gl',NULL,NULL,'system','2016-12-28 17:46:55',NULL,NULL,NULL,'33203140H'),(23,'23','$2a$10$gSAhZrxMllrbgj/kkK9UceBPpChGWJA7SYIb1Mqo.n5aNLq1/oRrC','Noelia','Barreira Rodríguez','23','','gl',NULL,NULL,'system','2016-12-28 17:46:55',NULL,NULL,NULL,'33346165Y'),(24,'24','$2a$10$gSAhZrxMllrbgj/kkK9UceBPpChGWJA7SYIb1Mqo.n5aNLq1/oRrC','Manuel','Barreiro Álvarez','24','','gl',NULL,NULL,'system','2016-12-28 17:46:55',NULL,NULL,NULL,'32426807G'),(25,'25','$2a$10$gSAhZrxMllrbgj/kkK9UceBPpChGWJA7SYIb1Mqo.n5aNLq1/oRrC','Álvaro','Barreiro García','25','','gl',NULL,NULL,'system','2016-12-28 17:46:55',NULL,NULL,NULL,'33258092T'),(26,'26','$2a$10$gSAhZrxMllrbgj/kkK9UceBPpChGWJA7SYIb1Mqo.n5aNLq1/oRrC','José Antonio','Becerra Permuy','26','','gl',NULL,NULL,'system','2016-12-28 17:46:55',NULL,NULL,NULL,'32663236Q'),(27,'27','$2a$10$gSAhZrxMllrbgj/kkK9UceBPpChGWJA7SYIb1Mqo.n5aNLq1/oRrC','Francisco Javier','Bellas Bouza','27','','gl',NULL,NULL,'system','2016-12-28 17:46:55',NULL,NULL,NULL,'32675510P'),(28,'28','$2a$10$gSAhZrxMllrbgj/kkK9UceBPpChGWJA7SYIb1Mqo.n5aNLq1/oRrC','Fernando','Bellas Permuy','28','','gl',NULL,NULL,'system','2016-12-28 17:46:55',NULL,NULL,NULL,'76412005W'),(29,'29','$2a$10$gSAhZrxMllrbgj/kkK9UceBPpChGWJA7SYIb1Mqo.n5aNLq1/oRrC','Antonio Ángel','Blanco Ferro','29','','gl',NULL,NULL,'system','2016-12-28 17:46:55',NULL,NULL,NULL,'33212970G'),(30,'30','$2a$10$gSAhZrxMllrbgj/kkK9UceBPpChGWJA7SYIb1Mqo.n5aNLq1/oRrC','Lucía','Boedo Vilabella','30','','gl',NULL,NULL,'system','2016-12-28 17:46:55',NULL,NULL,NULL,'32792142F'),(31,'31','$2a$10$gSAhZrxMllrbgj/kkK9UceBPpChGWJA7SYIb1Mqo.n5aNLq1/oRrC','María del Carmen','Bóveda Álvarez','31','','gl',NULL,NULL,'system','2016-12-28 17:46:55',NULL,NULL,NULL,'34955644Z'),(32,'32','$2a$10$gSAhZrxMllrbgj/kkK9UceBPpChGWJA7SYIb1Mqo.n5aNLq1/oRrC','Julio Claudio','Bregains Rodríguez','32','','gl',NULL,NULL,'system','2016-12-28 17:46:55',NULL,NULL,NULL,'49401083G'),(33,'33','$2a$10$gSAhZrxMllrbgj/kkK9UceBPpChGWJA7SYIb1Mqo.n5aNLq1/oRrC','José Pedro','Cabalar Fernández','33','','gl',NULL,NULL,'system','2016-12-28 17:46:55',NULL,NULL,NULL,'32655069Z'),(34,'34','$2a$10$gSAhZrxMllrbgj/kkK9UceBPpChGWJA7SYIb1Mqo.n5aNLq1/oRrC','Mariano Javier','Cabrero Canosa','34','','gl',NULL,NULL,'system','2016-12-28 17:46:55',NULL,NULL,NULL,'34888669S'),(35,'35','$2a$10$gSAhZrxMllrbgj/kkK9UceBPpChGWJA7SYIb1Mqo.n5aNLq1/oRrC','David','Cabrero Souto','35','','gl',NULL,NULL,'system','2016-12-28 17:46:55',NULL,NULL,NULL,'44125689M'),(36,'36','$2a$10$gSAhZrxMllrbgj/kkK9UceBPpChGWJA7SYIb1Mqo.n5aNLq1/oRrC','Fidel','Cacheda Seijo','36','','gl',NULL,NULL,'system','2016-12-28 17:46:55',NULL,NULL,NULL,'32810647C'),(37,'37','$2a$10$gSAhZrxMllrbgj/kkK9UceBPpChGWJA7SYIb1Mqo.n5aNLq1/oRrC','Lydia María','Campos Pereiro','37','','gl',NULL,NULL,'system','2016-12-28 17:46:55',NULL,NULL,NULL,'36092707A'),(38,'38','$2a$10$gSAhZrxMllrbgj/kkK9UceBPpChGWJA7SYIb1Mqo.n5aNLq1/oRrC','Ricardo','Cao Abad','38','','gl',NULL,NULL,'system','2016-12-28 17:46:55',NULL,NULL,NULL,'32769018K'),(39,'39','$2a$10$gSAhZrxMllrbgj/kkK9UceBPpChGWJA7SYIb1Mqo.n5aNLq1/oRrC','Adrián','Carballal Mato','39','','gl',NULL,NULL,'system','2016-12-28 17:46:55',NULL,NULL,NULL,'33540603W'),(40,'40','$2a$10$gSAhZrxMllrbgj/kkK9UceBPpChGWJA7SYIb1Mqo.n5aNLq1/oRrC','Víctor Manuel','Carneiro Díaz','40','','gl',NULL,NULL,'system','2016-12-28 17:46:55',NULL,NULL,NULL,'32796842S'),(41,'41','$2a$10$gSAhZrxMllrbgj/kkK9UceBPpChGWJA7SYIb1Mqo.n5aNLq1/oRrC','María Luisa','Carpente Rodríguez','41','','gl',NULL,NULL,'system','2016-12-28 17:46:55',NULL,NULL,NULL,'32670819D'),(42,'42','$2a$10$gSAhZrxMllrbgj/kkK9UceBPpChGWJA7SYIb1Mqo.n5aNLq1/oRrC','José María','Casanova Crespo','42','','gl',NULL,NULL,'system','2016-12-28 17:46:55',NULL,NULL,NULL,'76926054R'),(43,'43','$2a$10$gSAhZrxMllrbgj/kkK9UceBPpChGWJA7SYIb1Mqo.n5aNLq1/oRrC','Luis','Castedo Ribas','43','','gl',NULL,NULL,'system','2016-12-28 17:46:55',NULL,NULL,NULL,'33259610T'),(44,'44','$2a$10$gSAhZrxMllrbgj/kkK9UceBPpChGWJA7SYIb1Mqo.n5aNLq1/oRrC','Paula María','Castro Castro','44','','gl',NULL,NULL,'system','2016-12-28 17:46:55',NULL,NULL,NULL,'76415249A'),(45,'45','$2a$10$gSAhZrxMllrbgj/kkK9UceBPpChGWJA7SYIb1Mqo.n5aNLq1/oRrC','Alfonso','Castro Martínez','45','','gl',NULL,NULL,'system','2016-12-28 17:46:55',NULL,NULL,NULL,'32806102Y'),(46,'46','$2a$10$gSAhZrxMllrbgj/kkK9UceBPpChGWJA7SYIb1Mqo.n5aNLq1/oRrC','Laura Milagros','Castro Souto','46','','gl',NULL,NULL,'system','2016-12-28 17:46:55',NULL,NULL,NULL,'11838586A'),(47,'47','$2a$10$gSAhZrxMllrbgj/kkK9UceBPpChGWJA7SYIb1Mqo.n5aNLq1/oRrC','José Jesús','Cendán Verdes','47','','gl',NULL,NULL,'system','2016-12-28 17:46:55',NULL,NULL,NULL,'32761321Y'),(48,'48','$2a$10$gSAhZrxMllrbgj/kkK9UceBPpChGWJA7SYIb1Mqo.n5aNLq1/oRrC','Ana Belén','Cerdeira Pena','48','','gl',NULL,NULL,'system','2016-12-28 17:46:55',NULL,NULL,NULL,'47351890L'),(49,'49','$2a$10$gSAhZrxMllrbgj/kkK9UceBPpChGWJA7SYIb1Mqo.n5aNLq1/oRrC','Julián','Costa Bouzas','49','','gl',NULL,NULL,'system','2016-12-28 17:46:55',NULL,NULL,NULL,'33270994E'),(50,'50','$2a$10$gSAhZrxMllrbgj/kkK9UceBPpChGWJA7SYIb1Mqo.n5aNLq1/oRrC','María Cristina','Costoya Ramos','50','','gl',NULL,NULL,'system','2016-12-28 17:46:55',NULL,NULL,NULL,'78791529S'),(51,'51','$2a$10$gSAhZrxMllrbgj/kkK9UceBPpChGWJA7SYIb1Mqo.n5aNLq1/oRrC','José Carlos','Dafonte Vázquez','51','','gl',NULL,NULL,'system','2016-12-28 17:46:55',NULL,NULL,NULL,'76620329S'),(52,'52','$2a$10$gSAhZrxMllrbgj/kkK9UceBPpChGWJA7SYIb1Mqo.n5aNLq1/oRrC','Adriana','Dapena Janeiro','52','','gl',NULL,NULL,'system','2016-12-28 17:46:55',NULL,NULL,NULL,'76819583C'),(53,'53','$2a$10$gSAhZrxMllrbgj/kkK9UceBPpChGWJA7SYIb1Mqo.n5aNLq1/oRrC','Fernando','De Llano Paz','53','','gl',NULL,NULL,'system','2016-12-28 17:46:55',NULL,NULL,NULL,'46902830B'),(54,'54','$2a$10$gSAhZrxMllrbgj/kkK9UceBPpChGWJA7SYIb1Mqo.n5aNLq1/oRrC','Ramón','Doallo Biempica','54','','gl',NULL,NULL,'system','2016-12-28 17:46:55',NULL,NULL,NULL,'32763225R'),(55,'55','$2a$10$gSAhZrxMllrbgj/kkK9UceBPpChGWJA7SYIb1Mqo.n5aNLq1/oRrC','José Luis','Doncel Juárez','55','','gl',NULL,NULL,'system','2016-12-28 17:46:55',NULL,NULL,NULL,'43007886W'),(56,'56','$2a$10$gSAhZrxMllrbgj/kkK9UceBPpChGWJA7SYIb1Mqo.n5aNLq1/oRrC','Julián','Dorado de la Calle','56','','gl',NULL,NULL,'system','2016-12-28 17:46:55',NULL,NULL,NULL,'33320952R'),(57,'57','$2a$10$gSAhZrxMllrbgj/kkK9UceBPpChGWJA7SYIb1Mqo.n5aNLq1/oRrC','Carlos José','Escudero Cascón','57','','gl',NULL,NULL,'system','2016-12-28 17:46:55',NULL,NULL,NULL,'35310835Q'),(58,'58','$2a$10$gSAhZrxMllrbgj/kkK9UceBPpChGWJA7SYIb1Mqo.n5aNLq1/oRrC','Antonio','Fariña Martínez','58','','gl',NULL,NULL,'system','2016-12-28 17:46:55',NULL,NULL,NULL,'32842513P'),(59,'59','$2a$10$gSAhZrxMllrbgj/kkK9UceBPpChGWJA7SYIb1Mqo.n5aNLq1/oRrC','Enrique','Fernández Blanco','59','','gl',NULL,NULL,'system','2016-12-28 17:46:55',NULL,NULL,NULL,'36170045S'),(60,'60','$2a$10$gSAhZrxMllrbgj/kkK9UceBPpChGWJA7SYIb1Mqo.n5aNLq1/oRrC','Tiago Manuel','Fernández Caramés','60','','gl',NULL,NULL,'system','2016-12-28 17:46:55',NULL,NULL,NULL,'46905417E'),(61,'61','$2a$10$gSAhZrxMllrbgj/kkK9UceBPpChGWJA7SYIb1Mqo.n5aNLq1/oRrC','Rubén','Fernández Casal','61','','gl',NULL,NULL,'system','2016-12-28 17:46:55',NULL,NULL,NULL,'33317724Q'),(62,'62','$2a$10$gSAhZrxMllrbgj/kkK9UceBPpChGWJA7SYIb1Mqo.n5aNLq1/oRrC','Diego','Fernández Iglesias','62','','gl',NULL,NULL,'system','2016-12-28 17:46:55',NULL,NULL,NULL,'53164224T'),(63,'63','$2a$10$gSAhZrxMllrbgj/kkK9UceBPpChGWJA7SYIb1Mqo.n5aNLq1/oRrC','Ana María','Ferreiro Ferreiro','63','','gl',NULL,NULL,'system','2016-12-28 17:46:55',NULL,NULL,NULL,'44807189S'),(64,'64','$2a$10$gSAhZrxMllrbgj/kkK9UceBPpChGWJA7SYIb1Mqo.n5aNLq1/oRrC','Óscar','Fontenla Romero','64','','gl',NULL,NULL,'system','2016-12-28 17:46:55',NULL,NULL,NULL,'32665529D'),(65,'65','$2a$10$gSAhZrxMllrbgj/kkK9UceBPpChGWJA7SYIb1Mqo.n5aNLq1/oRrC','Basilio Bernardo','Fraguela Rodríguez','65','','gl',NULL,NULL,'system','2016-12-28 17:46:55',NULL,NULL,NULL,'32660707V'),(66,'66','$2a$10$gSAhZrxMllrbgj/kkK9UceBPpChGWJA7SYIb1Mqo.n5aNLq1/oRrC','Mario','Francisco Fernández','66','','gl',NULL,NULL,'system','2016-12-28 17:46:55',NULL,NULL,NULL,'32660323R'),(67,'67','$2a$10$gSAhZrxMllrbgj/kkK9UceBPpChGWJA7SYIb1Mqo.n5aNLq1/oRrC','Ana María','Freire Veiga','67','','gl',NULL,NULL,'system','2016-12-28 17:46:55',NULL,NULL,NULL,'33348573E'),(68,'68','$2a$10$gSAhZrxMllrbgj/kkK9UceBPpChGWJA7SYIb1Mqo.n5aNLq1/oRrC','Marta','García Abel','68','','gl',NULL,NULL,'system','2016-12-28 17:46:55',NULL,NULL,NULL,'33833758E'),(69,'69','$2a$10$gSAhZrxMllrbgj/kkK9UceBPpChGWJA7SYIb1Mqo.n5aNLq1/oRrC','Ignacio Miguel','García Jurado','69','','gl',NULL,NULL,'system','2016-12-28 17:46:55',NULL,NULL,NULL,'32451391R'),(70,'70','$2a$10$gSAhZrxMllrbgj/kkK9UceBPpChGWJA7SYIb1Mqo.n5aNLq1/oRrC','Esteban','García Martín','70','','gl',NULL,NULL,'system','2016-12-28 17:46:55',NULL,NULL,NULL,'51612141A'),(71,'71','$2a$10$gSAhZrxMllrbgj/kkK9UceBPpChGWJA7SYIb1Mqo.n5aNLq1/oRrC','José Antonio','García Naya','71','','gl',NULL,NULL,'system','2016-12-28 17:46:55',NULL,NULL,NULL,'47355283P'),(72,'72','$2a$10$gSAhZrxMllrbgj/kkK9UceBPpChGWJA7SYIb1Mqo.n5aNLq1/oRrC','Rafael Carlos','García Vázquez','72','','gl',NULL,NULL,'system','2016-12-28 17:46:55',NULL,NULL,NULL,'32410024B'),(73,'73','$2a$10$gSAhZrxMllrbgj/kkK9UceBPpChGWJA7SYIb1Mqo.n5aNLq1/oRrC','Marcos','Gestal Pose','73','','gl',NULL,NULL,'system','2016-12-28 17:46:55',NULL,NULL,NULL,'32823230E'),(74,'74','$2a$10$gSAhZrxMllrbgj/kkK9UceBPpChGWJA7SYIb1Mqo.n5aNLq1/oRrC','Ángel','Gómez García','74','','gl',NULL,NULL,'system','2016-12-28 17:46:55',NULL,NULL,NULL,'78787339B'),(75,'75','$2a$10$gSAhZrxMllrbgj/kkK9UceBPpChGWJA7SYIb1Mqo.n5aNLq1/oRrC','Carlos','Gómez Rodríguez','75','','gl',NULL,NULL,'system','2016-12-28 17:46:55',NULL,NULL,NULL,'44839041N'),(76,'76','$2a$10$gSAhZrxMllrbgj/kkK9UceBPpChGWJA7SYIb1Mqo.n5aNLq1/oRrC','Luis Andrés','González Ares','76','','gl',NULL,NULL,'system','2016-12-28 17:46:55',NULL,NULL,NULL,'32628241G'),(77,'77','$2a$10$gSAhZrxMllrbgj/kkK9UceBPpChGWJA7SYIb1Mqo.n5aNLq1/oRrC','Patricia','González Gómez','77','','gl',NULL,NULL,'system','2016-12-28 17:46:55',NULL,NULL,NULL,'32816185S'),(78,'78','$2a$10$gSAhZrxMllrbgj/kkK9UceBPpChGWJA7SYIb1Mqo.n5aNLq1/oRrC','Miguel','González López','78','','gl',NULL,NULL,'system','2016-12-28 17:46:55',NULL,NULL,NULL,'44809538H'),(79,'79','$2a$10$gSAhZrxMllrbgj/kkK9UceBPpChGWJA7SYIb1Mqo.n5aNLq1/oRrC','Manuel Francisco','González Penedo','79','','gl',NULL,NULL,'system','2016-12-28 17:46:55',NULL,NULL,NULL,'32639592Q'),(80,'80','$2a$10$gSAhZrxMllrbgj/kkK9UceBPpChGWJA7SYIb1Mqo.n5aNLq1/oRrC','Julio','González Soto','80','','gl',NULL,NULL,'system','2016-12-28 17:46:55',NULL,NULL,NULL,'36011289M'),(81,'81','$2a$10$gSAhZrxMllrbgj/kkK9UceBPpChGWJA7SYIb1Mqo.n5aNLq1/oRrC','María','González Taboada','81','','gl',NULL,NULL,'system','2016-12-28 17:46:55',NULL,NULL,NULL,'09439124Q'),(82,'82','$2a$10$gSAhZrxMllrbgj/kkK9UceBPpChGWJA7SYIb1Mqo.n5aNLq1/oRrC','Jorge','Graña Gil','82','','gl',NULL,NULL,'system','2016-12-28 17:46:55',NULL,NULL,NULL,'32777924A'),(83,'83','$2a$10$gSAhZrxMllrbgj/kkK9UceBPpChGWJA7SYIb1Mqo.n5aNLq1/oRrC','Bertha María','Guijarro Berdiñas','83','','gl',NULL,NULL,'system','2016-12-28 17:46:55',NULL,NULL,NULL,'32797968Z'),(84,'84','$2a$10$gSAhZrxMllrbgj/kkK9UceBPpChGWJA7SYIb1Mqo.n5aNLq1/oRrC','Joaquín','Hernández Almaraz','84','','gl',NULL,NULL,'system','2016-12-28 17:46:55',NULL,NULL,NULL,'72169047S'),(85,'85','$2a$10$gSAhZrxMllrbgj/kkK9UceBPpChGWJA7SYIb1Mqo.n5aNLq1/oRrC','Elena María','Hernández Pereira','85','','gl',NULL,NULL,'system','2016-12-28 17:46:55',NULL,NULL,NULL,'34990128K'),(86,'86','$2a$10$gSAhZrxMllrbgj/kkK9UceBPpChGWJA7SYIb1Mqo.n5aNLq1/oRrC','Luis María','Hervella Nieto','86','','gl',NULL,NULL,'system','2016-12-28 17:46:55',NULL,NULL,NULL,'33995287E'),(87,'87','$2a$10$gSAhZrxMllrbgj/kkK9UceBPpChGWJA7SYIb1Mqo.n5aNLq1/oRrC','Daniel Ismael','Iglesia Iglesias','87','','gl',NULL,NULL,'system','2016-12-28 17:46:55',NULL,NULL,NULL,'32782731A'),(88,'88','$2a$10$gSAhZrxMllrbgj/kkK9UceBPpChGWJA7SYIb1Mqo.n5aNLq1/oRrC','María Teresa','Iglesias Otero','88','','gl',NULL,NULL,'system','2016-12-28 17:46:55',NULL,NULL,NULL,'33844738P'),(89,'89','$2a$10$gSAhZrxMllrbgj/kkK9UceBPpChGWJA7SYIb1Mqo.n5aNLq1/oRrC','José Santiago','Jorge Castro','89','','gl',NULL,NULL,'system','2016-12-28 17:46:55',NULL,NULL,NULL,'32789481Z'),(90,'90','$2a$10$gSAhZrxMllrbgj/kkK9UceBPpChGWJA7SYIb1Mqo.n5aNLq1/oRrC','Rubén','Lado Sestayo','90','','gl',NULL,NULL,'system','2016-12-28 17:46:55',NULL,NULL,NULL,'44849036W'),(91,'91','$2a$10$gSAhZrxMllrbgj/kkK9UceBPpChGWJA7SYIb1Mqo.n5aNLq1/oRrC','Susana','Ladra González','91','','gl',NULL,NULL,'system','2016-12-28 17:46:55',NULL,NULL,NULL,'44834944D'),(92,'92','$2a$10$gSAhZrxMllrbgj/kkK9UceBPpChGWJA7SYIb1Mqo.n5aNLq1/oRrC','José Juan','Lamas Seco','92','','gl',NULL,NULL,'system','2016-12-28 17:46:55',NULL,NULL,NULL,'32614559F'),(93,'93','$2a$10$gSAhZrxMllrbgj/kkK9UceBPpChGWJA7SYIb1Mqo.n5aNLq1/oRrC','María José','Lombardía Cortiña','93','','gl',NULL,NULL,'system','2016-12-28 17:46:55',NULL,NULL,NULL,'33322690Z'),(94,'94','$2a$10$gSAhZrxMllrbgj/kkK9UceBPpChGWJA7SYIb1Mqo.n5aNLq1/oRrC','Javier','López Mato','94','','gl',NULL,NULL,'system','2016-12-28 17:46:55',NULL,NULL,NULL,'76815731D'),(95,'95','$2a$10$gSAhZrxMllrbgj/kkK9UceBPpChGWJA7SYIb1Mqo.n5aNLq1/oRrC','Juan Ramón','López Rodríguez','95','','gl',NULL,NULL,'system','2016-12-28 17:46:55',NULL,NULL,NULL,'76412850L'),(96,'96','$2a$10$gSAhZrxMllrbgj/kkK9UceBPpChGWJA7SYIb1Mqo.n5aNLq1/oRrC','Guillermo','López Taboada','96','','gl',NULL,NULL,'system','2016-12-28 17:46:55',NULL,NULL,NULL,'44088774M'),(97,'97','$2a$10$gSAhZrxMllrbgj/kkK9UceBPpChGWJA7SYIb1Mqo.n5aNLq1/oRrC','Silvia María','Lorenzo Freire','97','','gl',NULL,NULL,'system','2016-12-28 17:46:55',NULL,NULL,NULL,'32680954R'),(98,'98','$2a$10$gSAhZrxMllrbgj/kkK9UceBPpChGWJA7SYIb1Mqo.n5aNLq1/oRrC','José','Losada Pérez','98','','gl',NULL,NULL,'system','2016-12-28 17:46:55',NULL,NULL,NULL,'44462901Z'),(99,'99','$2a$10$gSAhZrxMllrbgj/kkK9UceBPpChGWJA7SYIb1Mqo.n5aNLq1/oRrC','María José','Martín Santamaría','99','','gl',NULL,NULL,'system','2016-12-28 17:46:55',NULL,NULL,NULL,'32663700C'),(100,'100','$2a$10$gSAhZrxMllrbgj/kkK9UceBPpChGWJA7SYIb1Mqo.n5aNLq1/oRrC','María','Martínez Pérez','100','','gl',NULL,NULL,'system','2016-12-28 17:46:55',NULL,NULL,NULL,'34895724D'),(101,'101','$2a$10$gSAhZrxMllrbgj/kkK9UceBPpChGWJA7SYIb1Mqo.n5aNLq1/oRrC','Ramón','Miñones Crespo','101','','gl',NULL,NULL,'system','2016-12-28 17:46:55',NULL,NULL,NULL,'34887658Q'),(102,'102','$2a$10$gSAhZrxMllrbgj/kkK9UceBPpChGWJA7SYIb1Mqo.n5aNLq1/oRrC','José María','Molinelli Barba','102','','gl',NULL,NULL,'system','2016-12-28 17:46:55',NULL,NULL,NULL,'32765658L'),(103,'103','$2a$10$gSAhZrxMllrbgj/kkK9UceBPpChGWJA7SYIb1Mqo.n5aNLq1/oRrC','Juan','Monroy Camafreita','103','','gl',NULL,NULL,'system','2016-12-28 17:46:55',NULL,NULL,NULL,'53162410A'),(104,'104','$2a$10$gSAhZrxMllrbgj/kkK9UceBPpChGWJA7SYIb1Mqo.n5aNLq1/oRrC','Paula','Montoto Castelao','104','','gl',NULL,NULL,'system','2016-12-28 17:46:55',NULL,NULL,NULL,'35323402W'),(105,'105','$2a$10$gSAhZrxMllrbgj/kkK9UceBPpChGWJA7SYIb1Mqo.n5aNLq1/oRrC','Vicente','Moret Bonillo','105','','gl',NULL,NULL,'system','2016-12-28 17:46:55',NULL,NULL,NULL,'32746092A'),(106,'106','$2a$10$gSAhZrxMllrbgj/kkK9UceBPpChGWJA7SYIb1Mqo.n5aNLq1/oRrC','Eduardo','Mosqueira Rey','106','','gl',NULL,NULL,'system','2016-12-28 17:46:55',NULL,NULL,NULL,'32805695J'),(107,'107','$2a$10$gSAhZrxMllrbgj/kkK9UceBPpChGWJA7SYIb1Mqo.n5aNLq1/oRrC','Cristian Robert','Munteanu','107','','gl',NULL,NULL,'system','2016-12-28 17:46:55',NULL,NULL,NULL,'X4541639J'),(108,'108','$2a$10$gSAhZrxMllrbgj/kkK9UceBPpChGWJA7SYIb1Mqo.n5aNLq1/oRrC','Jorge','Novo Buján','108','','gl',NULL,NULL,'system','2016-12-28 17:46:55',NULL,NULL,NULL,'44842332Z'),(109,'109','$2a$10$gSAhZrxMllrbgj/kkK9UceBPpChGWJA7SYIb1Mqo.n5aNLq1/oRrC','Francisco Javier','Nóvoa de Manuel','109','','gl',NULL,NULL,'system','2016-12-28 17:46:55',NULL,NULL,NULL,'44445744S'),(110,'110','$2a$10$gSAhZrxMllrbgj/kkK9UceBPpChGWJA7SYIb1Mqo.n5aNLq1/oRrC','Marcos','Ortega Hortas','110','','gl',NULL,NULL,'system','2016-12-28 17:46:55',NULL,NULL,NULL,'53164654Q'),(111,'111','$2a$10$gSAhZrxMllrbgj/kkK9UceBPpChGWJA7SYIb1Mqo.n5aNLq1/oRrC','Emilio José','Padrón González','111','','gl',NULL,NULL,'system','2016-12-28 17:46:55',NULL,NULL,NULL,'44447628J'),(112,'112','$2a$10$gSAhZrxMllrbgj/kkK9UceBPpChGWJA7SYIb1Mqo.n5aNLq1/oRrC','Carlos Alberto','Pan Bermúdez','112','','gl',NULL,NULL,'system','2016-12-28 17:46:55',NULL,NULL,NULL,'32789281K'),(113,'113','$2a$10$gSAhZrxMllrbgj/kkK9UceBPpChGWJA7SYIb1Mqo.n5aNLq1/oRrC','José Ramón','Paramá Gabia','113','','gl',NULL,NULL,'system','2016-12-28 17:46:55',NULL,NULL,NULL,'32661886T'),(114,'114','$2a$10$gSAhZrxMllrbgj/kkK9UceBPpChGWJA7SYIb1Mqo.n5aNLq1/oRrC','Javier','Parapar López','114','','gl',NULL,NULL,'system','2016-12-28 17:46:55',NULL,NULL,NULL,'32699879C'),(115,'115','$2a$10$gSAhZrxMllrbgj/kkK9UceBPpChGWJA7SYIb1Mqo.n5aNLq1/oRrC','Xoán Carlos','Pardo Martínez','115','','gl',NULL,NULL,'system','2016-12-28 17:46:55',NULL,NULL,NULL,'36089156V'),(116,'116','$2a$10$gSAhZrxMllrbgj/kkK9UceBPpChGWJA7SYIb1Mqo.n5aNLq1/oRrC','Javier','París Fernández','116','','gl',NULL,NULL,'system','2016-12-28 17:46:55',NULL,NULL,NULL,'32679394M'),(117,'117','$2a$10$gSAhZrxMllrbgj/kkK9UceBPpChGWJA7SYIb1Mqo.n5aNLq1/oRrC','Alejandro','Pazos Sierra','117','','gl',NULL,NULL,'system','2016-12-28 17:46:55',NULL,NULL,NULL,'33243360B'),(118,'118','$2a$10$gSAhZrxMllrbgj/kkK9UceBPpChGWJA7SYIb1Mqo.n5aNLq1/oRrC','Óscar','Pedreira Fernández','118','','gl',NULL,NULL,'system','2016-12-28 17:46:55',NULL,NULL,NULL,'47361573L'),(119,'119','$2a$10$gSAhZrxMllrbgj/kkK9UceBPpChGWJA7SYIb1Mqo.n5aNLq1/oRrC','María de las Nieves','Pedreira Souto','119','','gl',NULL,NULL,'system','2016-12-28 17:46:55',NULL,NULL,NULL,'34888392Z'),(120,'120','$2a$10$gSAhZrxMllrbgj/kkK9UceBPpChGWJA7SYIb1Mqo.n5aNLq1/oRrC','David Olegario','Peón Pose','120','','gl',NULL,NULL,'system','2016-12-28 17:46:55',NULL,NULL,NULL,'44078038X'),(121,'121','$2a$10$gSAhZrxMllrbgj/kkK9UceBPpChGWJA7SYIb1Mqo.n5aNLq1/oRrC','Ramón','Pérez Otero','121','','gl',NULL,NULL,'system','2016-12-28 17:46:55',NULL,NULL,NULL,'34938720H'),(122,'122','$2a$10$gSAhZrxMllrbgj/kkK9UceBPpChGWJA7SYIb1Mqo.n5aNLq1/oRrC','Beatriz','Pérez Sánchez','122','','gl',NULL,NULL,'system','2016-12-28 17:46:55',NULL,NULL,NULL,'32826507X'),(123,'123','$2a$10$gSAhZrxMllrbgj/kkK9UceBPpChGWJA7SYIb1Mqo.n5aNLq1/oRrC','Gilberto','Pérez Vega','123','','gl',NULL,NULL,'system','2016-12-28 17:46:55',NULL,NULL,NULL,'34248955T'),(124,'124','$2a$10$gSAhZrxMllrbgj/kkK9UceBPpChGWJA7SYIb1Mqo.n5aNLq1/oRrC','Juan','Porta Trinidad','124','','gl',NULL,NULL,'system','2016-12-28 17:46:55',NULL,NULL,NULL,'35573642W'),(125,'125','$2a$10$gSAhZrxMllrbgj/kkK9UceBPpChGWJA7SYIb1Mqo.n5aNLq1/oRrC','Ana Belén','Porto Pazos','125','','gl',NULL,NULL,'system','2016-12-28 17:46:55',NULL,NULL,NULL,'79316274S'),(126,'126','$2a$10$gSAhZrxMllrbgj/kkK9UceBPpChGWJA7SYIb1Mqo.n5aNLq1/oRrC','Manuel Antonio','Presedo Quindimil','126','','gl',NULL,NULL,'system','2016-12-28 17:46:55',NULL,NULL,NULL,'32751892F'),(127,'127','$2a$10$gSAhZrxMllrbgj/kkK9UceBPpChGWJA7SYIb1Mqo.n5aNLq1/oRrC','Andrés','Prieto Aneiros','127','','gl',NULL,NULL,'system','2016-12-28 17:46:55',NULL,NULL,NULL,'32685626G'),(128,'128','$2a$10$gSAhZrxMllrbgj/kkK9UceBPpChGWJA7SYIb1Mqo.n5aNLq1/oRrC','Juan José','Quintela Carreira','128','','gl',NULL,NULL,'system','2016-12-28 17:46:55',NULL,NULL,NULL,'78790467B'),(129,'129','$2a$10$gSAhZrxMllrbgj/kkK9UceBPpChGWJA7SYIb1Mqo.n5aNLq1/oRrC','Alejandro','Quintela del Río','129','','gl',NULL,NULL,'system','2016-12-28 17:46:55',NULL,NULL,NULL,'32765231Y'),(130,'130','$2a$10$gSAhZrxMllrbgj/kkK9UceBPpChGWJA7SYIb1Mqo.n5aNLq1/oRrC','Pablo','Quintía Vidal','130','','gl',NULL,NULL,'system','2016-12-28 17:46:55',NULL,NULL,NULL,'32701792R'),(131,'131','$2a$10$gSAhZrxMllrbgj/kkK9UceBPpChGWJA7SYIb1Mqo.n5aNLq1/oRrC','Juan Ramón','Rabuñal Dopico','131','','gl',NULL,NULL,'system','2016-12-28 17:46:55',NULL,NULL,NULL,'32806682B'),(132,'132','$2a$10$gSAhZrxMllrbgj/kkK9UceBPpChGWJA7SYIb1Mqo.n5aNLq1/oRrC','Sabela','Ramos Garea','132','','gl',NULL,NULL,'system','2016-12-28 17:46:55',NULL,NULL,NULL,'78800023E'),(133,'133','$2a$10$gSAhZrxMllrbgj/kkK9UceBPpChGWJA7SYIb1Mqo.n5aNLq1/oRrC','Juan','Raposo Santiago','133','','gl',NULL,NULL,'system','2016-12-28 17:46:55',NULL,NULL,NULL,'32831653G'),(134,'134','$2a$10$gSAhZrxMllrbgj/kkK9UceBPpChGWJA7SYIb1Mqo.n5aNLq1/oRrC','Daniel','Rivero Cebrián','134','','gl',NULL,NULL,'system','2016-12-28 17:46:55',NULL,NULL,NULL,'32845609E'),(135,'135','$2a$10$gSAhZrxMllrbgj/kkK9UceBPpChGWJA7SYIb1Mqo.n5aNLq1/oRrC','Gabriel','Rodríguez Álvarez','135','','gl',NULL,NULL,'system','2016-12-28 17:46:55',NULL,NULL,NULL,'33349311R'),(136,'136','$2a$10$gSAhZrxMllrbgj/kkK9UceBPpChGWJA7SYIb1Mqo.n5aNLq1/oRrC','Nieves','Rodríguez Brisaboa','136','','gl',NULL,NULL,'system','2016-12-28 17:46:55',NULL,NULL,NULL,'51335148E'),(137,'137','$2a$10$gSAhZrxMllrbgj/kkK9UceBPpChGWJA7SYIb1Mqo.n5aNLq1/oRrC','Miguel Ángel','Rodríguez Luaces','137','','gl',NULL,NULL,'system','2016-12-28 17:46:55',NULL,NULL,NULL,'32677332J'),(138,'138','$2a$10$gSAhZrxMllrbgj/kkK9UceBPpChGWJA7SYIb1Mqo.n5aNLq1/oRrC','Roberto','Rodríguez Osorio','138','','gl',NULL,NULL,'system','2016-12-28 17:46:55',NULL,NULL,NULL,'33292554P'),(139,'139','$2a$10$gSAhZrxMllrbgj/kkK9UceBPpChGWJA7SYIb1Mqo.n5aNLq1/oRrC','Miguel','Rodríguez Penabad','139','','gl',NULL,NULL,'system','2016-12-28 17:46:55',NULL,NULL,NULL,'77592136A'),(140,'140','$2a$10$gSAhZrxMllrbgj/kkK9UceBPpChGWJA7SYIb1Mqo.n5aNLq1/oRrC','Miguel José','Rodríguez Rubio','140','','gl',NULL,NULL,'system','2016-12-28 17:46:55',NULL,NULL,NULL,'10543763B'),(141,'141','$2a$10$gSAhZrxMllrbgj/kkK9UceBPpChGWJA7SYIb1Mqo.n5aNLq1/oRrC','Santiago','Rodríguez Yáñez','141','','gl',NULL,NULL,'system','2016-12-28 17:46:55',NULL,NULL,NULL,'34892356E'),(142,'142','$2a$10$gSAhZrxMllrbgj/kkK9UceBPpChGWJA7SYIb1Mqo.n5aNLq1/oRrC','María de los Ángeles','Saavedra Places','142','','gl',NULL,NULL,'system','2016-12-28 17:46:55',NULL,NULL,NULL,'76965170V'),(143,'143','$2a$10$gSAhZrxMllrbgj/kkK9UceBPpChGWJA7SYIb1Mqo.n5aNLq1/oRrC','María Noelia','Sánchez Maroño','143','','gl',NULL,NULL,'system','2016-12-28 17:46:55',NULL,NULL,NULL,'32672558T'),(144,'144','$2a$10$gSAhZrxMllrbgj/kkK9UceBPpChGWJA7SYIb1Mqo.n5aNLq1/oRrC','Juan José','Sánchez Penas','144','','gl',NULL,NULL,'system','2016-12-28 17:46:55',NULL,NULL,NULL,'32806920L'),(145,'145','$2a$10$gSAhZrxMllrbgj/kkK9UceBPpChGWJA7SYIb1Mqo.n5aNLq1/oRrC','José Rodrigo','Sanjurjo Amado','145','','gl',NULL,NULL,'system','2016-12-28 17:46:55',NULL,NULL,NULL,'32776056K'),(146,'146','$2a$10$gSAhZrxMllrbgj/kkK9UceBPpChGWJA7SYIb1Mqo.n5aNLq1/oRrC','Antonino','Santos del Riego','146','','gl',NULL,NULL,'system','2016-12-28 17:46:55',NULL,NULL,NULL,'10070506W'),(147,'147','$2a$10$gSAhZrxMllrbgj/kkK9UceBPpChGWJA7SYIb1Mqo.n5aNLq1/oRrC','José','Santos Reyes','147','','gl',NULL,NULL,'system','2016-12-28 17:46:55',NULL,NULL,NULL,'52431874Q'),(148,'148','$2a$10$gSAhZrxMllrbgj/kkK9UceBPpChGWJA7SYIb1Mqo.n5aNLq1/oRrC','María José','Souto Salorio','148','','gl',NULL,NULL,'system','2016-12-28 17:46:55',NULL,NULL,NULL,'32748326Y'),(149,'149','$2a$10$gSAhZrxMllrbgj/kkK9UceBPpChGWJA7SYIb1Mqo.n5aNLq1/oRrC','Sonia María','Suárez Garaboa','149','','gl',NULL,NULL,'system','2016-12-28 17:46:55',NULL,NULL,NULL,'53166093Y'),(150,'150','$2a$10$gSAhZrxMllrbgj/kkK9UceBPpChGWJA7SYIb1Mqo.n5aNLq1/oRrC','David','Alonso Ríos','150','','gl',NULL,NULL,'system','2016-12-28 17:46:55',NULL,NULL,NULL,'44160775Q'),(151,'151','$2a$10$gSAhZrxMllrbgj/kkK9UceBPpChGWJA7SYIb1Mqo.n5aNLq1/oRrC','Alberto','Valderruten Vidal','151','','gl',NULL,NULL,'system','2016-12-28 17:46:55',NULL,NULL,NULL,'46917743C'),(152,'152','$2a$10$gSAhZrxMllrbgj/kkK9UceBPpChGWJA7SYIb1Mqo.n5aNLq1/oRrC','Francisco Javier','Vázquez Araújo','152','','gl',NULL,NULL,'system','2016-12-28 17:46:55',NULL,NULL,NULL,'53167575Q'),(153,'153','$2a$10$gSAhZrxMllrbgj/kkK9UceBPpChGWJA7SYIb1Mqo.n5aNLq1/oRrC','Carlos','Vázquez Cendón','153','','gl',NULL,NULL,'system','2016-12-28 17:46:55',NULL,NULL,NULL,'34946083K'),(154,'154','$2a$10$gSAhZrxMllrbgj/kkK9UceBPpChGWJA7SYIb1Mqo.n5aNLq1/oRrC','José Manuel','Vázquez Naya','154','','gl',NULL,NULL,'system','2016-12-28 17:46:55',NULL,NULL,NULL,'46909975A'),(155,'155','$2a$10$gSAhZrxMllrbgj/kkK9UceBPpChGWJA7SYIb1Mqo.n5aNLq1/oRrC','Carlos','Vázquez Regueiro','155','','gl',NULL,NULL,'system','2016-12-28 17:46:55',NULL,NULL,NULL,'33282034E'),(156,'156','$2a$10$gSAhZrxMllrbgj/kkK9UceBPpChGWJA7SYIb1Mqo.n5aNLq1/oRrC','Concepción','Vidal Martín','156','','gl',NULL,NULL,'system','2016-12-28 17:46:55',NULL,NULL,NULL,'35303358Z'),(157,'157','$2a$10$gSAhZrxMllrbgj/kkK9UceBPpChGWJA7SYIb1Mqo.n5aNLq1/oRrC','Ana María','Vieites Rodríguez','157','','gl',NULL,NULL,'system','2016-12-28 17:46:55',NULL,NULL,NULL,'33289314B'),(158,'158','$2a$10$gSAhZrxMllrbgj/kkK9UceBPpChGWJA7SYIb1Mqo.n5aNLq1/oRrC','José Antonio','Vilar Fernández','158','','gl',NULL,NULL,'system','2016-12-28 17:46:55',NULL,NULL,NULL,'32639957J'),(159,'159','$2a$10$gSAhZrxMllrbgj/kkK9UceBPpChGWJA7SYIb1Mqo.n5aNLq1/oRrC','Juan Manuel','Vilar Fernández','159','','gl',NULL,NULL,'system','2016-12-28 17:46:55',NULL,NULL,NULL,'32619246W'),(160,'160','$2a$10$gSAhZrxMllrbgj/kkK9UceBPpChGWJA7SYIb1Mqo.n5aNLq1/oRrC','Jesús','Vilares Ferro','160','','gl',NULL,NULL,'system','2016-12-28 17:46:55',NULL,NULL,NULL,'36111593Y'),(161,'161','$2a$10$gSAhZrxMllrbgj/kkK9UceBPpChGWJA7SYIb1Mqo.n5aNLq1/oRrC','Luis','Vilariño García','161','','gl',NULL,NULL,'system','2016-12-28 17:46:55',NULL,NULL,NULL,'33330999C'),(162,'162','$2a$10$gSAhZrxMllrbgj/kkK9UceBPpChGWJA7SYIb1Mqo.n5aNLq1/oRrC','Antonio Fermín','Yáñez Izquierdo','162','','gl',NULL,NULL,'system','2016-12-28 17:46:55',NULL,NULL,NULL,'32634032E'),(163,'163','$2a$10$gSAhZrxMllrbgj/kkK9UceBPpChGWJA7SYIb1Mqo.n5aNLq1/oRrC','Vanesa','Aguiar Pulido','163','','gl',NULL,NULL,'system','2016-12-28 17:46:55',NULL,NULL,NULL,''),(164,'164','$2a$10$gSAhZrxMllrbgj/kkK9UceBPpChGWJA7SYIb1Mqo.n5aNLq1/oRrC','Sandra','Álvarez García','164','','gl',NULL,NULL,'system','2016-12-28 17:46:55',NULL,NULL,NULL,''),(165,'165','$2a$10$gSAhZrxMllrbgj/kkK9UceBPpChGWJA7SYIb1Mqo.n5aNLq1/oRrC','Alicia','Anido Sueiro','165','','gl',NULL,NULL,'system','2016-12-28 17:46:55',NULL,NULL,NULL,''),(166,'166','$2a$10$gSAhZrxMllrbgj/kkK9UceBPpChGWJA7SYIb1Mqo.n5aNLq1/oRrC','Brais','Arias Río','166','','gl',NULL,NULL,'system','2016-12-28 17:46:55',NULL,NULL,NULL,''),(167,'167','$2a$10$gSAhZrxMllrbgj/kkK9UceBPpChGWJA7SYIb1Mqo.n5aNLq1/oRrC','Marta','Balado Tarrela','167','','gl',NULL,NULL,'system','2016-12-28 17:46:55',NULL,NULL,NULL,''),(168,'168','$2a$10$gSAhZrxMllrbgj/kkK9UceBPpChGWJA7SYIb1Mqo.n5aNLq1/oRrC','Valentín','Barral Vales','168','','gl',NULL,NULL,'system','2016-12-28 17:46:55',NULL,NULL,NULL,''),(169,'169','$2a$10$gSAhZrxMllrbgj/kkK9UceBPpChGWJA7SYIb1Mqo.n5aNLq1/oRrC','Pilar','Bello Neira','169','','gl',NULL,NULL,'system','2016-12-28 17:46:55',NULL,NULL,NULL,''),(170,'170','$2a$10$gSAhZrxMllrbgj/kkK9UceBPpChGWJA7SYIb1Mqo.n5aNLq1/oRrC','Verónica','Bolón Canedo','170','','gl',NULL,NULL,'system','2016-12-28 17:46:55',NULL,NULL,NULL,''),(171,'171','$2a$10$gSAhZrxMllrbgj/kkK9UceBPpChGWJA7SYIb1Mqo.n5aNLq1/oRrC','Elena','Botana de Castro','171','','gl',NULL,NULL,'system','2016-12-28 17:46:55',NULL,NULL,NULL,''),(172,'172','$2a$10$gSAhZrxMllrbgj/kkK9UceBPpChGWJA7SYIb1Mqo.n5aNLq1/oRrC','Pablo','Cabaleiro Cerviño','172','','gl',NULL,NULL,'system','2016-12-28 17:46:55',NULL,NULL,NULL,''),(173,'173','$2a$10$gSAhZrxMllrbgj/kkK9UceBPpChGWJA7SYIb1Mqo.n5aNLq1/oRrC','Pablo','Calviño Padín','173','','gl',NULL,NULL,'system','2016-12-28 17:46:55',NULL,NULL,NULL,''),(174,'174','$2a$10$gSAhZrxMllrbgj/kkK9UceBPpChGWJA7SYIb1Mqo.n5aNLq1/oRrC','Angel','Carro Lagoa','174','','gl',NULL,NULL,'system','2016-12-28 17:46:55',NULL,NULL,NULL,''),(175,'175','$2a$10$gSAhZrxMllrbgj/kkK9UceBPpChGWJA7SYIb1Mqo.n5aNLq1/oRrC','Ramón','Casares Porto','175','','gl',NULL,NULL,'system','2016-12-28 17:46:55',NULL,NULL,NULL,''),(176,'176','$2a$10$gSAhZrxMllrbgj/kkK9UceBPpChGWJA7SYIb1Mqo.n5aNLq1/oRrC','Iván','Cores González','176','','gl',NULL,NULL,'system','2016-12-28 17:46:55',NULL,NULL,NULL,''),(177,'177','$2a$10$gSAhZrxMllrbgj/kkK9UceBPpChGWJA7SYIb1Mqo.n5aNLq1/oRrC','Manuel Alejandro','Cortizo Franza','177','','gl',NULL,NULL,'system','2016-12-28 17:46:55',NULL,NULL,NULL,''),(178,'178','$2a$10$gSAhZrxMllrbgj/kkK9UceBPpChGWJA7SYIb1Mqo.n5aNLq1/oRrC','José Eulogio','Cribeiro Aneiros','178','','gl',NULL,NULL,'system','2016-12-28 17:46:55',NULL,NULL,NULL,''),(179,'179','$2a$10$gSAhZrxMllrbgj/kkK9UceBPpChGWJA7SYIb1Mqo.n5aNLq1/oRrC','Guillermo','De Bernardo Roca','179','','gl',NULL,NULL,'system','2016-12-28 17:46:55',NULL,NULL,NULL,''),(180,'180','$2a$10$gSAhZrxMllrbgj/kkK9UceBPpChGWJA7SYIb1Mqo.n5aNLq1/oRrC','José Antonio','Díaz Maques','180','','gl',NULL,NULL,'system','2016-12-28 17:46:55',NULL,NULL,NULL,''),(181,'181','$2a$10$gSAhZrxMllrbgj/kkK9UceBPpChGWJA7SYIb1Mqo.n5aNLq1/oRrC','Víctor','Diges Teijeira','181','','gl',NULL,NULL,'system','2016-12-28 17:46:55',NULL,NULL,NULL,''),(182,'182','$2a$10$gSAhZrxMllrbgj/kkK9UceBPpChGWJA7SYIb1Mqo.n5aNLq1/oRrC','Enriqueta','Egea Lapina','182','','gl',NULL,NULL,'system','2016-12-28 17:46:55',NULL,NULL,NULL,''),(183,'183','$2a$10$gSAhZrxMllrbgj/kkK9UceBPpChGWJA7SYIb1Mqo.n5aNLq1/oRrC','Alba','Fernández Arias','183','','gl',NULL,NULL,'system','2016-12-28 17:46:55',NULL,NULL,NULL,''),(184,'184','$2a$10$gSAhZrxMllrbgj/kkK9UceBPpChGWJA7SYIb1Mqo.n5aNLq1/oRrC','Jorge','Fernández Fabeiro','184','','gl',NULL,NULL,'system','2016-12-28 17:46:55',NULL,NULL,NULL,''),(185,'185','$2a$10$gSAhZrxMllrbgj/kkK9UceBPpChGWJA7SYIb1Mqo.n5aNLq1/oRrC','Diego','Fernández Francos','185','','gl',NULL,NULL,'system','2016-12-28 17:46:55',NULL,NULL,NULL,''),(186,'186','$2a$10$gSAhZrxMllrbgj/kkK9UceBPpChGWJA7SYIb1Mqo.n5aNLq1/oRrC','Carlos','Fernández Lozano','186','','gl',NULL,NULL,'system','2016-12-28 17:46:55',NULL,NULL,NULL,''),(187,'187','$2a$10$gSAhZrxMllrbgj/kkK9UceBPpChGWJA7SYIb1Mqo.n5aNLq1/oRrC','Luis','Fernández Núñez','187','','gl',NULL,NULL,'system','2016-12-28 17:46:55',NULL,NULL,NULL,''),(188,'188','$2a$10$gSAhZrxMllrbgj/kkK9UceBPpChGWJA7SYIb1Mqo.n5aNLq1/oRrC','Juan','Font Alonso','188','','gl',NULL,NULL,'system','2016-12-28 17:46:55',NULL,NULL,NULL,''),(189,'189','$2a$10$gSAhZrxMllrbgj/kkK9UceBPpChGWJA7SYIb1Mqo.n5aNLq1/oRrC','Paula','Fraga Lamas','189','','gl',NULL,NULL,'system','2016-12-28 17:46:55',NULL,NULL,NULL,''),(190,'190','$2a$10$gSAhZrxMllrbgj/kkK9UceBPpChGWJA7SYIb1Mqo.n5aNLq1/oRrC','Óscar','Fresnedo Arias','190','','gl',NULL,NULL,'system','2016-12-28 17:46:55',NULL,NULL,NULL,''),(191,'191','$2a$10$gSAhZrxMllrbgj/kkK9UceBPpChGWJA7SYIb1Mqo.n5aNLq1/oRrC','Ana María','García Filgueira','191','','gl',NULL,NULL,'system','2016-12-28 17:46:55',NULL,NULL,NULL,''),(192,'192','$2a$10$gSAhZrxMllrbgj/kkK9UceBPpChGWJA7SYIb1Mqo.n5aNLq1/oRrC','André','García Gómez','192','','gl',NULL,NULL,'system','2016-12-28 17:46:55',NULL,NULL,NULL,''),(193,'193','$2a$10$gSAhZrxMllrbgj/kkK9UceBPpChGWJA7SYIb1Mqo.n5aNLq1/oRrC','Nicolás','García Piñeiro','193','','gl',NULL,NULL,'system','2016-12-28 17:46:55',NULL,NULL,NULL,''),(194,'194','$2a$10$gSAhZrxMllrbgj/kkK9UceBPpChGWJA7SYIb1Mqo.n5aNLq1/oRrC','Yésica','García Torres','194','','gl',NULL,NULL,'system','2016-12-28 17:46:55',NULL,NULL,NULL,''),(195,'195','$2a$10$gSAhZrxMllrbgj/kkK9UceBPpChGWJA7SYIb1Mqo.n5aNLq1/oRrC','Daniel','García Villaverde','195','','gl',NULL,NULL,'system','2016-12-28 17:46:55',NULL,NULL,NULL,''),(196,'196','$2a$10$gSAhZrxMllrbgj/kkK9UceBPpChGWJA7SYIb1Mqo.n5aNLq1/oRrC','José Pablo','González Coma','196','','gl',NULL,NULL,'system','2016-12-28 17:46:55',NULL,NULL,NULL,''),(197,'197','$2a$10$gSAhZrxMllrbgj/kkK9UceBPpChGWJA7SYIb1Mqo.n5aNLq1/oRrC','Jorge','González Domínguez','197','','gl',NULL,NULL,'system','2016-12-28 17:46:55',NULL,NULL,NULL,''),(198,'198','$2a$10$gSAhZrxMllrbgj/kkK9UceBPpChGWJA7SYIb1Mqo.n5aNLq1/oRrC','Ana','González López','198','','gl',NULL,NULL,'system','2016-12-28 17:46:55',NULL,NULL,NULL,''),(199,'199','$2a$10$gSAhZrxMllrbgj/kkK9UceBPpChGWJA7SYIb1Mqo.n5aNLq1/oRrC','Carlos Hugo','González Vázquez','199','','gl',NULL,NULL,'system','2016-12-28 17:46:55',NULL,NULL,NULL,''),(200,'200','$2a$10$gSAhZrxMllrbgj/kkK9UceBPpChGWJA7SYIb1Mqo.n5aNLq1/oRrC','David','Hermida Mourelle','200','','gl',NULL,NULL,'system','2016-12-28 17:46:55',NULL,NULL,NULL,''),(201,'201','$2a$10$gSAhZrxMllrbgj/kkK9UceBPpChGWJA7SYIb1Mqo.n5aNLq1/oRrC','Juan Carlos','Illanes Sánchez','201','','gl',NULL,NULL,'system','2016-12-28 17:46:55',NULL,NULL,NULL,''),(202,'202','$2a$10$gSAhZrxMllrbgj/kkK9UceBPpChGWJA7SYIb1Mqo.n5aNLq1/oRrC','Víctor Juan','Lamas Sardiña','202','','gl',NULL,NULL,'system','2016-12-28 17:46:55',NULL,NULL,NULL,''),(203,'203','$2a$10$gSAhZrxMllrbgj/kkK9UceBPpChGWJA7SYIb1Mqo.n5aNLq1/oRrC','Iago','Lastra Rodríguez','203','','gl',NULL,NULL,'system','2016-12-28 17:46:55',NULL,NULL,NULL,''),(204,'204','$2a$10$gSAhZrxMllrbgj/kkK9UceBPpChGWJA7SYIb1Mqo.n5aNLq1/oRrC','Dylan','Lema Pais','204','','gl',NULL,NULL,'system','2016-12-28 17:46:55',NULL,NULL,NULL,''),(205,'205','$2a$10$gSAhZrxMllrbgj/kkK9UceBPpChGWJA7SYIb1Mqo.n5aNLq1/oRrC','Jacobo','Lobeiras Blanco','205','','gl',NULL,NULL,'system','2016-12-28 17:46:55',NULL,NULL,NULL,''),(206,'206','$2a$10$gSAhZrxMllrbgj/kkK9UceBPpChGWJA7SYIb1Mqo.n5aNLq1/oRrC','José Fernando','López Castro','206','','gl',NULL,NULL,'system','2016-12-28 17:46:55',NULL,NULL,NULL,''),(207,'207','$2a$10$gSAhZrxMllrbgj/kkK9UceBPpChGWJA7SYIb1Mqo.n5aNLq1/oRrC','Paula María','López Pérez','207','','gl',NULL,NULL,'system','2016-12-28 17:46:55',NULL,NULL,NULL,''),(208,'208','$2a$10$gSAhZrxMllrbgj/kkK9UceBPpChGWJA7SYIb1Mqo.n5aNLq1/oRrC','Miguel Nicolás','López Vázquez','208','','gl',NULL,NULL,'system','2016-12-28 17:46:55',NULL,NULL,NULL,''),(209,'209','$2a$10$gSAhZrxMllrbgj/kkK9UceBPpChGWJA7SYIb1Mqo.n5aNLq1/oRrC','Roberto','Maneiro Catoira','209','','gl',NULL,NULL,'system','2016-12-28 17:46:55',NULL,NULL,NULL,''),(210,'210','$2a$10$gSAhZrxMllrbgj/kkK9UceBPpChGWJA7SYIb1Mqo.n5aNLq1/oRrC','Carlos','Mañoso Sierra','210','','gl',NULL,NULL,'system','2016-12-28 17:46:55',NULL,NULL,NULL,''),(211,'211','$2a$10$gSAhZrxMllrbgj/kkK9UceBPpChGWJA7SYIb1Mqo.n5aNLq1/oRrC','Germán','Martínez Galindo','211','','gl',NULL,NULL,'system','2016-12-28 17:46:55',NULL,NULL,NULL,''),(212,'212','$2a$10$gSAhZrxMllrbgj/kkK9UceBPpChGWJA7SYIb1Mqo.n5aNLq1/oRrC','Raúl','Martínez Gutiérrez','212','','gl',NULL,NULL,'system','2016-12-28 17:46:55',NULL,NULL,NULL,''),(213,'213','$2a$10$gSAhZrxMllrbgj/kkK9UceBPpChGWJA7SYIb1Mqo.n5aNLq1/oRrC','Alejandro Manuel','Mosteiro Vázquez','213','','gl',NULL,NULL,'system','2016-12-28 17:46:55',NULL,NULL,NULL,''),(214,'214','$2a$10$gSAhZrxMllrbgj/kkK9UceBPpChGWJA7SYIb1Mqo.n5aNLq1/oRrC','Benito David','Mourelo Caldeiro','214','','gl',NULL,NULL,'system','2016-12-28 17:46:55',NULL,NULL,NULL,''),(215,'215','$2a$10$gSAhZrxMllrbgj/kkK9UceBPpChGWJA7SYIb1Mqo.n5aNLq1/oRrC','Alberto','Ordóñez Pereira','215','','gl',NULL,NULL,'system','2016-12-28 17:46:55',NULL,NULL,NULL,''),(216,'216','$2a$10$gSAhZrxMllrbgj/kkK9UceBPpChGWJA7SYIb1Mqo.n5aNLq1/oRrC','Sergio','Otero Mascato','216','','gl',NULL,NULL,'system','2016-12-28 17:46:55',NULL,NULL,NULL,''),(217,'217','$2a$10$gSAhZrxMllrbgj/kkK9UceBPpChGWJA7SYIb1Mqo.n5aNLq1/oRrC','Juan','Paz Cardeso','217','','gl',NULL,NULL,'system','2016-12-28 17:46:55',NULL,NULL,NULL,''),(218,'218','$2a$10$gSAhZrxMllrbgj/kkK9UceBPpChGWJA7SYIb1Mqo.n5aNLq1/oRrC','Adrián','Pérez Diéguez','218','','gl',NULL,NULL,'system','2016-12-28 17:46:55',NULL,NULL,NULL,''),(219,'219','$2a$10$gSAhZrxMllrbgj/kkK9UceBPpChGWJA7SYIb1Mqo.n5aNLq1/oRrC','Pablo','Pérez Muñoz','219','','gl',NULL,NULL,'system','2016-12-28 17:46:55',NULL,NULL,NULL,''),(220,'220','$2a$10$gSAhZrxMllrbgj/kkK9UceBPpChGWJA7SYIb1Mqo.n5aNLq1/oRrC','Mónica','Pérez Sueiro','220','','gl',NULL,NULL,'system','2016-12-28 17:46:55',NULL,NULL,NULL,''),(221,'221','$2a$10$gSAhZrxMllrbgj/kkK9UceBPpChGWJA7SYIb1Mqo.n5aNLq1/oRrC','Diego','Peteiro Barral','221','','gl',NULL,NULL,'system','2016-12-28 17:46:55',NULL,NULL,NULL,''),(222,'222','$2a$10$gSAhZrxMllrbgj/kkK9UceBPpChGWJA7SYIb1Mqo.n5aNLq1/oRrC','Jorge','Pintos Ruiz','222','','gl',NULL,NULL,'system','2016-12-28 17:46:55',NULL,NULL,NULL,''),(223,'223','$2a$10$gSAhZrxMllrbgj/kkK9UceBPpChGWJA7SYIb1Mqo.n5aNLq1/oRrC','Iago','Porto Díaz','223','','gl',NULL,NULL,'system','2016-12-28 17:46:55',NULL,NULL,NULL,''),(224,'224','$2a$10$gSAhZrxMllrbgj/kkK9UceBPpChGWJA7SYIb1Mqo.n5aNLq1/oRrC','Alejandro','Puente Castro','224','','gl',NULL,NULL,'system','2016-12-28 17:46:55',NULL,NULL,NULL,''),(225,'225','$2a$10$gSAhZrxMllrbgj/kkK9UceBPpChGWJA7SYIb1Mqo.n5aNLq1/oRrC','Héctor','Quintián Pardo','225','','gl',NULL,NULL,'system','2016-12-28 17:46:55',NULL,NULL,NULL,''),(226,'226','$2a$10$gSAhZrxMllrbgj/kkK9UceBPpChGWJA7SYIb1Mqo.n5aNLq1/oRrC','Diego','Rego Fernández','226','','gl',NULL,NULL,'system','2016-12-28 17:46:55',NULL,NULL,NULL,''),(227,'227','$2a$10$gSAhZrxMllrbgj/kkK9UceBPpChGWJA7SYIb1Mqo.n5aNLq1/oRrC','Beatriz','Remeseiro López','227','','gl',NULL,NULL,'system','2016-12-28 17:46:55',NULL,NULL,NULL,''),(228,'228','$2a$10$gSAhZrxMllrbgj/kkK9UceBPpChGWJA7SYIb1Mqo.n5aNLq1/oRrC','Roberto','Rey Expósito','228','','gl',NULL,NULL,'system','2016-12-28 17:46:55',NULL,NULL,NULL,''),(229,'229','$2a$10$gSAhZrxMllrbgj/kkK9UceBPpChGWJA7SYIb1Mqo.n5aNLq1/oRrC','M. Cristina','Ribao Álvarez','229','','gl',NULL,NULL,'system','2016-12-28 17:46:55',NULL,NULL,NULL,''),(230,'230','$2a$10$gSAhZrxMllrbgj/kkK9UceBPpChGWJA7SYIb1Mqo.n5aNLq1/oRrC','Ángel José','Rico Díaz','230','','gl',NULL,NULL,'system','2016-12-28 17:46:55',NULL,NULL,NULL,''),(231,'231','$2a$10$gSAhZrxMllrbgj/kkK9UceBPpChGWJA7SYIb1Mqo.n5aNLq1/oRrC','Iván del','Río Paderne','231','','gl',NULL,NULL,'system','2016-12-28 17:46:55',NULL,NULL,NULL,''),(232,'232','$2a$10$gSAhZrxMllrbgj/kkK9UceBPpChGWJA7SYIb1Mqo.n5aNLq1/oRrC','Javier','Rodas González','232','','gl',NULL,NULL,'system','2016-12-28 17:46:55',NULL,NULL,NULL,''),(233,'233','$2a$10$gSAhZrxMllrbgj/kkK9UceBPpChGWJA7SYIb1Mqo.n5aNLq1/oRrC','Teresa','Rodríguez Facal','233','','gl',NULL,NULL,'system','2016-12-28 17:46:55',NULL,NULL,NULL,''),(234,'234','$2a$10$gSAhZrxMllrbgj/kkK9UceBPpChGWJA7SYIb1Mqo.n5aNLq1/oRrC','Alejandra','Rodríguez Fernández','234','','gl',NULL,NULL,'system','2016-12-28 17:46:55',NULL,NULL,NULL,''),(235,'235','$2a$10$gSAhZrxMllrbgj/kkK9UceBPpChGWJA7SYIb1Mqo.n5aNLq1/oRrC','Carmen','Rodríguez Fernández','235','','gl',NULL,NULL,'system','2016-12-28 17:46:55',NULL,NULL,NULL,''),(236,'236','$2a$10$gSAhZrxMllrbgj/kkK9UceBPpChGWJA7SYIb1Mqo.n5aNLq1/oRrC','Eduardo','Rodríguez López','236','','gl',NULL,NULL,'system','2016-12-28 17:46:55',NULL,NULL,NULL,''),(237,'237','$2a$10$gSAhZrxMllrbgj/kkK9UceBPpChGWJA7SYIb1Mqo.n5aNLq1/oRrC','José M.','Rodríguez Pedreira','237','','gl',NULL,NULL,'system','2016-12-28 17:46:55',NULL,NULL,NULL,''),(238,'238','$2a$10$gSAhZrxMllrbgj/kkK9UceBPpChGWJA7SYIb1Mqo.n5aNLq1/oRrC','David','Rodríguez Penas','238','','gl',NULL,NULL,'system','2016-12-28 17:46:55',NULL,NULL,NULL,''),(239,'239','$2a$10$gSAhZrxMllrbgj/kkK9UceBPpChGWJA7SYIb1Mqo.n5aNLq1/oRrC','José','Rodríguez Piñeiro','239','','gl',NULL,NULL,'system','2016-12-28 17:46:55',NULL,NULL,NULL,''),(240,'240','$2a$10$gSAhZrxMllrbgj/kkK9UceBPpChGWJA7SYIb1Mqo.n5aNLq1/oRrC','Brais','Rodríguez Varela','240','','gl',NULL,NULL,'system','2016-12-28 17:46:55',NULL,NULL,NULL,''),(241,'241','$2a$10$gSAhZrxMllrbgj/kkK9UceBPpChGWJA7SYIb1Mqo.n5aNLq1/oRrC','Daniel','Rosende Fraga','241','','gl',NULL,NULL,'system','2016-12-28 17:46:55',NULL,NULL,NULL,''),(242,'242','$2a$10$gSAhZrxMllrbgj/kkK9UceBPpChGWJA7SYIb1Mqo.n5aNLq1/oRrC','Sonia Margarita','Sánchez Becerra','242','','gl',NULL,NULL,'system','2016-12-28 17:46:55',NULL,NULL,NULL,''),(243,'243','$2a$10$gSAhZrxMllrbgj/kkK9UceBPpChGWJA7SYIb1Mqo.n5aNLq1/oRrC','Martín','Sánchez Fontao','243','','gl',NULL,NULL,'system','2016-12-28 17:46:55',NULL,NULL,NULL,''),(244,'244','$2a$10$gSAhZrxMllrbgj/kkK9UceBPpChGWJA7SYIb1Mqo.n5aNLq1/oRrC','Laura','Sande Castro','244','','gl',NULL,NULL,'system','2016-12-28 17:46:55',NULL,NULL,NULL,''),(245,'245','$2a$10$gSAhZrxMllrbgj/kkK9UceBPpChGWJA7SYIb1Mqo.n5aNLq1/oRrC','Raúl','Sandomingo Freire','245','','gl',NULL,NULL,'system','2016-12-28 17:46:55',NULL,NULL,NULL,''),(246,'246','$2a$10$gSAhZrxMllrbgj/kkK9UceBPpChGWJA7SYIb1Mqo.n5aNLq1/oRrC','Manuel','Seoane Merelas','246','','gl',NULL,NULL,'system','2016-12-28 17:46:55',NULL,NULL,NULL,''),(247,'247','$2a$10$gSAhZrxMllrbgj/kkK9UceBPpChGWJA7SYIb1Mqo.n5aNLq1/oRrC','Andrea','Sousa Moral','247','','gl',NULL,NULL,'system','2016-12-28 17:46:55',NULL,NULL,NULL,''),(248,'248','$2a$10$gSAhZrxMllrbgj/kkK9UceBPpChGWJA7SYIb1Mqo.n5aNLq1/oRrC','Pedro','Suárez Casal','248','','gl',NULL,NULL,'system','2016-12-28 17:46:55',NULL,NULL,NULL,''),(249,'249','$2a$10$gSAhZrxMllrbgj/kkK9UceBPpChGWJA7SYIb1Mqo.n5aNLq1/oRrC','Pablo','Trillo Valeiro','249','','gl',NULL,NULL,'system','2016-12-28 17:46:55',NULL,NULL,NULL,''),(250,'250','$2a$10$gSAhZrxMllrbgj/kkK9UceBPpChGWJA7SYIb1Mqo.n5aNLq1/oRrC','Daniel','Vázquez Brañas','250','','gl',NULL,NULL,'system','2016-12-28 17:46:55',NULL,NULL,NULL,''),(251,'251','$2a$10$gSAhZrxMllrbgj/kkK9UceBPpChGWJA7SYIb1Mqo.n5aNLq1/oRrC','Xoel','Vázquez Dios','251','','gl',NULL,NULL,'system','2016-12-28 17:46:55',NULL,NULL,NULL,''),(252,'252','$2a$10$gSAhZrxMllrbgj/kkK9UceBPpChGWJA7SYIb1Mqo.n5aNLq1/oRrC','Julia','Vázquez González','252','','gl',NULL,NULL,'system','2016-12-28 17:46:55',NULL,NULL,NULL,''),(253,'253','$2a$10$gSAhZrxMllrbgj/kkK9UceBPpChGWJA7SYIb1Mqo.n5aNLq1/oRrC','Jorge','Veiga Fachal','253','','gl',NULL,NULL,'system','2016-12-28 17:46:55',NULL,NULL,NULL,''),(254,'254','$2a$10$gSAhZrxMllrbgj/kkK9UceBPpChGWJA7SYIb1Mqo.n5aNLq1/oRrC','Maite','Vieiro Araquistain','254','','gl',NULL,NULL,'system','2016-12-28 17:46:55',NULL,NULL,NULL,''),(255,'255','$2a$10$gSAhZrxMllrbgj/kkK9UceBPpChGWJA7SYIb1Mqo.n5aNLq1/oRrC','Moisés','Viñas Buceta','255','','gl',NULL,NULL,'system','2016-12-28 17:46:55',NULL,NULL,NULL,''),(256,'256','$2a$10$gSAhZrxMllrbgj/kkK9UceBPpChGWJA7SYIb1Mqo.n5aNLq1/oRrC','Diana','Yáñez Regueiro','256','','gl',NULL,NULL,'system','2016-12-28 17:46:55',NULL,NULL,NULL,''),(257,'257','$2a$10$gSAhZrxMllrbgj/kkK9UceBPpChGWJA7SYIb1Mqo.n5aNLq1/oRrC','José Luis','Freire Nistal','257','','gl',NULL,NULL,'system','2016-12-28 17:46:55',NULL,NULL,NULL,''),(258,'258','$2a$10$gSAhZrxMllrbgj/kkK9UceBPpChGWJA7SYIb1Mqo.n5aNLq1/oRrC','Víctor','Gulías Fernández','258','','gl',NULL,NULL,'system','2016-12-28 17:46:55',NULL,NULL,NULL,''),(259,'259','$2a$10$gSAhZrxMllrbgj/kkK9UceBPpChGWJA7SYIb1Mqo.n5aNLq1/oRrC','Pablo','Leira Canedo','259','','gl',NULL,NULL,'system','2016-12-28 17:46:55',NULL,NULL,NULL,''),(260,'260','$2a$10$gSAhZrxMllrbgj/kkK9UceBPpChGWJA7SYIb1Mqo.n5aNLq1/oRrC','Rubén','Martínez Vega','260','','gl',NULL,NULL,'system','2016-12-28 17:46:55',NULL,NULL,NULL,''),(261,'261','$2a$10$gSAhZrxMllrbgj/kkK9UceBPpChGWJA7SYIb1Mqo.n5aNLq1/oRrC','Pablo','Mesejo Santiago','261','','gl',NULL,NULL,'system','2016-12-28 17:46:55',NULL,NULL,NULL,''),(262,'262','$2a$10$gSAhZrxMllrbgj/kkK9UceBPpChGWJA7SYIb1Mqo.n5aNLq1/oRrC','Alberto','Sáez de la Fuente','262','','gl',NULL,NULL,'system','2016-12-28 17:46:55',NULL,NULL,NULL,''),(263,'263','$2a$10$gSAhZrxMllrbgj/kkK9UceBPpChGWJA7SYIb1Mqo.n5aNLq1/oRrC','José Antonio','Seoane Fernández','263','','gl',NULL,NULL,'system','2016-12-28 17:46:55',NULL,NULL,NULL,''),(264,'264','$2a$10$gSAhZrxMllrbgj/kkK9UceBPpChGWJA7SYIb1Mqo.n5aNLq1/oRrC','José Andrés','Serantes Villadóniga','264','','gl',NULL,NULL,'system','2016-12-28 17:46:55',NULL,NULL,NULL,''),(265,'265','$2a$10$gSAhZrxMllrbgj/kkK9UceBPpChGWJA7SYIb1Mqo.n5aNLq1/oRrC','María del Carmen','Carreras-Presas Vian','265','','gl',NULL,NULL,'system','2016-12-28 17:46:55',NULL,NULL,NULL,''),(266,'266','$2a$10$gSAhZrxMllrbgj/kkK9UceBPpChGWJA7SYIb1Mqo.n5aNLq1/oRrC','Eva','Costoya Sánchez','266','','gl',NULL,NULL,'system','2016-12-28 17:46:55',NULL,NULL,NULL,''),(267,'267','$2a$10$gSAhZrxMllrbgj/kkK9UceBPpChGWJA7SYIb1Mqo.n5aNLq1/oRrC','Jorge','Diz Pico','267','','gl',NULL,NULL,'system','2016-12-28 17:46:55',NULL,NULL,NULL,''),(268,'268','$2a$10$gSAhZrxMllrbgj/kkK9UceBPpChGWJA7SYIb1Mqo.n5aNLq1/oRrC','Guillermo','Durán Calero','268','','gl',NULL,NULL,'system','2016-12-28 17:46:55',NULL,NULL,NULL,''),(269,'269','$2a$10$gSAhZrxMllrbgj/kkK9UceBPpChGWJA7SYIb1Mqo.n5aNLq1/oRrC','Ángel','González Albo','269','','gl',NULL,NULL,'system','2016-12-28 17:46:55',NULL,NULL,NULL,''),(270,'270','$2a$10$gSAhZrxMllrbgj/kkK9UceBPpChGWJA7SYIb1Mqo.n5aNLq1/oRrC','Mónica','Miguélez Rico','270','','gl',NULL,NULL,'system','2016-12-28 17:46:55',NULL,NULL,NULL,''),(271,'271','$2a$10$gSAhZrxMllrbgj/kkK9UceBPpChGWJA7SYIb1Mqo.n5aNLq1/oRrC','Adrián','Morán García','271','','gl',NULL,NULL,'system','2016-12-28 17:46:55',NULL,NULL,NULL,''),(272,'272','$2a$10$gSAhZrxMllrbgj/kkK9UceBPpChGWJA7SYIb1Mqo.n5aNLq1/oRrC','Álvaro','Pérez Martínez','272','','gl',NULL,NULL,'system','2016-12-28 17:46:55',NULL,NULL,NULL,''),(273,'273','$2a$10$gSAhZrxMllrbgj/kkK9UceBPpChGWJA7SYIb1Mqo.n5aNLq1/oRrC','Mario','Cordovilla González','273','','gl',NULL,NULL,'system','2016-12-28 17:46:55',NULL,NULL,NULL,''),(274,'274','$2a$10$gSAhZrxMllrbgj/kkK9UceBPpChGWJA7SYIb1Mqo.n5aNLq1/oRrC','Marcelino','Alberdi Pereira','274','','gl',NULL,NULL,'system','2016-12-28 17:46:55',NULL,NULL,NULL,''),(275,'275','$2a$10$gSAhZrxMllrbgj/kkK9UceBPpChGWJA7SYIb1Mqo.n5aNLq1/oRrC','Rodrigo','Álvarez Seoane','275','','gl',NULL,NULL,'system','2016-12-28 17:46:55',NULL,NULL,NULL,''),(276,'276','$2a$10$gSAhZrxMllrbgj/kkK9UceBPpChGWJA7SYIb1Mqo.n5aNLq1/oRrC','Federico','Foglia','276','','gl',NULL,NULL,'system','2016-12-28 17:46:55',NULL,NULL,NULL,''),(277,'277','$2a$10$gSAhZrxMllrbgj/kkK9UceBPpChGWJA7SYIb1Mqo.n5aNLq1/oRrC','Virginia','Selgas Buznego','277','','gl',NULL,NULL,'system','2016-12-28 17:46:55',NULL,NULL,NULL,''),(278,'278','$2a$10$gSAhZrxMllrbgj/kkK9UceBPpChGWJA7SYIb1Mqo.n5aNLq1/oRrC','Vreixo','Formoso López','278','','gl',NULL,NULL,'system','2016-12-28 17:46:55',NULL,NULL,NULL,''),(279,'279','$2a$10$gSAhZrxMllrbgj/kkK9UceBPpChGWJA7SYIb1Mqo.n5aNLq1/oRrC','Miguel','Álvarez Domínguez','279','','gl',NULL,NULL,'system','2016-12-28 17:46:55',NULL,NULL,NULL,''),(280,'280','$2a$10$gSAhZrxMllrbgj/kkK9UceBPpChGWJA7SYIb1Mqo.n5aNLq1/oRrC','Alberto','Ayora Pais','280','','gl',NULL,NULL,'system','2016-12-28 17:46:55',NULL,NULL,NULL,''),(281,'281','$2a$10$gSAhZrxMllrbgj/kkK9UceBPpChGWJA7SYIb1Mqo.n5aNLq1/oRrC','Manuel','Bahamonde González','281','','gl',NULL,NULL,'system','2016-12-28 17:46:55',NULL,NULL,NULL,''),(282,'282','$2a$10$gSAhZrxMllrbgj/kkK9UceBPpChGWJA7SYIb1Mqo.n5aNLq1/oRrC','Esteban','Correa Papín','282','','gl',NULL,NULL,'system','2016-12-28 17:46:55',NULL,NULL,NULL,''),(283,'283','$2a$10$gSAhZrxMllrbgj/kkK9UceBPpChGWJA7SYIb1Mqo.n5aNLq1/oRrC','Borja','Dacasa Pereira','283','','gl',NULL,NULL,'system','2016-12-28 17:46:55',NULL,NULL,NULL,''),(284,'284','$2a$10$gSAhZrxMllrbgj/kkK9UceBPpChGWJA7SYIb1Mqo.n5aNLq1/oRrC','Yasmín','Diab López','284','','gl',NULL,NULL,'system','2016-12-28 17:46:55',NULL,NULL,NULL,''),(285,'285','$2a$10$gSAhZrxMllrbgj/kkK9UceBPpChGWJA7SYIb1Mqo.n5aNLq1/oRrC','José María','Domínguez Legaspi','285','','gl',NULL,NULL,'system','2016-12-28 17:46:55',NULL,NULL,NULL,''),(286,'286','$2a$10$gSAhZrxMllrbgj/kkK9UceBPpChGWJA7SYIb1Mqo.n5aNLq1/oRrC','José María','García-Tizón Iglesias','286','','gl',NULL,NULL,'system','2016-12-28 17:46:55',NULL,NULL,NULL,''),(287,'287','$2a$10$gSAhZrxMllrbgj/kkK9UceBPpChGWJA7SYIb1Mqo.n5aNLq1/oRrC','Vicente','Guerreiro Real de Asúa','287','','gl',NULL,NULL,'system','2016-12-28 17:46:55',NULL,NULL,NULL,''),(288,'288','$2a$10$gSAhZrxMllrbgj/kkK9UceBPpChGWJA7SYIb1Mqo.n5aNLq1/oRrC','María Gloria','López Cabana','288','','gl',NULL,NULL,'system','2016-12-28 17:46:55',NULL,NULL,NULL,''),(289,'289','$2a$10$gSAhZrxMllrbgj/kkK9UceBPpChGWJA7SYIb1Mqo.n5aNLq1/oRrC','Javier','López Cano','289','','gl',NULL,NULL,'system','2016-12-28 17:46:55',NULL,NULL,NULL,''),(290,'290','$2a$10$gSAhZrxMllrbgj/kkK9UceBPpChGWJA7SYIb1Mqo.n5aNLq1/oRrC','Macías','López Iglesias','290','','gl',NULL,NULL,'system','2016-12-28 17:46:55',NULL,NULL,NULL,''),(291,'291','$2a$10$gSAhZrxMllrbgj/kkK9UceBPpChGWJA7SYIb1Mqo.n5aNLq1/oRrC','Marcos','Martínez Romero','291','','gl',NULL,NULL,'system','2016-12-28 17:46:55',NULL,NULL,NULL,''),(292,'292','$2a$10$gSAhZrxMllrbgj/kkK9UceBPpChGWJA7SYIb1Mqo.n5aNLq1/oRrC','Virginia','Mato Abad','292','','gl',NULL,NULL,'system','2016-12-28 17:46:55',NULL,NULL,NULL,''),(293,'293','$2a$10$gSAhZrxMllrbgj/kkK9UceBPpChGWJA7SYIb1Mqo.n5aNLq1/oRrC','Alexandre','Montero Rodríguez','293','','gl',NULL,NULL,'system','2016-12-28 17:46:55',NULL,NULL,NULL,''),(294,'294','$2a$10$gSAhZrxMllrbgj/kkK9UceBPpChGWJA7SYIb1Mqo.n5aNLq1/oRrC','Sergio','Otero Otero','294','','gl',NULL,NULL,'system','2016-12-28 17:46:55',NULL,NULL,NULL,''),(295,'295','$2a$10$gSAhZrxMllrbgj/kkK9UceBPpChGWJA7SYIb1Mqo.n5aNLq1/oRrC','Manuel','Paradela López','295','','gl',NULL,NULL,'system','2016-12-28 17:46:55',NULL,NULL,NULL,''),(296,'296','$2a$10$gSAhZrxMllrbgj/kkK9UceBPpChGWJA7SYIb1Mqo.n5aNLq1/oRrC','Adrián','Pérez de Castro','296','','gl',NULL,NULL,'system','2016-12-28 17:46:55',NULL,NULL,NULL,''),(297,'297','$2a$10$gSAhZrxMllrbgj/kkK9UceBPpChGWJA7SYIb1Mqo.n5aNLq1/oRrC','Jesús A.','Pérez-Roca Fernández','297','','gl',NULL,NULL,'system','2016-12-28 17:46:55',NULL,NULL,NULL,''),(298,'298','$2a$10$gSAhZrxMllrbgj/kkK9UceBPpChGWJA7SYIb1Mqo.n5aNLq1/oRrC','David','Periscal García','298','','gl',NULL,NULL,'system','2016-12-28 17:46:55',NULL,NULL,NULL,''),(299,'299','$2a$10$gSAhZrxMllrbgj/kkK9UceBPpChGWJA7SYIb1Mqo.n5aNLq1/oRrC','Óscar','Del Pozo Galiñanes','299','','gl',NULL,NULL,'system','2016-12-28 17:46:55',NULL,NULL,NULL,''),(300,'300','$2a$10$gSAhZrxMllrbgj/kkK9UceBPpChGWJA7SYIb1Mqo.n5aNLq1/oRrC','Alba','Primo Álvarez','300','','gl',NULL,NULL,'system','2016-12-28 17:46:55',NULL,NULL,NULL,''),(301,'301','$2a$10$gSAhZrxMllrbgj/kkK9UceBPpChGWJA7SYIb1Mqo.n5aNLq1/oRrC','Sonsoles','Quintela Varela','301','','gl',NULL,NULL,'system','2016-12-28 17:46:55',NULL,NULL,NULL,''),(302,'302','$2a$10$gSAhZrxMllrbgj/kkK9UceBPpChGWJA7SYIb1Mqo.n5aNLq1/oRrC','Alfonso','Ruipérez Puente','302','','gl',NULL,NULL,'system','2016-12-28 17:46:55',NULL,NULL,NULL,''),(303,'303','$2a$10$gSAhZrxMllrbgj/kkK9UceBPpChGWJA7SYIb1Mqo.n5aNLq1/oRrC','Jesús','Salceda Sánchez','303','','gl',NULL,NULL,'system','2016-12-28 17:46:55',NULL,NULL,NULL,''),(304,'304','$2a$10$gSAhZrxMllrbgj/kkK9UceBPpChGWJA7SYIb1Mqo.n5aNLq1/oRrC','Fernando','Souto González','304','','gl',NULL,NULL,'system','2016-12-28 17:46:55',NULL,NULL,NULL,''),(305,'305','$2a$10$gSAhZrxMllrbgj/kkK9UceBPpChGWJA7SYIb1Mqo.n5aNLq1/oRrC','Víctor Daniel','Teijido Felpeto','305','','gl',NULL,NULL,'system','2016-12-28 17:46:55',NULL,NULL,NULL,''),(306,'306','$2a$10$gSAhZrxMllrbgj/kkK9UceBPpChGWJA7SYIb1Mqo.n5aNLq1/oRrC','Francisco','Aldao García','306','','gl',NULL,NULL,'system','2016-12-28 17:46:55',NULL,NULL,NULL,''),(307,'307','$2a$10$gSAhZrxMllrbgj/kkK9UceBPpChGWJA7SYIb1Mqo.n5aNLq1/oRrC','Jesús Manuel','Barreiro Sampedro','307','','gl',NULL,NULL,'system','2016-12-28 17:46:55',NULL,NULL,NULL,''),(308,'308','$2a$10$gSAhZrxMllrbgj/kkK9UceBPpChGWJA7SYIb1Mqo.n5aNLq1/oRrC','Santiago José','Barro Torres','308','','gl',NULL,NULL,'system','2016-12-28 17:46:55',NULL,NULL,NULL,''),(309,'309','$2a$10$gSAhZrxMllrbgj/kkK9UceBPpChGWJA7SYIb1Mqo.n5aNLq1/oRrC','Pablo','Belay Fernández','309','','gl',NULL,NULL,'system','2016-12-28 17:46:55',NULL,NULL,NULL,''),(310,'310','$2a$10$gSAhZrxMllrbgj/kkK9UceBPpChGWJA7SYIb1Mqo.n5aNLq1/oRrC','Diego','Álvarez Estévez','310','','gl',NULL,NULL,'system','2016-12-28 17:46:55',NULL,NULL,NULL,''),(311,'311','$2a$10$gSAhZrxMllrbgj/kkK9UceBPpChGWJA7SYIb1Mqo.n5aNLq1/oRrC','Damián','Álvarez Mallón','311','','gl',NULL,NULL,'system','2016-12-28 17:46:55',NULL,NULL,NULL,''),(312,'312','$2a$10$gSAhZrxMllrbgj/kkK9UceBPpChGWJA7SYIb1Mqo.n5aNLq1/oRrC','Anxo','Beltrán Álvarez','312','','gl',NULL,NULL,'system','2016-12-28 17:46:55',NULL,NULL,NULL,''),(313,'313','$2a$10$gSAhZrxMllrbgj/kkK9UceBPpChGWJA7SYIb1Mqo.n5aNLq1/oRrC','Alba','Cabarcos Bermúdez','313','','gl',NULL,NULL,'system','2016-12-28 17:46:55',NULL,NULL,NULL,''),(314,'314','$2a$10$gSAhZrxMllrbgj/kkK9UceBPpChGWJA7SYIb1Mqo.n5aNLq1/oRrC','María del Carmen','Calvo Garrido','314','','gl',NULL,NULL,'system','2016-12-28 17:46:55',NULL,NULL,NULL,''),(315,'315','$2a$10$gSAhZrxMllrbgj/kkK9UceBPpChGWJA7SYIb1Mqo.n5aNLq1/oRrC','Brais','Cancela Barizo','315','','gl',NULL,NULL,'system','2016-12-28 17:46:55',NULL,NULL,NULL,''),(316,'316','$2a$10$gSAhZrxMllrbgj/kkK9UceBPpChGWJA7SYIb1Mqo.n5aNLq1/oRrC','Pablo','Cancelo López','316','','gl',NULL,NULL,'system','2016-12-28 17:46:55',NULL,NULL,NULL,''),(317,'317','$2a$10$gSAhZrxMllrbgj/kkK9UceBPpChGWJA7SYIb1Mqo.n5aNLq1/oRrC','Serafín','Caridad Simón','317','','gl',NULL,NULL,'system','2016-12-28 17:46:55',NULL,NULL,NULL,''),(318,'318','$2a$10$gSAhZrxMllrbgj/kkK9UceBPpChGWJA7SYIb1Mqo.n5aNLq1/oRrC','Laura','Castellanos Jiménez','318','','gl',NULL,NULL,'system','2016-12-28 17:46:55',NULL,NULL,NULL,''),(319,'319','$2a$10$gSAhZrxMllrbgj/kkK9UceBPpChGWJA7SYIb1Mqo.n5aNLq1/oRrC','Miguel Ángel','Castro Edreira','319','','gl',NULL,NULL,'system','2016-12-28 17:46:55',NULL,NULL,NULL,''),(320,'320','$2a$10$gSAhZrxMllrbgj/kkK9UceBPpChGWJA7SYIb1Mqo.n5aNLq1/oRrC','Alba','Catoira Franco','320','','gl',NULL,NULL,'system','2016-12-28 17:46:55',NULL,NULL,NULL,''),(321,'321','$2a$10$gSAhZrxMllrbgj/kkK9UceBPpChGWJA7SYIb1Mqo.n5aNLq1/oRrC','Raquel','Concheiro Figueroa','321','','gl',NULL,NULL,'system','2016-12-28 17:46:55',NULL,NULL,NULL,''),(322,'322','$2a$10$gSAhZrxMllrbgj/kkK9UceBPpChGWJA7SYIb1Mqo.n5aNLq1/oRrC','Roi','Costas Fiel','322','','gl',NULL,NULL,'system','2016-12-28 17:46:55',NULL,NULL,NULL,''),(323,'323','$2a$10$gSAhZrxMllrbgj/kkK9UceBPpChGWJA7SYIb1Mqo.n5aNLq1/oRrC','Luis María','Cruz Ortiz de Landazuri','323','','gl',NULL,NULL,'system','2016-12-28 17:46:55',NULL,NULL,NULL,''),(324,'324','$2a$10$gSAhZrxMllrbgj/kkK9UceBPpChGWJA7SYIb1Mqo.n5aNLq1/oRrC','David','Deibe Seoane','324','','gl',NULL,NULL,'system','2016-12-28 17:46:55',NULL,NULL,NULL,''),(325,'325','$2a$10$gSAhZrxMllrbgj/kkK9UceBPpChGWJA7SYIb1Mqo.n5aNLq1/oRrC','Iván','Díaz Álvarez','325','','gl',NULL,NULL,'system','2016-12-28 17:46:55',NULL,NULL,NULL,''),(326,'326','$2a$10$gSAhZrxMllrbgj/kkK9UceBPpChGWJA7SYIb1Mqo.n5aNLq1/oRrC','Jorge','Docampo Carro','326','','gl',NULL,NULL,'system','2016-12-28 17:46:55',NULL,NULL,NULL,''),(327,'327','$2a$10$gSAhZrxMllrbgj/kkK9UceBPpChGWJA7SYIb1Mqo.n5aNLq1/oRrC','Daniel','Fernández Núñez','327','','gl',NULL,NULL,'system','2016-12-28 17:46:55',NULL,NULL,NULL,''),(328,'328','$2a$10$gSAhZrxMllrbgj/kkK9UceBPpChGWJA7SYIb1Mqo.n5aNLq1/oRrC','Brais','Freire Rodríguez','328','','gl',NULL,NULL,'system','2016-12-28 17:46:55',NULL,NULL,NULL,''),(329,'329','$2a$10$gSAhZrxMllrbgj/kkK9UceBPpChGWJA7SYIb1Mqo.n5aNLq1/oRrC','Marcelo','Galán Morada','329','','gl',NULL,NULL,'system','2016-12-28 17:46:55',NULL,NULL,NULL,''),(330,'330','$2a$10$gSAhZrxMllrbgj/kkK9UceBPpChGWJA7SYIb1Mqo.n5aNLq1/oRrC','María Ubaldina','García Lage','330','','gl',NULL,NULL,'system','2016-12-28 17:46:55',NULL,NULL,NULL,''),(331,'331','$2a$10$gSAhZrxMllrbgj/kkK9UceBPpChGWJA7SYIb1Mqo.n5aNLq1/oRrC','Javier','Gayoso Paz','331','','gl',NULL,NULL,'system','2016-12-28 17:46:55',NULL,NULL,NULL,''),(332,'332','$2a$10$gSAhZrxMllrbgj/kkK9UceBPpChGWJA7SYIb1Mqo.n5aNLq1/oRrC','Daniel','Gómez Ferro','332','','gl',NULL,NULL,'system','2016-12-28 17:46:55',NULL,NULL,NULL,''),(333,'333','$2a$10$gSAhZrxMllrbgj/kkK9UceBPpChGWJA7SYIb1Mqo.n5aNLq1/oRrC','Fernando','Gómez Pose','333','','gl',NULL,NULL,'system','2016-12-28 17:46:55',NULL,NULL,NULL,''),(334,'334','$2a$10$gSAhZrxMllrbgj/kkK9UceBPpChGWJA7SYIb1Mqo.n5aNLq1/oRrC','Vreixo Luis','González Caneda','334','','gl',NULL,NULL,'system','2016-12-28 17:46:55',NULL,NULL,NULL,''),(335,'335','$2a$10$gSAhZrxMllrbgj/kkK9UceBPpChGWJA7SYIb1Mqo.n5aNLq1/oRrC','Sebastián','González Míguez','335','','gl',NULL,NULL,'system','2016-12-28 17:46:55',NULL,NULL,NULL,''),(336,'336','$2a$10$gSAhZrxMllrbgj/kkK9UceBPpChGWJA7SYIb1Mqo.n5aNLq1/oRrC','Marcos','González Pérez','336','','gl',NULL,NULL,'system','2016-12-28 17:46:55',NULL,NULL,NULL,''),(337,'337','$2a$10$gSAhZrxMllrbgj/kkK9UceBPpChGWJA7SYIb1Mqo.n5aNLq1/oRrC','Sonia','González Vázquez','337','','gl',NULL,NULL,'system','2016-12-28 17:46:55',NULL,NULL,NULL,''),(338,'338','$2a$10$gSAhZrxMllrbgj/kkK9UceBPpChGWJA7SYIb1Mqo.n5aNLq1/oRrC','Alfonso','Iglesias Nuño','338','','gl',NULL,NULL,'system','2016-12-28 17:46:55',NULL,NULL,NULL,''),(339,'339','$2a$10$gSAhZrxMllrbgj/kkK9UceBPpChGWJA7SYIb1Mqo.n5aNLq1/oRrC','Josmary','Labrador Briceño','339','','gl',NULL,NULL,'system','2016-12-28 17:46:55',NULL,NULL,NULL,''),(340,'340','$2a$10$gSAhZrxMllrbgj/kkK9UceBPpChGWJA7SYIb1Mqo.n5aNLq1/oRrC','David','Martínez Rego','340','','gl',NULL,NULL,'system','2016-12-28 17:46:55',NULL,NULL,NULL,''),(341,'341','$2a$10$gSAhZrxMllrbgj/kkK9UceBPpChGWJA7SYIb1Mqo.n5aNLq1/oRrC','Raquel','Núñez Orjales','341','','gl',NULL,NULL,'system','2016-12-28 17:46:55',NULL,NULL,NULL,''),(342,'342','$2a$10$gSAhZrxMllrbgj/kkK9UceBPpChGWJA7SYIb1Mqo.n5aNLq1/oRrC','Kerly','Orozco Duarte','342','','gl',NULL,NULL,'system','2016-12-28 17:46:55',NULL,NULL,NULL,''),(343,'343','$2a$10$gSAhZrxMllrbgj/kkK9UceBPpChGWJA7SYIb1Mqo.n5aNLq1/oRrC','Marta','Penas Centeno','343','','gl',NULL,NULL,'system','2016-12-28 17:46:55',NULL,NULL,NULL,''),(344,'344','$2a$10$gSAhZrxMllrbgj/kkK9UceBPpChGWJA7SYIb1Mqo.n5aNLq1/oRrC','Héctor José','Pérez Iglesias','344','','gl',NULL,NULL,'system','2016-12-28 17:46:55',NULL,NULL,NULL,''),(345,'345','$2a$10$gSAhZrxMllrbgj/kkK9UceBPpChGWJA7SYIb1Mqo.n5aNLq1/oRrC','Jorge','Peteiro Ruiz','345','','gl',NULL,NULL,'system','2016-12-28 17:46:55',NULL,NULL,NULL,''),(346,'346','$2a$10$gSAhZrxMllrbgj/kkK9UceBPpChGWJA7SYIb1Mqo.n5aNLq1/oRrC','Víctor Manuel','Prieto Álvarez','346','','gl',NULL,NULL,'system','2016-12-28 17:46:55',NULL,NULL,NULL,''),(347,'347','$2a$10$gSAhZrxMllrbgj/kkK9UceBPpChGWJA7SYIb1Mqo.n5aNLq1/oRrC','Santiago','Radío Abal','347','','gl',NULL,NULL,'system','2016-12-28 17:46:55',NULL,NULL,NULL,''),(348,'348','$2a$10$gSAhZrxMllrbgj/kkK9UceBPpChGWJA7SYIb1Mqo.n5aNLq1/oRrC','Ana Belén','Rodríguez Raposo','348','','gl',NULL,NULL,'system','2016-12-28 17:46:55',NULL,NULL,NULL,''),(349,'349','$2a$10$gSAhZrxMllrbgj/kkK9UceBPpChGWJA7SYIb1Mqo.n5aNLq1/oRrC','Álvaro','Rodríguez Tajes','349','','gl',NULL,NULL,'system','2016-12-28 17:46:55',NULL,NULL,NULL,''),(350,'350','$2a$10$gSAhZrxMllrbgj/kkK9UceBPpChGWJA7SYIb1Mqo.n5aNLq1/oRrC','Dyer','Rolán García','350','','gl',NULL,NULL,'system','2016-12-28 17:46:55',NULL,NULL,NULL,''),(351,'351','$2a$10$gSAhZrxMllrbgj/kkK9UceBPpChGWJA7SYIb1Mqo.n5aNLq1/oRrC','Anxo','Sánchez García','351','','gl',NULL,NULL,'system','2016-12-28 17:46:55',NULL,NULL,NULL,''),(352,'352','$2a$10$gSAhZrxMllrbgj/kkK9UceBPpChGWJA7SYIb1Mqo.n5aNLq1/oRrC','Diego','Seco Naveiras','352','','gl',NULL,NULL,'system','2016-12-28 17:46:55',NULL,NULL,NULL,''),(353,'353','$2a$10$gSAhZrxMllrbgj/kkK9UceBPpChGWJA7SYIb1Mqo.n5aNLq1/oRrC','Francisco','Servia Fiuza','353','','gl',NULL,NULL,'system','2016-12-28 17:46:55',NULL,NULL,NULL,''),(354,'354','$2a$10$gSAhZrxMllrbgj/kkK9UceBPpChGWJA7SYIb1Mqo.n5aNLq1/oRrC','Carlos','Teijeiro Barjas','354','','gl',NULL,NULL,'system','2016-12-28 17:46:55',NULL,NULL,NULL,''),(355,'355','$2a$10$gSAhZrxMllrbgj/kkK9UceBPpChGWJA7SYIb1Mqo.n5aNLq1/oRrC','Belén','Torrente Torrente','355','','gl',NULL,NULL,'system','2016-12-28 17:46:55',NULL,NULL,NULL,''),(356,'356','$2a$10$gSAhZrxMllrbgj/kkK9UceBPpChGWJA7SYIb1Mqo.n5aNLq1/oRrC','Ana','Torres Morgade','356','','gl',NULL,NULL,'system','2016-12-28 17:46:55',NULL,NULL,NULL,''),(357,'357','$2a$10$gSAhZrxMllrbgj/kkK9UceBPpChGWJA7SYIb1Mqo.n5aNLq1/oRrC','María Dolores','Traba Martínez','357','','gl',NULL,NULL,'system','2016-12-28 17:46:55',NULL,NULL,NULL,''),(358,'358','$2a$10$gSAhZrxMllrbgj/kkK9UceBPpChGWJA7SYIb1Mqo.n5aNLq1/oRrC','Martín','Vázquez Vázquez','358','','gl',NULL,NULL,'system','2016-12-28 17:46:55',NULL,NULL,NULL,''),(359,'359','$2a$10$gSAhZrxMllrbgj/kkK9UceBPpChGWJA7SYIb1Mqo.n5aNLq1/oRrC','David E.','Villoldo Pardo','359','','gl',NULL,NULL,'system','2016-12-28 17:46:55',NULL,NULL,NULL,''),(360,'360','$2a$10$gSAhZrxMllrbgj/kkK9UceBPpChGWJA7SYIb1Mqo.n5aNLq1/oRrC','José Antonio','García Rodríguez','jagrodriguez@udc.es','','gl',NULL,NULL,'system','2016-12-28 17:46:55',NULL,NULL,NULL,''),(361,'361','$2a$10$gSAhZrxMllrbgj/kkK9UceBPpChGWJA7SYIb1Mqo.n5aNLq1/oRrC','Javier','Tarrío Saavedra','361','','gl',NULL,NULL,'system','2016-12-28 17:46:55',NULL,NULL,NULL,''),(362,'362','$2a$10$gSAhZrxMllrbgj/kkK9UceBPpChGWJA7SYIb1Mqo.n5aNLq1/oRrC','Salvador','Naya Fernández','362','','gl',NULL,NULL,'system','2016-12-28 17:46:55',NULL,NULL,NULL,'');
/*!40000 ALTER TABLE `jhi_user` ENABLE KEYS */;
UNLOCK TABLES;

--
-- Table structure for table `jhi_user_authority`
--

DROP TABLE IF EXISTS `jhi_user_authority`;
/*!40101 SET @saved_cs_client     = @@character_set_client */;
/*!40101 SET character_set_client = utf8 */;
CREATE TABLE `jhi_user_authority` (
  `user_id` bigint(20) NOT NULL,
  `authority_name` varchar(50) NOT NULL,
  PRIMARY KEY (`user_id`,`authority_name`),
  KEY `fk_authority_name` (`authority_name`),
  CONSTRAINT `fk_authority_name` FOREIGN KEY (`authority_name`) REFERENCES `jhi_authority` (`name`),
  CONSTRAINT `fk_user_id` FOREIGN KEY (`user_id`) REFERENCES `jhi_user` (`id`)
) ENGINE=InnoDB DEFAULT CHARSET=latin1;
/*!40101 SET character_set_client = @saved_cs_client */;

--
-- Dumping data for table `jhi_user_authority`
--

LOCK TABLES `jhi_user_authority` WRITE;
/*!40000 ALTER TABLE `jhi_user_authority` DISABLE KEYS */;
INSERT INTO `jhi_user_authority` VALUES (1,'ROLE_ADMIN'),(3,'ROLE_ADMIN'),(1,'ROLE_USER'),(3,'ROLE_USER'),(4,'ROLE_USER'),(5,'ROLE_USER'),(6,'ROLE_USER'),(7,'ROLE_USER'),(8,'ROLE_USER'),(9,'ROLE_USER'),(10,'ROLE_USER'),(11,'ROLE_USER'),(12,'ROLE_USER'),(13,'ROLE_USER'),(14,'ROLE_USER'),(15,'ROLE_USER'),(16,'ROLE_USER'),(17,'ROLE_USER'),(18,'ROLE_USER'),(19,'ROLE_USER'),(20,'ROLE_USER'),(21,'ROLE_USER'),(22,'ROLE_USER'),(23,'ROLE_USER'),(24,'ROLE_USER'),(25,'ROLE_USER'),(26,'ROLE_USER'),(27,'ROLE_USER'),(28,'ROLE_USER'),(29,'ROLE_USER'),(30,'ROLE_USER'),(31,'ROLE_USER'),(32,'ROLE_USER'),(33,'ROLE_USER'),(34,'ROLE_USER'),(35,'ROLE_USER'),(36,'ROLE_USER'),(37,'ROLE_USER'),(38,'ROLE_USER'),(39,'ROLE_USER'),(40,'ROLE_USER'),(41,'ROLE_USER'),(42,'ROLE_USER'),(43,'ROLE_USER'),(44,'ROLE_USER'),(45,'ROLE_USER'),(46,'ROLE_USER'),(47,'ROLE_USER'),(48,'ROLE_USER'),(49,'ROLE_USER'),(50,'ROLE_USER'),(51,'ROLE_USER'),(52,'ROLE_USER'),(53,'ROLE_USER'),(54,'ROLE_USER'),(55,'ROLE_USER'),(56,'ROLE_USER'),(57,'ROLE_USER'),(58,'ROLE_USER'),(59,'ROLE_USER'),(60,'ROLE_USER'),(61,'ROLE_USER'),(62,'ROLE_USER'),(63,'ROLE_USER'),(64,'ROLE_USER'),(65,'ROLE_USER'),(66,'ROLE_USER'),(67,'ROLE_USER'),(68,'ROLE_USER'),(69,'ROLE_USER'),(70,'ROLE_USER'),(71,'ROLE_USER'),(72,'ROLE_USER'),(73,'ROLE_USER'),(74,'ROLE_USER'),(75,'ROLE_USER'),(76,'ROLE_USER'),(77,'ROLE_USER'),(78,'ROLE_USER'),(79,'ROLE_USER'),(80,'ROLE_USER'),(81,'ROLE_USER'),(82,'ROLE_USER'),(83,'ROLE_USER'),(84,'ROLE_USER'),(85,'ROLE_USER'),(86,'ROLE_USER'),(87,'ROLE_USER'),(88,'ROLE_USER'),(89,'ROLE_USER'),(90,'ROLE_USER'),(91,'ROLE_USER'),(92,'ROLE_USER'),(93,'ROLE_USER'),(94,'ROLE_USER'),(95,'ROLE_USER'),(96,'ROLE_USER'),(97,'ROLE_USER'),(98,'ROLE_USER'),(99,'ROLE_USER'),(100,'ROLE_USER'),(101,'ROLE_USER'),(102,'ROLE_USER'),(103,'ROLE_USER'),(104,'ROLE_USER'),(105,'ROLE_USER'),(106,'ROLE_USER'),(107,'ROLE_USER'),(108,'ROLE_USER'),(109,'ROLE_USER'),(110,'ROLE_USER'),(111,'ROLE_USER'),(112,'ROLE_USER'),(113,'ROLE_USER'),(114,'ROLE_USER'),(115,'ROLE_USER'),(116,'ROLE_USER'),(117,'ROLE_USER'),(118,'ROLE_USER'),(119,'ROLE_USER'),(120,'ROLE_USER'),(121,'ROLE_USER'),(122,'ROLE_USER'),(123,'ROLE_USER'),(124,'ROLE_USER'),(125,'ROLE_USER'),(126,'ROLE_USER'),(127,'ROLE_USER'),(128,'ROLE_USER'),(129,'ROLE_USER'),(130,'ROLE_USER'),(131,'ROLE_USER'),(132,'ROLE_USER'),(133,'ROLE_USER'),(134,'ROLE_USER'),(135,'ROLE_USER'),(136,'ROLE_USER'),(137,'ROLE_USER'),(138,'ROLE_USER'),(139,'ROLE_USER'),(140,'ROLE_USER'),(141,'ROLE_USER'),(142,'ROLE_USER'),(143,'ROLE_USER'),(144,'ROLE_USER'),(145,'ROLE_USER'),(146,'ROLE_USER'),(147,'ROLE_USER'),(148,'ROLE_USER'),(149,'ROLE_USER'),(150,'ROLE_USER'),(151,'ROLE_USER'),(152,'ROLE_USER'),(153,'ROLE_USER'),(154,'ROLE_USER'),(155,'ROLE_USER'),(156,'ROLE_USER'),(157,'ROLE_USER'),(158,'ROLE_USER'),(159,'ROLE_USER'),(160,'ROLE_USER'),(161,'ROLE_USER'),(162,'ROLE_USER'),(163,'ROLE_USER'),(164,'ROLE_USER'),(165,'ROLE_USER'),(166,'ROLE_USER'),(167,'ROLE_USER'),(168,'ROLE_USER'),(169,'ROLE_USER'),(170,'ROLE_USER'),(171,'ROLE_USER'),(172,'ROLE_USER'),(173,'ROLE_USER'),(174,'ROLE_USER'),(175,'ROLE_USER'),(176,'ROLE_USER'),(177,'ROLE_USER'),(178,'ROLE_USER'),(179,'ROLE_USER'),(180,'ROLE_USER'),(181,'ROLE_USER'),(182,'ROLE_USER'),(183,'ROLE_USER'),(184,'ROLE_USER'),(185,'ROLE_USER'),(186,'ROLE_USER'),(187,'ROLE_USER'),(188,'ROLE_USER'),(189,'ROLE_USER'),(190,'ROLE_USER'),(191,'ROLE_USER'),(192,'ROLE_USER'),(193,'ROLE_USER'),(194,'ROLE_USER'),(195,'ROLE_USER'),(196,'ROLE_USER'),(197,'ROLE_USER'),(198,'ROLE_USER'),(199,'ROLE_USER'),(200,'ROLE_USER'),(201,'ROLE_USER'),(202,'ROLE_USER'),(203,'ROLE_USER'),(204,'ROLE_USER'),(205,'ROLE_USER'),(206,'ROLE_USER'),(207,'ROLE_USER'),(208,'ROLE_USER'),(209,'ROLE_USER'),(210,'ROLE_USER'),(211,'ROLE_USER'),(212,'ROLE_USER'),(213,'ROLE_USER'),(214,'ROLE_USER'),(215,'ROLE_USER'),(216,'ROLE_USER'),(217,'ROLE_USER'),(218,'ROLE_USER'),(219,'ROLE_USER'),(220,'ROLE_USER'),(221,'ROLE_USER'),(222,'ROLE_USER'),(223,'ROLE_USER'),(224,'ROLE_USER'),(225,'ROLE_USER'),(226,'ROLE_USER'),(227,'ROLE_USER'),(228,'ROLE_USER'),(229,'ROLE_USER'),(230,'ROLE_USER'),(231,'ROLE_USER'),(232,'ROLE_USER'),(233,'ROLE_USER'),(234,'ROLE_USER'),(235,'ROLE_USER'),(236,'ROLE_USER'),(237,'ROLE_USER'),(238,'ROLE_USER'),(239,'ROLE_USER'),(240,'ROLE_USER'),(241,'ROLE_USER'),(242,'ROLE_USER'),(243,'ROLE_USER'),(244,'ROLE_USER'),(245,'ROLE_USER'),(246,'ROLE_USER'),(247,'ROLE_USER'),(248,'ROLE_USER'),(249,'ROLE_USER'),(250,'ROLE_USER'),(251,'ROLE_USER'),(252,'ROLE_USER'),(253,'ROLE_USER'),(254,'ROLE_USER'),(255,'ROLE_USER'),(256,'ROLE_USER'),(257,'ROLE_USER'),(258,'ROLE_USER'),(259,'ROLE_USER'),(260,'ROLE_USER'),(261,'ROLE_USER'),(262,'ROLE_USER'),(263,'ROLE_USER'),(264,'ROLE_USER'),(265,'ROLE_USER'),(266,'ROLE_USER'),(267,'ROLE_USER'),(268,'ROLE_USER'),(269,'ROLE_USER'),(270,'ROLE_USER'),(271,'ROLE_USER'),(272,'ROLE_USER'),(273,'ROLE_USER'),(274,'ROLE_USER'),(275,'ROLE_USER'),(276,'ROLE_USER'),(277,'ROLE_USER'),(278,'ROLE_USER'),(279,'ROLE_USER'),(280,'ROLE_USER'),(281,'ROLE_USER'),(282,'ROLE_USER'),(283,'ROLE_USER'),(284,'ROLE_USER'),(285,'ROLE_USER'),(286,'ROLE_USER'),(287,'ROLE_USER'),(288,'ROLE_USER'),(289,'ROLE_USER'),(290,'ROLE_USER'),(291,'ROLE_USER'),(292,'ROLE_USER'),(293,'ROLE_USER'),(294,'ROLE_USER'),(295,'ROLE_USER'),(296,'ROLE_USER'),(297,'ROLE_USER'),(298,'ROLE_USER'),(299,'ROLE_USER'),(300,'ROLE_USER'),(301,'ROLE_USER'),(302,'ROLE_USER'),(303,'ROLE_USER'),(304,'ROLE_USER'),(305,'ROLE_USER'),(306,'ROLE_USER'),(307,'ROLE_USER'),(308,'ROLE_USER'),(309,'ROLE_USER'),(310,'ROLE_USER'),(311,'ROLE_USER'),(312,'ROLE_USER'),(313,'ROLE_USER'),(314,'ROLE_USER'),(315,'ROLE_USER'),(316,'ROLE_USER'),(317,'ROLE_USER'),(318,'ROLE_USER'),(319,'ROLE_USER'),(320,'ROLE_USER'),(321,'ROLE_USER'),(322,'ROLE_USER'),(323,'ROLE_USER'),(324,'ROLE_USER'),(325,'ROLE_USER'),(326,'ROLE_USER'),(327,'ROLE_USER'),(328,'ROLE_USER'),(329,'ROLE_USER'),(330,'ROLE_USER'),(331,'ROLE_USER'),(332,'ROLE_USER'),(333,'ROLE_USER'),(334,'ROLE_USER'),(335,'ROLE_USER'),(336,'ROLE_USER'),(337,'ROLE_USER'),(338,'ROLE_USER'),(339,'ROLE_USER'),(340,'ROLE_USER'),(341,'ROLE_USER'),(342,'ROLE_USER'),(343,'ROLE_USER'),(344,'ROLE_USER'),(345,'ROLE_USER'),(346,'ROLE_USER'),(347,'ROLE_USER'),(348,'ROLE_USER'),(349,'ROLE_USER'),(350,'ROLE_USER'),(351,'ROLE_USER'),(352,'ROLE_USER'),(353,'ROLE_USER'),(354,'ROLE_USER'),(355,'ROLE_USER'),(356,'ROLE_USER'),(357,'ROLE_USER'),(358,'ROLE_USER'),(359,'ROLE_USER'),(360,'ROLE_USER'),(361,'ROLE_USER'),(362,'ROLE_USER');
/*!40000 ALTER TABLE `jhi_user_authority` ENABLE KEYS */;
UNLOCK TABLES;

--
-- Table structure for table `miembro`
--

DROP TABLE IF EXISTS `miembro`;
/*!40101 SET @saved_cs_client     = @@character_set_client */;
/*!40101 SET character_set_client = utf8 */;
CREATE TABLE `miembro` (
  `id` bigint(20) NOT NULL AUTO_INCREMENT,
  `fecha_alta` date NOT NULL,
  `fecha_baja` date DEFAULT NULL,
  `observaciones` varchar(255) DEFAULT NULL,
  `organo_id` bigint(20) NOT NULL,
  `cargo_id` bigint(20) NOT NULL,
  `user_id` bigint(20) NOT NULL,
  PRIMARY KEY (`id`),
  KEY `fk_miembro_organo_id` (`organo_id`),
  KEY `fk_miembro_cargo_id` (`cargo_id`),
  KEY `fk_miembro_user_id` (`user_id`),
  CONSTRAINT `fk_miembro_cargo_id` FOREIGN KEY (`cargo_id`) REFERENCES `cargo` (`id`),
  CONSTRAINT `fk_miembro_organo_id` FOREIGN KEY (`organo_id`) REFERENCES `organo` (`id`),
  CONSTRAINT `fk_miembro_user_id` FOREIGN KEY (`user_id`) REFERENCES `jhi_user` (`id`)
) ENGINE=InnoDB AUTO_INCREMENT=255 DEFAULT CHARSET=latin1;
/*!40101 SET character_set_client = @saved_cs_client */;

--
-- Dumping data for table `miembro`
--

LOCK TABLES `miembro` WRITE;
/*!40000 ALTER TABLE `miembro` DISABLE KEYS */;
INSERT INTO `miembro` VALUES (1,'2013-04-12',NULL,'Presidente',7,1,91),(2,'2013-04-13',NULL,'Secretario',7,2,19),(3,'2015-05-07',NULL,'',6,3,110),(4,'2013-07-22','2015-05-07','',6,3,222),(5,'2008-03-12','2012-11-06','',6,3,125),(6,'2013-06-21',NULL,'Representante Depto. COM',7,3,122),(7,'2011-03-03',NULL,'Vicedecano de Calidad',7,3,65),(8,'2010-09-30',NULL,'',6,3,131),(9,'2012-02-14','2014-11-20','',6,3,233),(10,'2015-10-09',NULL,'',6,3,137),(11,'2007-04-19','2008-03-12','',6,3,262),(12,'2006-03-10','2012-04-18','',6,1,151),(13,'2010-07-19','2013-05-16','Representante Depto COM',7,3,5),(14,'1970-01-01',NULL,'Sector Profesorado',1,3,5),(15,'2009-02-26','2014-09-22','Sector Estudiantes',1,3,163),(16,'2009-02-26','2012-03-09','Sector Estudiantes',1,3,274),(17,'1970-01-01',NULL,'Sector Profesorado',1,3,6),(18,'2007-12-21','2009-09-30','Representante Depto COM',2,3,6),(19,'2013-07-08',NULL,'',26,3,6),(21,'2007-01-26','2009-03-12','',7,3,10),(22,'2006-10-26','2007-01-25','',7,3,155),(23,'2006-09-20','2008-12-16','',7,3,19),(24,'2013-09-11','2014-10-23','',7,3,167),(25,'2006-09-20','2008-09-29','',7,3,25),(26,'2014-10-14',NULL,'Administradora',7,3,169),(27,'2006-10-26','2010-09-10','',7,3,265),(28,'2009-03-12','2013-05-16','',7,3,47),(29,'2010-11-24','2011-03-03','',7,3,266),(30,'2009-03-12','2009-07-29','',7,3,267),(31,'2009-11-20','2010-11-24','',7,3,268),(32,'2013-10-25','2014-10-14','',7,3,182),(33,'2015-10-09',NULL,'',6,3,151),(34,'2015-10-09',NULL,'',6,3,158),(35,'2006-09-20','2013-03-21','',7,1,66),(36,'2009-03-12','2009-07-29','',7,3,257),(37,'2013-06-21',NULL,'Representante Depto. MAT',7,3,68),(38,'2011-04-29','2013-03-21','',7,3,191),(39,'2008-09-15','2008-09-15','',7,3,269),(40,'2011-03-03','2011-03-03','',7,3,199),(41,'2009-04-30','2013-03-21','',7,2,82),(42,'2013-05-16','2014-10-23','',7,3,200),(43,'2007-01-26','2009-03-12','Secretario',7,2,155),(44,'2015-02-05',NULL,'Representante estudiantes',7,3,202),(45,'2006-09-20','2008-10-30','',7,3,261),(46,'2007-01-26','2008-01-29','',7,3,270),(47,'2011-03-03','2013-01-25','',7,3,271),(48,'2009-03-12','2013-03-21','',7,3,222),(49,'2006-10-26','2006-10-26','',7,3,272),(50,'2008-03-12','2009-11-20','',6,3,159),(51,'2008-03-12','2008-03-12','',6,3,250),(52,'2011-03-03','2011-03-03','',7,3,229),(53,'2009-03-12','2010-11-24','',7,3,233),(54,'2015-02-05','2016-03-01','Representante PAS',7,3,237),(55,'2006-09-20',NULL,'Representante Depto. TIC',7,3,141),(56,'2015-02-05',NULL,'Representante estudiantes',7,3,244),(57,'2006-09-20','2006-12-18','',7,2,145),(58,'2013-09-11','2014-10-23','',7,3,247),(59,'2009-03-13',NULL,'Representante Depto. ELS',7,3,155),(61,'2011-02-21','2013-03-22','',2,3,11),(62,'1970-01-01','2010-02-18','',2,3,165),(63,'2010-02-01',NULL,'',2,3,16),(64,'2013-04-12',NULL,'',2,2,19),(65,'2008-12-18','2012-05-16','',2,3,19),(66,'2010-02-01',NULL,'',2,3,29),(67,'2015-07-21',NULL,'',2,3,171),(68,'2013-04-12',NULL,'',2,3,34),(69,'1970-01-01','2007-12-21','',2,3,38),(70,'1970-01-01','2012-05-16','',2,3,40),(71,'1970-01-01','2008-12-18','',2,3,43),(72,'2014-09-10','2014-12-09','',2,3,178),(73,'2008-12-18','2013-03-22','',2,3,51),(74,'2007-12-21',NULL,'',2,3,52),(75,'2009-09-30','2016-03-31','Representante Departamento ELS',2,3,57),(76,'2009-09-30','2014-12-09','',2,3,188),(77,'2011-01-27',NULL,'',2,3,65),(78,'1970-01-01','2013-03-22','',2,3,66),(79,'1970-01-01','2007-03-15','',2,3,257),(80,'2015-07-21',NULL,'',2,3,193),(81,'2014-09-10','2014-09-10','',2,3,77),(82,'2007-12-21','2013-03-22','',2,3,79),(83,'2009-09-30','2013-03-22','',2,2,82),(84,'1970-01-01','2007-03-15','',2,3,258),(85,'2013-04-12',NULL,'',2,1,86),(86,'2012-11-07','2013-03-22','',2,3,86),(87,'2013-04-12',NULL,'',2,3,87),(88,'2013-04-12',NULL,'',2,3,91),(89,'2014-02-06','2014-12-09','',2,3,202),(90,'2008-03-05','2008-03-05','',2,3,259),(91,'2014-01-23','2014-12-09','',2,3,207),(93,'2008-12-18','2011-02-21','',2,3,260),(94,'1970-01-01','2008-12-18','',2,3,261),(95,'1970-01-01',NULL,'',2,3,101),(96,'2008-03-12',NULL,'',6,3,153),(97,'2015-07-21',NULL,'',2,3,217),(98,'2007-12-21','2008-12-18','',2,3,117),(99,'2011-02-21','2012-05-16','',2,3,125),(100,'2012-02-24','2013-03-22','',2,3,219),(101,'2009-09-30','2013-03-22','',2,3,227),(102,'2011-02-21',NULL,'',2,3,229),(103,'2009-09-30','2014-12-09','',2,3,233),(104,'2015-07-21',NULL,'',2,3,245),(105,'1970-01-01','2011-02-15','',2,3,263),(106,'2010-02-18','2010-02-18','',2,3,264),(107,'1970-01-01','2008-03-05','',2,3,262),(108,'2009-09-30','2013-03-22','',2,3,8),(109,'1970-01-01','2013-03-22','',2,1,151),(110,'2008-03-05','2008-12-18','',2,3,156),(111,'2013-04-12',NULL,'',2,3,159),(112,'1970-01-01','2008-12-18','',2,2,155),(113,'2010-09-30','2012-11-06','',6,3,14),(115,'2008-03-12',NULL,'',6,2,19),(118,'2010-12-13','2012-04-18','',6,3,33),(119,'2007-10-17','2012-11-06','',6,2,41),(120,'2006-03-10','2015-05-07','',6,3,41),(121,'2008-03-12','2008-03-12','',6,3,175),(122,'2008-03-12','2010-09-30','',6,3,43),(123,'2010-12-13','2012-11-06','',6,3,273),(125,'2006-03-10','2010-09-30','',6,2,52),(126,'2008-03-12','2014-06-05','',6,3,52),(127,'2006-03-10','2009-11-20','',6,3,56),(129,'2012-11-06','2012-11-06','',6,1,65),(130,'2010-12-13','2012-04-18','',6,2,65),(131,'2010-09-30','2013-07-22','',6,3,65),(132,'2013-12-13',NULL,'',6,4,65),(133,'2008-03-12',NULL,'',6,3,191),(134,'2013-07-22','2015-05-07','',6,3,69),(135,'2006-03-10','2006-05-25','',6,3,269),(136,'2008-03-12',NULL,'',6,3,76),(137,'2010-12-13',NULL,'',6,3,77),(138,'2012-02-14','2012-02-14','',6,3,199),(139,'2008-03-12',NULL,'',6,1,86),(140,'2013-07-22','2015-05-07','',6,3,91),(141,'2006-03-10','2006-05-25','',6,3,96),(143,'2006-03-10','2009-11-20','',6,3,214),(144,'2010-12-13','2010-12-13','',6,3,108),(145,'2013-06-14',NULL,'',22,3,13),(146,'2013-05-15',NULL,'',22,2,19),(147,'2015-03-01',NULL,'',22,3,28),(148,'2013-05-15',NULL,'',22,3,33),(149,'2013-05-15','2015-03-01','',22,3,36),(150,'2013-06-14',NULL,'',22,3,45),(151,'2013-06-14',NULL,'',22,3,50),(152,'2013-05-15',NULL,'',22,3,71),(153,'2015-03-15',NULL,'',22,1,110),(154,'2013-05-15',NULL,'',22,3,129),(155,'2013-06-14',NULL,'',22,3,137),(156,'2013-06-14',NULL,'',22,3,143),(157,'2013-06-14',NULL,'',22,3,155),(158,'2013-05-15','2015-03-15','',22,1,91),(159,'2013-06-14',NULL,'',22,3,131),(160,'2013-06-14',NULL,'',22,3,141),(161,'2013-11-22',NULL,'',23,2,19),(162,'2013-11-22',NULL,'',23,3,25),(163,'2013-11-22',NULL,'',23,3,51),(164,'2013-11-22',NULL,'',23,3,52),(165,'2013-11-22',NULL,'',23,1,76),(166,'2015-10-03',NULL,'',23,3,91),(167,'2013-11-22',NULL,'',23,3,115),(168,'2013-11-22','2015-10-03','',23,3,140),(169,'2012-10-30',NULL,'',4,3,16),(171,'2013-04-29',NULL,'',4,2,19),(172,'2012-10-30',NULL,'',4,3,29),(173,'2015-02-11',NULL,'',4,3,175),(174,'2012-10-30','2013-03-11','',4,3,178),(175,'2013-04-29',NULL,'',4,3,52),(176,'2012-10-30','2013-03-11','',4,3,182),(177,'2013-04-29','2016-03-31','Representante Departamento ELS',4,3,57),(178,'2012-10-30','2014-11-20','',4,3,188),(179,'2013-04-29',NULL,'',4,3,191),(180,'2012-12-19','2013-04-29','',4,2,73),(182,'2013-06-07',NULL,'',4,3,76),(183,'2012-10-30','2013-03-11','',4,3,79),(184,'2013-04-29',NULL,'',4,1,86),(185,'2012-12-19','2013-03-11','',4,3,86),(186,'2012-10-30',NULL,'',4,3,101),(187,'2012-10-30','2012-10-30','',4,2,125),(188,'2012-10-30','2013-03-11','',4,3,8),(189,'2012-10-30','2013-03-11','',4,1,151),(190,'2013-04-29',NULL,'',4,3,159),(191,'2015-02-11',NULL,'',4,3,250),(192,'2013-06-20',NULL,'',31,1,52),(193,'2013-06-20',NULL,'',31,3,76),(194,'2015-06-10',NULL,'',31,3,201),(195,'2015-06-10',NULL,'',31,3,204),(196,'2013-06-20',NULL,'',31,2,97),(197,'2013-06-20','2014-12-03','',31,3,233),(198,'2013-06-20',NULL,'',31,3,141),(199,'2013-06-20','2014-12-03','',31,3,250),(200,'2013-07-08',NULL,'',26,3,6),(201,'2013-07-08',NULL,'',26,3,7),(202,'2013-07-08',NULL,'',26,3,10),(203,'2013-07-08',NULL,'',26,3,16),(204,'2014-10-29',NULL,'',26,3,19),(205,'2013-07-08',NULL,'',26,3,25),(206,'2013-07-08',NULL,'',26,3,29),(207,'2013-07-08',NULL,'',26,3,46),(208,'2013-07-08',NULL,'',26,3,56),(209,'2014-10-29',NULL,'',26,3,59),(210,'2014-10-29',NULL,'',26,3,71),(211,'2013-07-08',NULL,'',26,3,73),(212,'2013-07-08','2013-07-08','',26,1,79),(213,'2014-10-29',NULL,'',26,3,79),(214,'2013-07-08','2015-04-20','',26,2,91),(215,'2013-07-08','2013-07-08','',26,3,92),(216,'2013-07-08',NULL,'',26,3,105),(217,'2014-10-29',NULL,'',26,1,117),(218,'2013-07-08','2013-07-08','',26,3,117),(219,'2013-07-08',NULL,'',26,3,134),(220,'2013-07-08',NULL,'',26,3,147),(221,'2013-07-08',NULL,'',26,3,160),(222,'2013-07-08','2013-07-08','',26,3,153),(223,'2013-07-08',NULL,'',26,3,155),(224,'2015-04-20',NULL,'',26,2,110),(226,'2013-07-08',NULL,'',28,3,10),(227,'2015-11-10',NULL,'',28,3,12),(228,'2013-07-08',NULL,'',28,3,16),(229,'2014-10-27',NULL,'',28,3,19),(230,'2013-07-08','2013-07-08','',28,3,32),(231,'2013-07-08','2014-10-27','',28,3,40),(232,'2013-07-08',NULL,'',28,3,44),(233,'2013-07-08','2013-07-08','',28,3,52),(234,'2013-07-08',NULL,'',28,3,54),(235,'2013-07-08',NULL,'',28,3,56),(236,'2014-10-27',NULL,'',28,3,57),(237,'2014-10-27',NULL,'',28,3,71),(238,'2013-07-08','2013-07-08','',28,3,73),(239,'2013-07-08',NULL,'',28,3,77),(240,'2013-07-08','2014-10-27','',28,2,91),(241,'2013-07-08','2013-07-08','',28,3,92),(242,'2015-11-10',NULL,'',28,3,109),(243,'2015-11-10',NULL,'',28,2,110),(244,'2013-07-08',NULL,'',28,3,138),(245,'2013-07-08',NULL,'',28,3,135),(246,'2013-07-08',NULL,'',28,3,147),(247,'2013-07-08','2013-07-08','',28,3,8),(248,'2015-11-10',NULL,'',28,3,152),(249,'2013-07-08','2013-07-08','',28,3,153),(250,'2013-07-08',NULL,'',28,1,155),(251,'2013-07-08',NULL,'',28,3,162),(252,'2016-04-01',NULL,'Representante Departamento ELS',2,3,99),(253,'2016-04-01',NULL,'Representante Departamento ELS',4,3,99);
/*!40000 ALTER TABLE `miembro` ENABLE KEYS */;
UNLOCK TABLES;

--
-- Table structure for table `organo`
--

DROP TABLE IF EXISTS `organo`;
/*!40101 SET @saved_cs_client     = @@character_set_client */;
/*!40101 SET character_set_client = utf8 */;
CREATE TABLE `organo` (
  `id` bigint(20) NOT NULL AUTO_INCREMENT,
  `nombre` varchar(255) NOT NULL,
  `descripcion` varchar(255) DEFAULT NULL,
  `grupo_id` bigint(20) NOT NULL,
  PRIMARY KEY (`id`),
  KEY `fk_organo_grupo_id` (`grupo_id`),
  CONSTRAINT `fk_organo_grupo_id` FOREIGN KEY (`grupo_id`) REFERENCES `grupo` (`id`)
) ENGINE=InnoDB AUTO_INCREMENT=34 DEFAULT CHARSET=latin1;
/*!40101 SET character_set_client = @saved_cs_client */;

--
-- Dumping data for table `organo`
--

LOCK TABLES `organo` WRITE;
/*!40000 ALTER TABLE `organo` DISABLE KEYS */;
INSERT INTO `organo` VALUES (1,'Junta de facultad',NULL,1),(2,'Comisión permanente',NULL,2),(3,'Comisión de postgrado: Máster en ingeniería de sistemas informáticos',NULL,7),(4,'Comisión académica del máster en ingeniería informática',NULL,7),(5,'Comisión de anteproyectos (II)',NULL,13),(6,'Comisión de garantía de calidad',NULL,4),(7,'Comisión de docencia',NULL,13),(8,'Comisión de grado',NULL,7),(9,'Comisión de infraestructuras',NULL,3),(10,'Comisión de recursos',NULL,3),(11,'Comisión de relaciones internacionales',NULL,11),(12,'Comisión de coordinación: Materias básicas',NULL,8),(13,'Comisión de coordinación: Módulo común',NULL,8),(14,'Comisión de coordinación vertical 1: Programación y desarrollo de software',NULL,8),(15,'Comisión de coordinación vertical 2: Computadores e infraestructuras',NULL,8),(16,'Comisión de coordinación vertical 3: Información y comunicaciones',NULL,8),(17,'Comisión de coordinación vertical 4: Proyectos',NULL,8),(18,'Comisión de coordinación: Módulo de especialización TI',NULL,8),(19,'Comisión de coordinación: Curso puente',NULL,8),(20,'Tribunal de compensación',NULL,13),(21,'Comisión de postgrado: Máster en informática',NULL,7),(22,'Comisión gestora de TFG',NULL,13),(23,'Comisión gestora de TFM',NULL,13),(24,'Comisión de normalización lingüística',NULL,12),(25,'Comisión de coordinación: Módulo de especialización SI',NULL,8),(26,'Comisión de coordinación: Módulo de especialización C',NULL,8),(27,'Comisión de coordinación: Módulo de especialización ES',NULL,8),(28,'Comisión de coordinación: Módulo de especialización EC',NULL,8),(29,'Comisión de coordinación del Máster en Ingeniería Informática',NULL,7),(30,'Comisión encargada de elaborar la propuesta de Máster en Ingeniería Informática',NULL,13),(31,'Comisión de prácticas externas del grado en ingeniería informática',NULL,10);
/*!40000 ALTER TABLE `organo` ENABLE KEYS */;
UNLOCK TABLES;

--
-- Table structure for table `participante`
--

DROP TABLE IF EXISTS `participante`;
/*!40101 SET @saved_cs_client     = @@character_set_client */;
/*!40101 SET character_set_client = utf8 */;
CREATE TABLE `participante` (
  `id` bigint(20) NOT NULL AUTO_INCREMENT,
  `asistencia` varchar(255) DEFAULT NULL,
  `observaciones` varchar(255) DEFAULT NULL,
  `sesion_id` bigint(20) NOT NULL,
  `cargo_id` bigint(20) NOT NULL,
  `user_id` bigint(20) NOT NULL,
  PRIMARY KEY (`id`),
  KEY `fk_participante_sesion_id` (`sesion_id`),
  KEY `fk_participante_cargo_id` (`cargo_id`),
  KEY `fk_participante_user_id` (`user_id`),
  CONSTRAINT `fk_participante_cargo_id` FOREIGN KEY (`cargo_id`) REFERENCES `cargo` (`id`),
  CONSTRAINT `fk_participante_sesion_id` FOREIGN KEY (`sesion_id`) REFERENCES `sesion` (`id`),
  CONSTRAINT `fk_participante_user_id` FOREIGN KEY (`user_id`) REFERENCES `jhi_user` (`id`)
) ENGINE=InnoDB AUTO_INCREMENT=10644 DEFAULT CHARSET=latin1;
/*!40101 SET character_set_client = @saved_cs_client */;

--
-- Dumping data for table `participante`
--

LOCK TABLES `participante` WRITE;
/*!40000 ALTER TABLE `participante` DISABLE KEYS */;
INSERT INTO `participante` VALUES (1,'asiste',NULL,1,3,8),(2,'asiste',NULL,2,3,8),(3,'asiste',NULL,3,3,8),(4,'asiste',NULL,4,3,8),(5,'disculpa',NULL,5,3,8),(6,'disculpa',NULL,157,3,8),(7,'asiste',NULL,157,3,9),(8,'disculpa',NULL,157,3,22),(9,'asiste',NULL,157,3,25),(10,'asiste',NULL,157,3,28),(11,'asiste',NULL,157,3,29),(12,'asiste',NULL,157,3,31),(13,'asiste',NULL,157,3,33),(14,'asiste',NULL,157,3,36),(15,'asiste',NULL,157,3,39),(16,'asiste',NULL,157,3,41),(17,'asiste',NULL,157,3,44),(18,'asiste',NULL,157,3,45),(19,'asiste',NULL,157,3,47),(20,'disculpa',NULL,157,3,61),(21,'disculpa',NULL,157,3,66),(22,'disculpa',NULL,157,3,69),(23,'asiste',NULL,157,3,71),(24,'disculpa',NULL,157,3,81),(25,'asiste',NULL,157,1,82),(26,'asiste',NULL,157,3,99),(27,'disculpa',NULL,157,3,119),(28,'disculpa',NULL,157,3,132),(29,'asiste',NULL,157,3,133),(30,'asiste',NULL,157,3,145),(31,'asiste',NULL,157,3,147),(32,'asiste',NULL,157,3,162),(33,'disculpa',NULL,157,1,91),(34,'asiste',NULL,159,1,86),(35,'asiste',NULL,159,2,19),(36,'asiste',NULL,159,3,5),(37,'asiste',NULL,159,3,6),(38,'asiste',NULL,159,3,7),(39,'asiste',NULL,159,3,8),(40,'asiste',NULL,159,3,9),(41,'asiste',NULL,159,3,10),(42,'asiste',NULL,159,3,11),(43,'asiste',NULL,159,3,12),(44,'asiste',NULL,159,3,13),(45,'asiste',NULL,159,3,14),(46,'asiste',NULL,159,3,16),(47,'asiste',NULL,159,3,18),(48,'asiste',NULL,159,3,22),(49,'asiste',NULL,159,3,23),(50,'asiste',NULL,159,3,25),(51,'asiste',NULL,159,3,28),(52,'asiste',NULL,159,3,29),(53,'asiste',NULL,159,3,32),(54,'asiste',NULL,159,3,33),(55,'asiste',NULL,159,3,34),(56,'asiste',NULL,159,3,35),(57,'asiste',NULL,159,3,36),(58,'asiste',NULL,159,3,41),(59,'asiste',NULL,159,3,43),(60,'asiste',NULL,159,3,44),(61,'asiste',NULL,159,3,47),(62,'asiste',NULL,159,3,49),(63,'asiste',NULL,159,3,51),(64,'asiste',NULL,159,3,52),(65,'asiste',NULL,159,3,58),(66,'asiste',NULL,159,3,60),(67,'asiste',NULL,159,3,61),(68,'asiste',NULL,159,3,62),(69,'asiste',NULL,159,3,65),(70,'asiste',NULL,159,3,66),(71,'asiste',NULL,159,3,68),(72,'asiste',NULL,159,3,69),(73,'asiste',NULL,159,3,70),(74,'asiste',NULL,159,3,71),(75,'asiste',NULL,159,3,72),(76,'asiste',NULL,159,3,75),(77,'asiste',NULL,159,3,76),(78,'asiste',NULL,159,3,77),(79,'asiste',NULL,159,3,78),(80,'asiste',NULL,159,3,79),(81,'asiste',NULL,159,3,81),(82,'asiste',NULL,159,3,85),(83,'asiste',NULL,159,3,87),(84,'asiste',NULL,159,3,88),(85,'asiste',NULL,159,3,89),(86,'asiste',NULL,159,3,91),(87,'asiste',NULL,159,3,92),(88,'asiste',NULL,159,3,93),(89,'asiste',NULL,159,3,95),(90,'asiste',NULL,159,3,97),(91,'asiste',NULL,159,3,98),(92,'asiste',NULL,159,3,99),(93,'asiste',NULL,159,3,101),(94,'asiste',NULL,159,3,102),(95,'asiste',NULL,159,3,104),(96,'asiste',NULL,159,3,106),(97,'asiste',NULL,159,3,107),(98,'asiste',NULL,159,3,109),(99,'asiste',NULL,159,3,110),(100,'asiste',NULL,159,3,111),(101,'asiste',NULL,159,3,112),(102,'asiste',NULL,159,3,113),(103,'asiste',NULL,159,3,114),(104,'asiste',NULL,159,3,115),(105,'asiste',NULL,159,3,116),(106,'asiste',NULL,159,3,117),(107,'asiste',NULL,159,3,122),(108,'asiste',NULL,159,3,123),(109,'asiste',NULL,159,3,126),(110,'asiste',NULL,159,3,131),(111,'asiste',NULL,159,3,132),(112,'asiste',NULL,159,3,133),(113,'asiste',NULL,159,3,134),(114,'asiste',NULL,159,3,135),(115,'asiste',NULL,159,3,136),(116,'asiste',NULL,159,3,138),(117,'asiste',NULL,159,3,139),(118,'asiste',NULL,159,3,141),(119,'asiste',NULL,159,3,146),(120,'asiste',NULL,159,3,147),(121,'asiste',NULL,159,3,148),(122,'asiste',NULL,159,3,150),(123,'asiste',NULL,159,3,151),(124,'asiste',NULL,159,3,152),(125,'asiste',NULL,159,3,154),(126,'asiste',NULL,159,3,156),(127,'asiste',NULL,159,3,157),(128,'asiste',NULL,159,3,158),(129,'asiste',NULL,159,3,159),(130,'asiste',NULL,159,3,160),(131,'asiste',NULL,159,3,162),(132,'asiste',NULL,159,3,168),(133,'asiste',NULL,159,3,170),(134,'asiste',NULL,159,3,174),(135,'asiste',NULL,159,3,176),(136,'asiste',NULL,159,3,177),(137,'asiste',NULL,159,3,178),(138,'asiste',NULL,159,3,181),(139,'asiste',NULL,159,3,183),(140,'asiste',NULL,159,3,184),(141,'asiste',NULL,159,3,185),(142,'asiste',NULL,159,3,186),(143,'asiste',NULL,159,3,187),(144,'asiste',NULL,159,3,188),(145,'asiste',NULL,159,3,189),(146,'asiste',NULL,159,3,190),(147,'asiste',NULL,159,3,199),(148,'asiste',NULL,159,3,200),(149,'asiste',NULL,159,3,205),(150,'asiste',NULL,159,3,207),(151,'asiste',NULL,159,3,212),(152,'asiste',NULL,159,3,213),(153,'asiste',NULL,159,3,218),(154,'asiste',NULL,159,3,223),(155,'asiste',NULL,159,3,232),(156,'asiste',NULL,159,3,233),(157,'asiste',NULL,159,3,239),(158,'asiste',NULL,159,3,244),(159,'asiste',NULL,159,3,245),(160,'asiste',NULL,159,3,248),(161,'asiste',NULL,159,3,250),(162,'asiste',NULL,159,3,253),(163,'disculpa',NULL,159,3,31),(164,'disculpa',NULL,159,3,46),(165,'disculpa',NULL,159,3,57),(166,'disculpa',NULL,159,3,125),(167,'disculpa',NULL,159,3,137),(168,'disculpa',NULL,159,3,140),(169,'disculpa',NULL,159,3,143),(170,'falta',NULL,159,3,17),(171,'falta',NULL,159,3,21),(172,'falta',NULL,159,3,24),(173,'falta',NULL,159,3,38),(174,'falta',NULL,159,3,40),(175,'falta',NULL,159,3,42),(176,'falta',NULL,159,3,54),(177,'falta',NULL,159,3,55),(178,'falta',NULL,159,3,67),(179,'falta',NULL,159,3,82),(180,'falta',NULL,159,3,83),(181,'falta',NULL,159,3,84),(182,'falta',NULL,159,3,96),(183,'falta',NULL,159,3,105),(184,'falta',NULL,159,3,118),(185,'falta',NULL,159,3,121),(186,'falta',NULL,159,3,142),(187,'falta',NULL,159,3,145),(188,'falta',NULL,159,3,149),(189,'falta',NULL,159,3,153),(190,'falta',NULL,159,3,155),(191,'falta',NULL,159,3,163),(192,'falta',NULL,159,3,164),(193,'falta',NULL,159,3,165),(194,'falta',NULL,159,3,166),(195,'falta',NULL,159,3,167),(196,'falta',NULL,159,3,179),(197,'falta',NULL,159,3,195),(198,'falta',NULL,159,3,196),(199,'falta',NULL,159,3,197),(200,'falta',NULL,159,3,198),(201,'falta',NULL,159,3,202),(202,'falta',NULL,159,3,203),(203,'falta',NULL,159,3,208),(204,'falta',NULL,159,3,209),(205,'falta',NULL,159,3,214),(206,'falta',NULL,159,3,215),(207,'falta',NULL,159,3,219),(208,'falta',NULL,159,3,221),(209,'falta',NULL,159,3,222),(210,'falta',NULL,159,3,225),(211,'falta',NULL,159,3,227),(212,'falta',NULL,159,3,229),(213,'falta',NULL,159,3,231),(214,'falta',NULL,159,3,236),(215,'falta',NULL,159,3,238),(216,'falta',NULL,159,3,241),(217,'falta',NULL,159,3,242),(218,'falta',NULL,159,3,243),(219,'falta',NULL,159,3,247),(220,'falta',NULL,159,3,249),(221,'falta',NULL,159,3,251),(222,'falta',NULL,159,3,254),(223,'asiste',NULL,160,3,5),(224,'asiste',NULL,160,3,6),(225,'asiste',NULL,160,3,7),(226,'asiste',NULL,160,3,8),(227,'asiste',NULL,160,3,9),(228,'disculpa',NULL,160,3,10),(229,'disculpa',NULL,160,3,11),(230,'asiste',NULL,160,3,12),(231,'asiste',NULL,160,3,13),(232,'asiste',NULL,160,3,14),(233,'asiste',NULL,160,3,16),(234,'falta',NULL,160,3,17),(235,'asiste',NULL,160,3,18),(236,'asiste',NULL,160,2,19),(237,'asiste',NULL,160,3,21),(238,'asiste',NULL,160,3,22),(239,'asiste',NULL,160,3,23),(240,'asiste',NULL,160,3,25),(241,'asiste',NULL,160,3,28),(242,'asiste',NULL,160,3,29),(243,'asiste',NULL,160,3,31),(244,'asiste',NULL,160,3,33),(245,'asiste',NULL,160,3,34),(246,'asiste',NULL,160,3,35),(247,'asiste',NULL,160,3,36),(248,'falta',NULL,160,3,38),(249,'asiste',NULL,160,3,40),(250,'asiste',NULL,160,3,41),(251,'asiste',NULL,160,3,43),(252,'asiste',NULL,160,3,44),(253,'asiste',NULL,160,3,45),(254,'asiste',NULL,160,3,46),(255,'asiste',NULL,160,3,47),(256,'asiste',NULL,160,3,48),(257,'asiste',NULL,160,3,49),(258,'asiste',NULL,160,3,50),(259,'asiste',NULL,160,3,51),(260,'asiste',NULL,160,3,52),(261,'asiste',NULL,160,3,54),(262,'asiste',NULL,160,3,55),(263,'asiste',NULL,160,3,57),(264,'asiste',NULL,160,3,58),(265,'asiste',NULL,160,3,59),(266,'asiste',NULL,160,3,60),(267,'asiste',NULL,160,3,61),(268,'asiste',NULL,160,3,65),(269,'asiste',NULL,160,3,66),(270,'asiste',NULL,160,3,68),(271,'asiste',NULL,160,3,69),(272,'asiste',NULL,160,3,70),(273,'asiste',NULL,160,3,71),(274,'asiste',NULL,160,3,72),(275,'asiste',NULL,160,3,74),(276,'asiste',NULL,160,3,75),(277,'asiste',NULL,160,3,76),(278,'asiste',NULL,160,3,77),(279,'asiste',NULL,160,3,78),(280,'asiste',NULL,160,3,79),(281,'asiste',NULL,160,3,81),(282,'asiste',NULL,160,3,82),(283,'asiste',NULL,160,3,83),(284,'asiste',NULL,160,3,85),(285,'asiste',NULL,160,1,86),(286,'asiste',NULL,160,3,87),(287,'asiste',NULL,160,3,88),(288,'asiste',NULL,160,3,89),(289,'asiste',NULL,160,3,91),(290,'asiste',NULL,160,3,92),(291,'asiste',NULL,160,3,93),(292,'asiste',NULL,160,3,95),(293,'disculpa',NULL,160,3,96),(294,'asiste',NULL,160,3,97),(295,'asiste',NULL,160,3,99),(296,'asiste',NULL,160,3,100),(297,'asiste',NULL,160,3,101),(298,'asiste',NULL,160,3,102),(299,'falta',NULL,160,3,104),(300,'asiste',NULL,160,3,105),(301,'asiste',NULL,160,3,106),(302,'falta',NULL,160,3,107),(303,'falta',NULL,160,3,109),(304,'asiste',NULL,160,3,110),(305,'asiste',NULL,160,3,111),(306,'asiste',NULL,160,3,112),(307,'asiste',NULL,160,3,113),(308,'asiste',NULL,160,3,114),(309,'asiste',NULL,160,3,115),(310,'asiste',NULL,160,3,116),(311,'asiste',NULL,160,3,117),(312,'asiste',NULL,160,3,118),(313,'falta',NULL,160,3,121),(314,'asiste',NULL,160,3,122),(315,'asiste',NULL,160,3,123),(316,'asiste',NULL,160,3,125),(317,'asiste',NULL,160,3,126),(318,'falta',NULL,160,3,130),(319,'asiste',NULL,160,3,131),(320,'asiste',NULL,160,3,132),(321,'asiste',NULL,160,3,133),(322,'asiste',NULL,160,3,134),(323,'disculpa',NULL,160,3,135),(324,'asiste',NULL,160,3,136),(325,'asiste',NULL,160,3,137),(326,'asiste',NULL,160,3,138),(327,'asiste',NULL,160,3,139),(328,'asiste',NULL,160,3,140),(329,'asiste',NULL,160,3,141),(330,'asiste',NULL,160,3,142),(331,'asiste',NULL,160,3,143),(332,'asiste',NULL,160,3,145),(333,'asiste',NULL,160,3,146),(334,'falta',NULL,160,3,147),(335,'asiste',NULL,160,3,148),(336,'asiste',NULL,160,3,149),(337,'asiste',NULL,160,3,150),(338,'asiste',NULL,160,3,151),(339,'asiste',NULL,160,3,152),(340,'asiste',NULL,160,3,153),(341,'asiste',NULL,160,3,154),(342,'asiste',NULL,160,3,155),(343,'asiste',NULL,160,3,156),(344,'asiste',NULL,160,3,157),(345,'asiste',NULL,160,3,159),(346,'asiste',NULL,160,3,160),(347,'asiste',NULL,160,3,162),(348,'asiste',NULL,160,3,165),(349,'falta',NULL,160,3,166),(350,'asiste',NULL,160,3,167),(351,'asiste',NULL,160,3,171),(352,'falta',NULL,160,3,172),(353,'asiste',NULL,160,3,173),(354,'falta',NULL,160,3,175),(355,'asiste',NULL,160,3,176),(356,'asiste',NULL,160,3,180),(357,'falta',NULL,160,3,185),(358,'falta',NULL,160,3,192),(359,'falta',NULL,160,3,193),(360,'falta',NULL,160,3,194),(361,'asiste',NULL,160,3,198),(362,'asiste',NULL,160,3,201),(363,'falta',NULL,160,3,202),(364,'falta',NULL,160,3,204),(365,'asiste',NULL,160,3,206),(366,'falta',NULL,160,3,210),(367,'falta',NULL,160,3,211),(368,'asiste',NULL,160,3,214),(369,'falta',NULL,160,3,215),(370,'falta',NULL,160,3,216),(371,'asiste',NULL,160,3,217),(372,'falta',NULL,160,3,220),(373,'falta',NULL,160,3,224),(374,'falta',NULL,160,3,226),(375,'falta',NULL,160,3,228),(376,'asiste',NULL,160,3,229),(377,'asiste',NULL,160,3,230),(378,'asiste',NULL,160,3,237),(379,'asiste',NULL,160,3,239),(380,'falta',NULL,160,3,240),(381,'falta',NULL,160,3,244),(382,'asiste',NULL,160,3,245),(383,'falta',NULL,160,3,246),(384,'asiste',NULL,160,3,250),(385,'asiste',NULL,160,3,255),(386,'falta',NULL,160,3,256),(387,'asiste',NULL,161,3,5),(388,'asiste',NULL,161,3,6),(389,'asiste',NULL,161,3,7),(390,'asiste',NULL,161,3,8),(391,'asiste',NULL,161,3,9),(392,'asiste',NULL,161,3,10),(393,'asiste',NULL,161,3,11),(394,'asiste',NULL,161,3,12),(395,'disculpa',NULL,161,3,13),(396,'asiste',NULL,161,3,14),(397,'asiste',NULL,161,3,16),(398,'falta',NULL,161,3,17),(399,'asiste',NULL,161,3,18),(400,'asiste',NULL,161,2,19),(401,'asiste',NULL,161,3,21),(402,'falta',NULL,161,3,22),(403,'asiste',NULL,161,3,23),(404,'asiste',NULL,161,3,25),(405,'asiste',NULL,161,3,28),(406,'asiste',NULL,161,3,29),(407,'asiste',NULL,161,3,31),(408,'asiste',NULL,161,3,33),(409,'asiste',NULL,161,3,34),(410,'asiste',NULL,161,3,35),(411,'asiste',NULL,161,3,36),(412,'falta',NULL,161,3,38),(413,'disculpa',NULL,161,3,40),(414,'asiste',NULL,161,3,41),(415,'asiste',NULL,161,3,43),(416,'asiste',NULL,161,3,44),(417,'asiste',NULL,161,3,45),(418,'disculpa',NULL,161,3,46),(419,'asiste',NULL,161,3,47),(420,'asiste',NULL,161,3,48),(421,'asiste',NULL,161,3,49),(422,'asiste',NULL,161,3,50),(423,'falta',NULL,161,3,51),(424,'falta',NULL,161,3,52),(425,'falta',NULL,161,3,54),(426,'asiste',NULL,161,3,55),(427,'asiste',NULL,161,3,57),(428,'asiste',NULL,161,3,58),(429,'asiste',NULL,161,3,59),(430,'asiste',NULL,161,3,60),(431,'falta',NULL,161,3,61),(432,'asiste',NULL,161,3,65),(433,'asiste',NULL,161,3,66),(434,'asiste',NULL,161,3,68),(435,'asiste',NULL,161,3,69),(436,'asiste',NULL,161,3,70),(437,'asiste',NULL,161,3,71),(438,'asiste',NULL,161,3,72),(439,'asiste',NULL,161,3,74),(440,'asiste',NULL,161,3,75),(441,'asiste',NULL,161,3,76),(442,'asiste',NULL,161,3,77),(443,'asiste',NULL,161,3,78),(444,'asiste',NULL,161,3,79),(445,'disculpa',NULL,161,3,81),(446,'falta',NULL,161,3,82),(447,'asiste',NULL,161,3,83),(448,'asiste',NULL,161,3,85),(449,'asiste',NULL,161,1,86),(450,'asiste',NULL,161,3,87),(451,'asiste',NULL,161,3,88),(452,'asiste',NULL,161,3,89),(453,'asiste',NULL,161,3,91),(454,'asiste',NULL,161,3,92),(455,'asiste',NULL,161,3,93),(456,'asiste',NULL,161,3,95),(457,'falta',NULL,161,3,96),(458,'asiste',NULL,161,3,97),(459,'asiste',NULL,161,3,99),(460,'asiste',NULL,161,3,100),(461,'asiste',NULL,161,3,101),(462,'asiste',NULL,161,3,102),(463,'falta',NULL,161,3,104),(464,'falta',NULL,161,3,105),(465,'asiste',NULL,161,3,106),(466,'falta',NULL,161,3,107),(467,'asiste',NULL,161,3,109),(468,'asiste',NULL,161,3,110),(469,'asiste',NULL,161,3,111),(470,'asiste',NULL,161,3,112),(471,'falta',NULL,161,3,113),(472,'asiste',NULL,161,3,114),(473,'asiste',NULL,161,3,115),(474,'asiste',NULL,161,3,116),(475,'asiste',NULL,161,3,117),(476,'falta',NULL,161,3,118),(477,'falta',NULL,161,3,121),(478,'asiste',NULL,161,3,122),(479,'asiste',NULL,161,3,123),(480,'disculpa',NULL,161,3,125),(481,'asiste',NULL,161,3,126),(482,'falta',NULL,161,3,130),(483,'asiste',NULL,161,3,131),(484,'asiste',NULL,161,3,132),(485,'asiste',NULL,161,3,133),(486,'asiste',NULL,161,3,134),(487,'asiste',NULL,161,3,135),(488,'asiste',NULL,161,3,136),(489,'asiste',NULL,161,3,137),(490,'asiste',NULL,161,3,138),(491,'asiste',NULL,161,3,139),(492,'asiste',NULL,161,3,140),(493,'asiste',NULL,161,3,141),(494,'asiste',NULL,161,3,142),(495,'asiste',NULL,161,3,143),(496,'asiste',NULL,161,3,145),(497,'asiste',NULL,161,3,146),(498,'falta',NULL,161,3,147),(499,'asiste',NULL,161,3,148),(500,'asiste',NULL,161,3,149),(501,'asiste',NULL,161,3,150),(502,'asiste',NULL,161,3,151),(503,'falta',NULL,161,3,152),(504,'disculpa',NULL,161,3,153),(505,'disculpa',NULL,161,3,154),(506,'asiste',NULL,161,3,155),(507,'asiste',NULL,161,3,156),(508,'asiste',NULL,161,3,157),(509,'asiste',NULL,161,3,159),(510,'asiste',NULL,161,3,160),(511,'asiste',NULL,161,3,162),(512,'falta',NULL,161,3,165),(513,'falta',NULL,161,3,166),(514,'falta',NULL,161,3,167),(515,'asiste',NULL,161,3,171),(516,'asiste',NULL,161,3,172),(517,'falta',NULL,161,3,173),(518,'falta',NULL,161,3,175),(519,'falta',NULL,161,3,176),(520,'asiste',NULL,161,3,180),(521,'asiste',NULL,161,3,185),(522,'asiste',NULL,161,3,192),(523,'falta',NULL,161,3,193),(524,'falta',NULL,161,3,194),(525,'falta',NULL,161,3,198),(526,'asiste',NULL,161,3,201),(527,'asiste',NULL,161,3,202),(528,'asiste',NULL,161,3,204),(529,'falta',NULL,161,3,206),(530,'falta',NULL,161,3,210),(531,'falta',NULL,161,3,211),(532,'falta',NULL,161,3,214),(533,'falta',NULL,161,3,215),(534,'asiste',NULL,161,3,216),(535,'falta',NULL,161,3,217),(536,'falta',NULL,161,3,220),(537,'falta',NULL,161,3,224),(538,'asiste',NULL,161,3,226),(539,'asiste',NULL,161,3,228),(540,'falta',NULL,161,3,229),(541,'falta',NULL,161,3,230),(542,'asiste',NULL,161,3,237),(543,'asiste',NULL,161,3,239),(544,'falta',NULL,161,3,240),(545,'asiste',NULL,161,3,244),(546,'asiste',NULL,161,3,245),(547,'falta',NULL,161,3,246),(548,'falta',NULL,161,3,250),(549,'asiste',NULL,161,3,255),(550,'falta',NULL,161,3,256),(551,'asiste',NULL,162,3,5),(552,'asiste',NULL,162,3,6),(553,'falta',NULL,162,3,7),(554,'asiste',NULL,162,3,8),(555,'asiste',NULL,162,3,9),(556,'asiste',NULL,162,3,10),(557,'asiste',NULL,162,3,11),(558,'asiste',NULL,162,3,12),(559,'asiste',NULL,162,3,13),(560,'asiste',NULL,162,3,14),(561,'falta',NULL,162,3,16),(562,'falta',NULL,162,3,17),(563,'asiste',NULL,162,3,18),(564,'asiste',NULL,162,2,19),(565,'falta',NULL,162,3,21),(566,'falta',NULL,162,3,22),(567,'asiste',NULL,162,3,23),(568,'asiste',NULL,162,3,25),(569,'asiste',NULL,162,3,28),(570,'falta',NULL,162,3,29),(571,'asiste',NULL,162,3,31),(572,'asiste',NULL,162,3,33),(573,'asiste',NULL,162,3,34),(574,'asiste',NULL,162,3,35),(575,'falta',NULL,162,3,36),(576,'falta',NULL,162,3,38),(577,'asiste',NULL,162,3,40),(578,'asiste',NULL,162,3,41),(579,'falta',NULL,162,3,43),(580,'asiste',NULL,162,3,44),(581,'asiste',NULL,162,3,45),(582,'asiste',NULL,162,3,46),(583,'falta',NULL,162,3,47),(584,'asiste',NULL,162,3,48),(585,'asiste',NULL,162,3,49),(586,'asiste',NULL,162,3,50),(587,'asiste',NULL,162,3,51),(588,'asiste',NULL,162,3,52),(589,'falta',NULL,162,3,54),(590,'falta',NULL,162,3,55),(591,'falta',NULL,162,3,57),(592,'asiste',NULL,162,3,58),(593,'asiste',NULL,162,3,59),(594,'falta',NULL,162,3,60),(595,'falta',NULL,162,3,61),(596,'asiste',NULL,162,3,65),(597,'asiste',NULL,162,3,66),(598,'asiste',NULL,162,3,68),(599,'disculpa',NULL,162,3,69),(600,'falta',NULL,162,3,70),(601,'asiste',NULL,162,3,71),(602,'asiste',NULL,162,3,72),(603,'falta',NULL,162,3,74),(604,'asiste',NULL,162,3,75),(605,'disculpa',NULL,162,3,76),(606,'asiste',NULL,162,3,77),(607,'falta',NULL,162,3,78),(608,'falta',NULL,162,3,79),(609,'falta',NULL,162,3,81),(610,'falta',NULL,162,3,82),(611,'asiste',NULL,162,3,83),(612,'asiste',NULL,162,3,85),(613,'asiste',NULL,162,1,86),(614,'asiste',NULL,162,3,87),(615,'disculpa',NULL,162,3,88),(616,'asiste',NULL,162,3,89),(617,'asiste',NULL,162,3,91),(618,'asiste',NULL,162,3,92),(619,'disculpa',NULL,162,3,93),(620,'asiste',NULL,162,3,95),(621,'disculpa',NULL,162,3,96),(622,'asiste',NULL,162,3,97),(623,'asiste',NULL,162,3,99),(624,'asiste',NULL,162,3,100),(625,'asiste',NULL,162,3,101),(626,'falta',NULL,162,3,102),(627,'falta',NULL,162,3,104),(628,'falta',NULL,162,3,105),(629,'falta',NULL,162,3,106),(630,'falta',NULL,162,3,107),(631,'falta',NULL,162,3,109),(632,'asiste',NULL,162,3,110),(633,'asiste',NULL,162,3,111),(634,'asiste',NULL,162,3,112),(635,'asiste',NULL,162,3,113),(636,'asiste',NULL,162,3,114),(637,'asiste',NULL,162,3,115),(638,'asiste',NULL,162,3,116),(639,'falta',NULL,162,3,117),(640,'falta',NULL,162,3,118),(641,'falta',NULL,162,3,121),(642,'asiste',NULL,162,3,122),(643,'asiste',NULL,162,3,123),(644,'asiste',NULL,162,3,125),(645,'disculpa',NULL,162,3,126),(646,'falta',NULL,162,3,130),(647,'asiste',NULL,162,3,131),(648,'asiste',NULL,162,3,132),(649,'asiste',NULL,162,3,133),(650,'asiste',NULL,162,3,134),(651,'asiste',NULL,162,3,135),(652,'disculpa',NULL,162,3,136),(653,'asiste',NULL,162,3,137),(654,'asiste',NULL,162,3,138),(655,'asiste',NULL,162,3,139),(656,'asiste',NULL,162,3,140),(657,'asiste',NULL,162,3,141),(658,'falta',NULL,162,3,142),(659,'asiste',NULL,162,3,143),(660,'asiste',NULL,162,3,145),(661,'asiste',NULL,162,3,146),(662,'falta',NULL,162,3,147),(663,'asiste',NULL,162,3,148),(664,'asiste',NULL,162,3,149),(665,'asiste',NULL,162,3,150),(666,'asiste',NULL,162,3,151),(667,'asiste',NULL,162,3,152),(668,'asiste',NULL,162,3,153),(669,'asiste',NULL,162,3,154),(670,'asiste',NULL,162,3,155),(671,'asiste',NULL,162,3,156),(672,'asiste',NULL,162,3,157),(673,'falta',NULL,162,3,159),(674,'asiste',NULL,162,3,160),(675,'asiste',NULL,162,3,162),(676,'falta',NULL,162,3,165),(677,'falta',NULL,162,3,166),(678,'falta',NULL,162,3,167),(679,'falta',NULL,162,3,171),(680,'asiste',NULL,162,3,172),(681,'falta',NULL,162,3,173),(682,'falta',NULL,162,3,175),(683,'falta',NULL,162,3,176),(684,'falta',NULL,162,3,180),(685,'falta',NULL,162,3,185),(686,'asiste',NULL,162,3,192),(687,'falta',NULL,162,3,193),(688,'falta',NULL,162,3,194),(689,'falta',NULL,162,3,198),(690,'falta',NULL,162,3,201),(691,'falta',NULL,162,3,202),(692,'asiste',NULL,162,3,204),(693,'falta',NULL,162,3,206),(694,'falta',NULL,162,3,210),(695,'falta',NULL,162,3,211),(696,'falta',NULL,162,3,214),(697,'falta',NULL,162,3,215),(698,'falta',NULL,162,3,216),(699,'asiste',NULL,162,3,217),(700,'falta',NULL,162,3,220),(701,'asiste',NULL,162,3,224),(702,'falta',NULL,162,3,226),(703,'asiste',NULL,162,3,228),(704,'falta',NULL,162,3,229),(705,'asiste',NULL,162,3,230),(706,'asiste',NULL,162,3,237),(707,'asiste',NULL,162,3,239),(708,'asiste',NULL,162,3,240),(709,'asiste',NULL,162,3,244),(710,'asiste',NULL,162,3,245),(711,'falta',NULL,162,3,246),(712,'falta',NULL,162,3,250),(713,'asiste',NULL,162,3,255),(714,'falta',NULL,162,3,256),(715,'asiste',NULL,163,1,86),(716,'asiste',NULL,163,2,19),(717,'falta',NULL,166,3,254),(718,'asiste',NULL,163,3,5),(719,'asiste',NULL,163,3,6),(720,'asiste',NULL,163,3,7),(721,'asiste',NULL,163,3,9),(722,'asiste',NULL,163,3,10),(723,'asiste',NULL,163,3,11),(724,'asiste',NULL,163,3,12),(725,'asiste',NULL,163,3,13),(726,'asiste',NULL,163,3,16),(727,'asiste',NULL,163,3,21),(728,'asiste',NULL,163,3,22),(729,'asiste',NULL,163,3,168),(730,'asiste',NULL,163,3,23),(731,'asiste',NULL,163,3,24),(732,'asiste',NULL,163,3,28),(733,'asiste',NULL,163,3,170),(734,'asiste',NULL,163,3,31),(735,'asiste',NULL,163,3,34),(736,'asiste',NULL,163,3,35),(737,'asiste',NULL,163,3,174),(738,'asiste',NULL,163,3,51),(739,'asiste',NULL,163,3,52),(740,'asiste',NULL,163,3,55),(741,'asiste',NULL,163,3,183),(742,'asiste',NULL,163,3,60),(743,'asiste',NULL,163,3,61),(744,'asiste',NULL,163,3,184),(745,'asiste',NULL,163,3,185),(746,'asiste',NULL,163,3,189),(747,'asiste',NULL,163,3,65),(748,'asiste',NULL,163,3,66),(749,'asiste',NULL,163,3,190),(750,'asiste',NULL,163,3,68),(751,'asiste',NULL,163,3,71),(752,'asiste',NULL,163,3,72),(753,'asiste',NULL,163,3,75),(754,'asiste',NULL,163,3,76),(755,'asiste',NULL,163,3,77),(756,'asiste',NULL,163,3,198),(757,'asiste',NULL,163,3,85),(758,'asiste',NULL,163,3,87),(759,'asiste',NULL,163,3,88),(760,'asiste',NULL,163,3,89),(761,'asiste',NULL,163,3,92),(762,'asiste',NULL,163,3,95),(763,'asiste',NULL,163,3,99),(764,'asiste',NULL,163,3,110),(765,'asiste',NULL,163,3,111),(766,'asiste',NULL,163,3,114),(767,'asiste',NULL,163,3,115),(768,'asiste',NULL,163,3,118),(769,'asiste',NULL,163,3,218),(770,'asiste',NULL,163,3,123),(771,'asiste',NULL,163,3,223),(772,'asiste',NULL,163,3,129),(773,'asiste',NULL,163,3,131),(774,'asiste',NULL,163,3,132),(775,'asiste',NULL,163,3,133),(776,'asiste',NULL,163,3,134),(777,'asiste',NULL,163,3,135),(778,'asiste',NULL,163,3,138),(779,'asiste',NULL,163,3,139),(780,'asiste',NULL,163,3,141),(781,'asiste',NULL,163,3,143),(782,'asiste',NULL,163,3,245),(783,'asiste',NULL,163,3,145),(784,'asiste',NULL,163,3,146),(785,'asiste',NULL,163,3,148),(786,'asiste',NULL,163,3,248),(787,'asiste',NULL,163,3,149),(788,'asiste',NULL,163,3,8),(789,'asiste',NULL,163,3,151),(790,'asiste',NULL,163,3,152),(791,'asiste',NULL,163,3,155),(792,'asiste',NULL,163,3,253),(793,'asiste',NULL,163,3,156),(794,'asiste',NULL,163,3,157),(795,'asiste',NULL,163,3,160),(796,'asiste',NULL,163,3,162),(797,'disculpa',NULL,163,3,25),(798,'disculpa',NULL,163,3,43),(799,'falta',NULL,163,3,18),(800,'falta',NULL,163,3,29),(801,'falta',NULL,163,3,101),(802,'falta',NULL,163,3,105),(803,'falta',NULL,163,3,122),(804,'asiste',NULL,163,3,44),(805,'asiste',NULL,163,3,58),(806,'asiste',NULL,163,3,62),(807,'asiste',NULL,163,3,83),(808,'asiste',NULL,163,3,137),(809,'asiste',NULL,163,3,154),(810,'disculpa',NULL,163,3,36),(811,'disculpa',NULL,163,3,38),(812,'falta',NULL,163,3,102),(813,'asiste',NULL,163,3,150),(814,'asiste',NULL,163,3,196),(815,'asiste',NULL,163,3,78),(816,'asiste',NULL,163,3,109),(817,'asiste',NULL,163,3,227),(818,'asiste',NULL,163,3,239),(819,'asiste',NULL,163,3,158),(820,'disculpa',NULL,163,3,136),(821,'asiste',NULL,163,3,49),(822,'asiste',NULL,163,3,91),(823,'asiste',NULL,163,3,97),(824,'asiste',NULL,163,3,126),(825,'disculpa',NULL,163,3,93),(826,'disculpa',NULL,163,3,153),(827,'asiste',NULL,163,3,14),(828,'asiste',NULL,163,3,32),(829,'asiste',NULL,163,3,205),(830,'asiste',NULL,163,3,140),(831,'asiste',NULL,163,3,142),(832,'asiste',NULL,163,3,250),(833,'falta',NULL,166,3,252),(834,'asiste',NULL,163,3,40),(835,'asiste',NULL,163,3,112),(836,'falta',NULL,163,3,54),(837,'asiste',NULL,163,3,41),(838,'asiste',NULL,163,3,159),(839,'asiste',NULL,163,3,57),(840,'asiste',NULL,163,3,69),(841,'asiste',NULL,163,3,96),(842,'asiste',NULL,163,3,113),(843,'asiste',NULL,163,3,81),(844,'falta',NULL,163,3,125),(845,'asiste',NULL,163,3,176),(846,'asiste',NULL,163,3,199),(847,'asiste',NULL,163,3,98),(848,'asiste',NULL,163,3,104),(849,'asiste',NULL,163,3,106),(850,'asiste',NULL,163,3,233),(851,'asiste',NULL,163,3,166),(852,'asiste',NULL,163,3,178),(853,'asiste',NULL,163,3,70),(854,'asiste',NULL,163,3,82),(855,'asiste',NULL,163,3,207),(856,'asiste',NULL,163,3,117),(857,'asiste',NULL,163,3,232),(858,'falta',NULL,163,3,195),(859,'asiste',NULL,163,3,47),(860,'asiste',NULL,163,3,33),(861,'asiste',NULL,163,3,181),(862,'asiste',NULL,163,3,186),(863,'asiste',NULL,163,3,188),(864,'asiste',NULL,163,3,79),(865,'asiste',NULL,163,3,213),(866,'asiste',NULL,163,3,121),(867,'asiste',NULL,163,3,244),(868,'disculpa',NULL,163,3,163),(869,'falta',NULL,163,3,202),(870,'disculpa',NULL,163,3,17),(871,'asiste',NULL,163,3,164),(872,'asiste',NULL,163,3,179),(873,'asiste',NULL,163,3,67),(874,'asiste',NULL,163,3,215),(875,'asiste',NULL,163,3,221),(876,'asiste',NULL,163,3,222),(877,'asiste',NULL,163,3,229),(878,'asiste',NULL,163,3,147),(879,'falta',NULL,163,3,165),(880,'falta',NULL,163,3,167),(881,'falta',NULL,163,3,42),(882,'falta',NULL,163,3,177),(883,'falta',NULL,163,3,187),(884,'falta',NULL,163,3,197),(885,'falta',NULL,163,3,200),(886,'falta',NULL,163,3,84),(887,'falta',NULL,163,3,203),(888,'falta',NULL,163,3,208),(889,'falta',NULL,163,3,209),(890,'falta',NULL,163,3,212),(891,'falta',NULL,163,3,214),(892,'falta',NULL,163,3,219),(893,'falta',NULL,163,3,225),(894,'falta',NULL,163,3,231),(895,'falta',NULL,163,3,235),(896,'falta',NULL,163,3,236),(897,'falta',NULL,163,3,238),(898,'falta',NULL,163,3,241),(899,'falta',NULL,163,3,242),(900,'falta',NULL,163,3,243),(901,'falta',NULL,163,3,247),(902,'falta',NULL,163,3,249),(903,'falta',NULL,163,3,251),(904,'falta',NULL,163,3,252),(905,'falta',NULL,163,3,254),(906,'asiste',NULL,163,3,107),(907,'asiste',NULL,163,3,234),(908,'asiste',NULL,164,1,86),(909,'asiste',NULL,164,2,19),(910,'asiste',NULL,164,3,116),(911,'asiste',NULL,164,3,5),(912,'asiste',NULL,164,3,6),(913,'asiste',NULL,164,3,7),(914,'asiste',NULL,164,3,9),(915,'asiste',NULL,164,3,10),(916,'asiste',NULL,164,3,11),(917,'asiste',NULL,164,3,12),(918,'asiste',NULL,164,3,13),(919,'asiste',NULL,164,3,16),(920,'asiste',NULL,164,3,21),(921,'asiste',NULL,164,3,22),(922,'asiste',NULL,164,3,168),(923,'asiste',NULL,164,3,23),(924,'asiste',NULL,164,3,24),(925,'asiste',NULL,164,3,28),(926,'asiste',NULL,164,3,170),(927,'asiste',NULL,164,3,31),(928,'asiste',NULL,164,3,34),(929,'asiste',NULL,164,3,35),(930,'asiste',NULL,164,3,174),(931,'asiste',NULL,164,3,51),(932,'asiste',NULL,164,3,52),(933,'asiste',NULL,164,3,55),(934,'asiste',NULL,164,3,183),(935,'asiste',NULL,164,3,60),(936,'asiste',NULL,164,3,61),(937,'asiste',NULL,164,3,184),(938,'asiste',NULL,164,3,185),(939,'asiste',NULL,164,3,189),(940,'asiste',NULL,164,3,65),(941,'asiste',NULL,164,3,66),(942,'asiste',NULL,164,3,190),(943,'asiste',NULL,164,3,68),(944,'asiste',NULL,164,3,71),(945,'asiste',NULL,164,3,72),(946,'asiste',NULL,164,3,75),(947,'asiste',NULL,164,3,76),(948,'asiste',NULL,164,3,77),(949,'asiste',NULL,164,3,198),(950,'asiste',NULL,164,3,85),(951,'asiste',NULL,164,3,87),(952,'asiste',NULL,164,3,88),(953,'asiste',NULL,164,3,89),(954,'asiste',NULL,164,3,92),(955,'asiste',NULL,164,3,95),(956,'asiste',NULL,164,3,99),(957,'asiste',NULL,164,3,110),(958,'asiste',NULL,164,3,111),(959,'asiste',NULL,164,3,114),(960,'asiste',NULL,164,3,115),(961,'asiste',NULL,164,3,118),(962,'asiste',NULL,164,3,218),(963,'asiste',NULL,164,3,123),(964,'asiste',NULL,164,3,223),(965,'asiste',NULL,164,3,129),(966,'asiste',NULL,164,3,131),(967,'asiste',NULL,164,3,132),(968,'asiste',NULL,164,3,133),(969,'asiste',NULL,164,3,134),(970,'asiste',NULL,164,3,135),(971,'asiste',NULL,164,3,138),(972,'asiste',NULL,164,3,139),(973,'asiste',NULL,164,3,141),(974,'asiste',NULL,164,3,143),(975,'asiste',NULL,164,3,245),(976,'asiste',NULL,164,3,145),(977,'asiste',NULL,164,3,146),(978,'asiste',NULL,164,3,148),(979,'asiste',NULL,164,3,248),(980,'asiste',NULL,164,3,149),(981,'asiste',NULL,164,3,8),(982,'asiste',NULL,164,3,151),(983,'asiste',NULL,164,3,152),(984,'asiste',NULL,164,3,155),(985,'asiste',NULL,164,3,253),(986,'asiste',NULL,164,3,156),(987,'asiste',NULL,164,3,157),(988,'asiste',NULL,164,3,160),(989,'asiste',NULL,164,3,162),(990,'asiste',NULL,164,3,25),(991,'asiste',NULL,164,3,43),(992,'asiste',NULL,164,3,18),(993,'asiste',NULL,164,3,29),(994,'asiste',NULL,164,3,101),(995,'asiste',NULL,164,3,105),(996,'asiste',NULL,164,3,122),(997,'disculpa',NULL,164,3,44),(998,'disculpa',NULL,164,3,58),(999,'disculpa',NULL,164,3,62),(1000,'disculpa',NULL,164,3,83),(1001,'disculpa',NULL,164,3,137),(1002,'disculpa',NULL,164,3,154),(1003,'disculpa',NULL,164,3,36),(1004,'disculpa',NULL,164,3,38),(1005,'disculpa',NULL,164,3,102),(1006,'falta',NULL,164,3,150),(1007,'falta',NULL,164,3,196),(1008,'falta',NULL,164,3,78),(1009,'falta',NULL,164,3,109),(1010,'falta',NULL,164,3,227),(1011,'falta',NULL,164,3,239),(1012,'falta',NULL,164,3,158),(1013,'falta',NULL,164,3,136),(1014,'asiste',NULL,164,3,49),(1015,'asiste',NULL,164,3,91),(1016,'asiste',NULL,164,3,97),(1017,'asiste',NULL,164,3,126),(1018,'asiste',NULL,164,3,93),(1019,'disculpa',NULL,164,3,153),(1020,'falta',NULL,164,3,14),(1021,'asiste',NULL,164,3,32),(1022,'asiste',NULL,164,3,205),(1023,'asiste',NULL,164,3,140),(1024,'asiste',NULL,164,3,142),(1025,'asiste',NULL,164,3,250),(1026,'asiste',NULL,164,3,46),(1027,'disculpa',NULL,164,3,40),(1028,'disculpa',NULL,164,3,112),(1029,'disculpa',NULL,164,3,54),(1030,'falta',NULL,164,3,41),(1031,'falta',NULL,164,3,159),(1032,'asiste',NULL,164,3,57),(1033,'asiste',NULL,164,3,69),(1034,'asiste',NULL,164,3,96),(1035,'asiste',NULL,164,3,113),(1036,'disculpa',NULL,164,3,81),(1037,'falta',NULL,164,3,125),(1038,'asiste',NULL,164,3,176),(1039,'asiste',NULL,164,3,199),(1040,'asiste',NULL,164,3,98),(1041,'asiste',NULL,164,3,104),(1042,'asiste',NULL,164,3,106),(1043,'asiste',NULL,164,3,233),(1044,'disculpa',NULL,164,3,166),(1045,'falta',NULL,164,3,178),(1046,'falta',NULL,164,3,70),(1047,'falta',NULL,164,3,82),(1048,'falta',NULL,164,3,207),(1049,'falta',NULL,164,3,117),(1050,'falta',NULL,164,3,232),(1051,'falta',NULL,164,3,195),(1052,'disculpa',NULL,164,3,47),(1053,'asiste',NULL,164,3,33),(1054,'asiste',NULL,164,3,181),(1055,'asiste',NULL,164,3,186),(1056,'asiste',NULL,164,3,188),(1057,'asiste',NULL,164,3,79),(1058,'asiste',NULL,164,3,213),(1059,'asiste',NULL,164,3,121),(1060,'asiste',NULL,164,3,244),(1061,'asiste',NULL,164,3,163),(1062,'asiste',NULL,164,3,202),(1063,'disculpa',NULL,164,3,17),(1064,'falta',NULL,164,3,164),(1065,'falta',NULL,164,3,179),(1066,'falta',NULL,164,3,67),(1067,'falta',NULL,164,3,215),(1068,'falta',NULL,164,3,221),(1069,'falta',NULL,164,3,222),(1070,'falta',NULL,164,3,229),(1071,'falta',NULL,164,3,147),(1072,'falta',NULL,164,3,165),(1073,'falta',NULL,164,3,167),(1074,'falta',NULL,164,3,42),(1075,'falta',NULL,164,3,177),(1076,'falta',NULL,164,3,187),(1077,'falta',NULL,164,3,197),(1078,'falta',NULL,164,3,200),(1079,'falta',NULL,164,3,84),(1080,'falta',NULL,164,3,203),(1081,'falta',NULL,164,3,208),(1082,'falta',NULL,164,3,209),(1083,'falta',NULL,164,3,212),(1084,'falta',NULL,164,3,214),(1085,'falta',NULL,164,3,219),(1086,'falta',NULL,164,3,225),(1087,'falta',NULL,164,3,231),(1088,'falta',NULL,164,3,235),(1089,'falta',NULL,164,3,236),(1090,'falta',NULL,164,3,238),(1091,'falta',NULL,164,3,241),(1092,'falta',NULL,164,3,242),(1093,'falta',NULL,164,3,243),(1094,'falta',NULL,164,3,247),(1095,'falta',NULL,164,3,249),(1096,'falta',NULL,164,3,251),(1097,'falta',NULL,164,3,252),(1098,'falta',NULL,164,3,254),(1099,'asiste',NULL,165,1,86),(1100,'asiste',NULL,165,2,19),(1101,'asiste',NULL,165,3,116),(1102,'asiste',NULL,165,3,5),(1103,'asiste',NULL,165,3,6),(1104,'asiste',NULL,165,3,7),(1105,'asiste',NULL,165,3,9),(1106,'asiste',NULL,165,3,10),(1107,'asiste',NULL,165,3,11),(1108,'asiste',NULL,165,3,12),(1109,'asiste',NULL,165,3,13),(1110,'asiste',NULL,165,3,16),(1111,'asiste',NULL,165,3,21),(1112,'asiste',NULL,165,3,22),(1113,'asiste',NULL,165,3,168),(1114,'asiste',NULL,165,3,23),(1115,'asiste',NULL,165,3,24),(1116,'asiste',NULL,165,3,28),(1117,'asiste',NULL,165,3,170),(1118,'asiste',NULL,165,3,31),(1119,'asiste',NULL,165,3,34),(1120,'asiste',NULL,165,3,35),(1121,'asiste',NULL,165,3,174),(1122,'asiste',NULL,165,3,51),(1123,'asiste',NULL,165,3,52),(1124,'asiste',NULL,165,3,55),(1125,'asiste',NULL,165,3,183),(1126,'asiste',NULL,165,3,60),(1127,'asiste',NULL,165,3,61),(1128,'asiste',NULL,165,3,184),(1129,'asiste',NULL,165,3,185),(1130,'asiste',NULL,165,3,189),(1131,'asiste',NULL,165,3,65),(1132,'asiste',NULL,165,3,66),(1133,'asiste',NULL,165,3,190),(1134,'asiste',NULL,165,3,68),(1135,'asiste',NULL,165,3,71),(1136,'asiste',NULL,165,3,72),(1137,'asiste',NULL,165,3,75),(1138,'asiste',NULL,165,3,76),(1139,'asiste',NULL,165,3,77),(1140,'asiste',NULL,165,3,198),(1141,'asiste',NULL,165,3,85),(1142,'asiste',NULL,165,3,87),(1143,'asiste',NULL,165,3,88),(1144,'asiste',NULL,165,3,89),(1145,'asiste',NULL,165,3,92),(1146,'asiste',NULL,165,3,95),(1147,'asiste',NULL,165,3,99),(1148,'asiste',NULL,165,3,110),(1149,'asiste',NULL,165,3,111),(1150,'asiste',NULL,165,3,114),(1151,'asiste',NULL,165,3,115),(1152,'asiste',NULL,165,3,118),(1153,'asiste',NULL,165,3,218),(1154,'asiste',NULL,165,3,123),(1155,'asiste',NULL,165,3,223),(1156,'asiste',NULL,165,3,129),(1157,'asiste',NULL,165,3,131),(1158,'asiste',NULL,165,3,132),(1159,'asiste',NULL,165,3,133),(1160,'asiste',NULL,165,3,134),(1161,'asiste',NULL,165,3,135),(1162,'asiste',NULL,165,3,138),(1163,'asiste',NULL,165,3,139),(1164,'asiste',NULL,165,3,141),(1165,'asiste',NULL,165,3,143),(1166,'asiste',NULL,165,3,245),(1167,'asiste',NULL,165,3,145),(1168,'asiste',NULL,165,3,146),(1169,'asiste',NULL,165,3,148),(1170,'asiste',NULL,165,3,248),(1171,'asiste',NULL,165,3,149),(1172,'asiste',NULL,165,3,8),(1173,'asiste',NULL,165,3,151),(1174,'asiste',NULL,165,3,152),(1175,'asiste',NULL,165,3,155),(1176,'asiste',NULL,165,3,253),(1177,'asiste',NULL,165,3,156),(1178,'asiste',NULL,165,3,157),(1179,'asiste',NULL,165,3,160),(1180,'asiste',NULL,165,3,162),(1181,'asiste',NULL,165,3,25),(1182,'asiste',NULL,165,3,43),(1183,'asiste',NULL,165,3,18),(1184,'asiste',NULL,165,3,29),(1185,'asiste',NULL,165,3,101),(1186,'asiste',NULL,165,3,105),(1187,'asiste',NULL,165,3,122),(1188,'asiste',NULL,165,3,44),(1189,'asiste',NULL,165,3,58),(1190,'asiste',NULL,165,3,62),(1191,'asiste',NULL,165,3,83),(1192,'asiste',NULL,165,3,137),(1193,'asiste',NULL,165,3,154),(1194,'asiste',NULL,165,3,36),(1195,'asiste',NULL,165,3,38),(1196,'asiste',NULL,165,3,102),(1197,'asiste',NULL,165,3,150),(1198,'asiste',NULL,165,3,196),(1199,'asiste',NULL,165,3,78),(1200,'asiste',NULL,165,3,109),(1201,'asiste',NULL,165,3,227),(1202,'asiste',NULL,165,3,239),(1203,'asiste',NULL,165,3,158),(1204,'asiste',NULL,165,3,136),(1205,'disculpa',NULL,165,3,49),(1206,'disculpa',NULL,165,3,91),(1207,'disculpa',NULL,165,3,97),(1208,'disculpa',NULL,165,3,126),(1209,'disculpa',NULL,165,3,93),(1210,'disculpa',NULL,165,3,153),(1211,'disculpa',NULL,165,3,14),(1212,'falta',NULL,165,3,32),(1213,'falta',NULL,165,3,205),(1214,'falta',NULL,165,3,140),(1215,'falta',NULL,165,3,142),(1216,'falta',NULL,165,3,250),(1217,'falta',NULL,165,3,46),(1218,'falta',NULL,165,3,40),(1219,'falta',NULL,165,3,112),(1220,'falta',NULL,165,3,54),(1221,'falta',NULL,165,3,41),(1222,'falta',NULL,165,3,159),(1223,'asiste',NULL,165,3,57),(1224,'asiste',NULL,165,3,69),(1225,'asiste',NULL,165,3,96),(1226,'asiste',NULL,165,3,113),(1227,'asiste',NULL,165,3,81),(1228,'asiste',NULL,165,3,125),(1229,'asiste',NULL,165,3,176),(1230,'asiste',NULL,165,3,199),(1231,'asiste',NULL,165,3,98),(1232,'asiste',NULL,165,3,104),(1233,'asiste',NULL,165,3,106),(1234,'asiste',NULL,165,3,233),(1235,'asiste',NULL,165,3,166),(1236,'asiste',NULL,165,3,178),(1237,'asiste',NULL,165,3,70),(1238,'asiste',NULL,165,3,82),(1239,'asiste',NULL,165,3,207),(1240,'asiste',NULL,165,3,117),(1241,'asiste',NULL,165,3,232),(1242,'asiste',NULL,165,3,195),(1243,'disculpa',NULL,165,3,47),(1244,'falta',NULL,165,3,33),(1245,'falta',NULL,165,3,181),(1246,'falta',NULL,165,3,186),(1247,'falta',NULL,165,3,188),(1248,'falta',NULL,165,3,79),(1249,'falta',NULL,165,3,213),(1250,'falta',NULL,165,3,121),(1251,'falta',NULL,165,3,244),(1252,'falta',NULL,165,3,163),(1253,'falta',NULL,165,3,202),(1254,'falta',NULL,165,3,17),(1255,'falta',NULL,165,3,164),(1256,'falta',NULL,165,3,179),(1257,'falta',NULL,165,3,67),(1258,'falta',NULL,165,3,215),(1259,'falta',NULL,165,3,221),(1260,'falta',NULL,165,3,222),(1261,'falta',NULL,165,3,229),(1262,'falta',NULL,165,3,147),(1263,'falta',NULL,165,3,165),(1264,'falta',NULL,165,3,167),(1265,'falta',NULL,165,3,42),(1266,'falta',NULL,165,3,177),(1267,'falta',NULL,165,3,187),(1268,'falta',NULL,165,3,197),(1269,'falta',NULL,165,3,200),(1270,'falta',NULL,165,3,84),(1271,'falta',NULL,165,3,203),(1272,'falta',NULL,165,3,208),(1273,'falta',NULL,165,3,209),(1274,'falta',NULL,165,3,212),(1275,'falta',NULL,165,3,214),(1276,'falta',NULL,165,3,219),(1277,'falta',NULL,165,3,225),(1278,'falta',NULL,165,3,231),(1279,'falta',NULL,165,3,235),(1280,'falta',NULL,165,3,236),(1281,'falta',NULL,165,3,238),(1282,'falta',NULL,165,3,241),(1283,'falta',NULL,165,3,242),(1284,'falta',NULL,165,3,243),(1285,'falta',NULL,165,3,247),(1286,'falta',NULL,165,3,249),(1287,'falta',NULL,165,3,251),(1288,'falta',NULL,165,3,252),(1289,'falta',NULL,165,3,254),(1290,'asiste',NULL,166,1,86),(1291,'asiste',NULL,166,2,19),(1292,'asiste',NULL,166,3,116),(1293,'asiste',NULL,166,3,5),(1294,'asiste',NULL,166,3,6),(1295,'asiste',NULL,166,3,7),(1296,'asiste',NULL,166,3,9),(1297,'asiste',NULL,166,3,10),(1298,'asiste',NULL,166,3,11),(1299,'asiste',NULL,166,3,12),(1300,'asiste',NULL,166,3,13),(1301,'asiste',NULL,166,3,16),(1302,'asiste',NULL,166,3,21),(1303,'asiste',NULL,166,3,22),(1304,'asiste',NULL,166,3,168),(1305,'asiste',NULL,166,3,23),(1306,'asiste',NULL,166,3,24),(1307,'asiste',NULL,166,3,28),(1308,'asiste',NULL,166,3,170),(1309,'asiste',NULL,166,3,31),(1310,'asiste',NULL,166,3,34),(1311,'asiste',NULL,166,3,35),(1312,'asiste',NULL,166,3,174),(1313,'asiste',NULL,166,3,51),(1314,'asiste',NULL,166,3,52),(1315,'asiste',NULL,166,3,55),(1316,'asiste',NULL,166,3,183),(1317,'asiste',NULL,166,3,60),(1318,'asiste',NULL,166,3,61),(1319,'asiste',NULL,166,3,184),(1320,'asiste',NULL,166,3,185),(1321,'asiste',NULL,166,3,189),(1322,'asiste',NULL,166,3,65),(1323,'asiste',NULL,166,3,66),(1324,'asiste',NULL,166,3,190),(1325,'asiste',NULL,166,3,68),(1326,'asiste',NULL,166,3,71),(1327,'asiste',NULL,166,3,72),(1328,'asiste',NULL,166,3,75),(1329,'asiste',NULL,166,3,76),(1330,'asiste',NULL,166,3,77),(1331,'asiste',NULL,166,3,198),(1332,'asiste',NULL,166,3,85),(1333,'asiste',NULL,166,3,87),(1334,'asiste',NULL,166,3,88),(1335,'asiste',NULL,166,3,89),(1336,'asiste',NULL,166,3,92),(1337,'asiste',NULL,166,3,95),(1338,'asiste',NULL,166,3,99),(1339,'asiste',NULL,166,3,110),(1340,'asiste',NULL,166,3,111),(1341,'asiste',NULL,166,3,114),(1342,'asiste',NULL,166,3,115),(1343,'asiste',NULL,166,3,118),(1344,'asiste',NULL,166,3,218),(1345,'asiste',NULL,166,3,123),(1346,'asiste',NULL,166,3,223),(1347,'asiste',NULL,166,3,129),(1348,'asiste',NULL,166,3,131),(1349,'asiste',NULL,166,3,132),(1350,'asiste',NULL,166,3,133),(1351,'asiste',NULL,166,3,134),(1352,'asiste',NULL,166,3,135),(1353,'asiste',NULL,166,3,138),(1354,'asiste',NULL,166,3,139),(1355,'asiste',NULL,166,3,141),(1356,'asiste',NULL,166,3,143),(1357,'asiste',NULL,166,3,245),(1358,'asiste',NULL,166,3,145),(1359,'asiste',NULL,166,3,146),(1360,'asiste',NULL,166,3,148),(1361,'asiste',NULL,166,3,248),(1362,'asiste',NULL,166,3,149),(1363,'asiste',NULL,166,3,8),(1364,'asiste',NULL,166,3,151),(1365,'asiste',NULL,166,3,152),(1366,'asiste',NULL,166,3,155),(1367,'asiste',NULL,166,3,253),(1368,'asiste',NULL,166,3,156),(1369,'asiste',NULL,166,3,157),(1370,'asiste',NULL,166,3,160),(1371,'asiste',NULL,166,3,162),(1372,'asiste',NULL,166,3,25),(1373,'asiste',NULL,166,3,43),(1374,'asiste',NULL,166,3,18),(1375,'asiste',NULL,166,3,29),(1376,'asiste',NULL,166,3,101),(1377,'asiste',NULL,166,3,105),(1378,'asiste',NULL,166,3,122),(1379,'asiste',NULL,166,3,44),(1380,'asiste',NULL,166,3,58),(1381,'asiste',NULL,166,3,62),(1382,'asiste',NULL,166,3,83),(1383,'asiste',NULL,166,3,137),(1384,'asiste',NULL,166,3,154),(1385,'asiste',NULL,166,3,36),(1386,'asiste',NULL,166,3,38),(1387,'asiste',NULL,166,3,102),(1388,'asiste',NULL,166,3,150),(1389,'asiste',NULL,166,3,196),(1390,'asiste',NULL,166,3,78),(1391,'asiste',NULL,166,3,109),(1392,'asiste',NULL,166,3,227),(1393,'asiste',NULL,166,3,239),(1394,'asiste',NULL,166,3,158),(1395,'asiste',NULL,166,3,136),(1396,'asiste',NULL,166,3,49),(1397,'asiste',NULL,166,3,91),(1398,'asiste',NULL,166,3,97),(1399,'asiste',NULL,166,3,126),(1400,'asiste',NULL,166,3,93),(1401,'asiste',NULL,166,3,153),(1402,'asiste',NULL,166,3,14),(1403,'asiste',NULL,166,3,32),(1404,'asiste',NULL,166,3,205),(1405,'asiste',NULL,166,3,140),(1406,'asiste',NULL,166,3,142),(1407,'asiste',NULL,166,3,250),(1408,'asiste',NULL,166,3,46),(1409,'asiste',NULL,166,3,40),(1410,'asiste',NULL,166,3,112),(1411,'asiste',NULL,166,3,54),(1412,'asiste',NULL,166,3,41),(1413,'asiste',NULL,166,3,159),(1414,'disculpa',NULL,166,3,57),(1415,'disculpa',NULL,166,3,69),(1416,'disculpa',NULL,166,3,96),(1417,'disculpa',NULL,166,3,113),(1418,'disculpa',NULL,166,3,81),(1419,'disculpa',NULL,166,3,125),(1420,'falta',NULL,166,3,176),(1421,'falta',NULL,166,3,199),(1422,'falta',NULL,166,3,98),(1423,'falta',NULL,166,3,104),(1424,'falta',NULL,166,3,106),(1425,'falta',NULL,166,3,233),(1426,'falta',NULL,166,3,166),(1427,'falta',NULL,166,3,178),(1428,'falta',NULL,166,3,70),(1429,'falta',NULL,166,3,82),(1430,'falta',NULL,166,3,207),(1431,'falta',NULL,166,3,117),(1432,'falta',NULL,166,3,232),(1433,'falta',NULL,166,3,195),(1434,'falta',NULL,166,3,47),(1435,'falta',NULL,166,3,33),(1436,'falta',NULL,166,3,181),(1437,'falta',NULL,166,3,186),(1438,'falta',NULL,166,3,188),(1439,'falta',NULL,166,3,79),(1440,'falta',NULL,166,3,213),(1441,'falta',NULL,166,3,121),(1442,'falta',NULL,166,3,244),(1443,'falta',NULL,166,3,163),(1444,'falta',NULL,166,3,202),(1445,'falta',NULL,166,3,17),(1446,'falta',NULL,166,3,164),(1447,'falta',NULL,166,3,179),(1448,'falta',NULL,166,3,67),(1449,'falta',NULL,166,3,215),(1450,'falta',NULL,166,3,221),(1451,'falta',NULL,166,3,222),(1452,'falta',NULL,166,3,229),(1453,'falta',NULL,166,3,147),(1454,'falta',NULL,166,3,165),(1455,'falta',NULL,166,3,167),(1456,'falta',NULL,166,3,42),(1457,'falta',NULL,166,3,177),(1458,'falta',NULL,166,3,187),(1459,'falta',NULL,166,3,197),(1460,'falta',NULL,166,3,200),(1461,'falta',NULL,166,3,84),(1462,'falta',NULL,166,3,203),(1463,'falta',NULL,166,3,208),(1464,'falta',NULL,166,3,209),(1465,'falta',NULL,166,3,212),(1466,'falta',NULL,166,3,214),(1467,'falta',NULL,166,3,219),(1468,'falta',NULL,166,3,225),(1469,'falta',NULL,166,3,231),(1470,'falta',NULL,166,3,235),(1471,'falta',NULL,166,3,236),(1472,'falta',NULL,166,3,238),(1473,'falta',NULL,166,3,241),(1474,'falta',NULL,166,3,242),(1475,'falta',NULL,166,3,243),(1476,'falta',NULL,166,3,247),(1477,'falta',NULL,166,3,249),(1478,'falta',NULL,166,3,251),(1479,'asiste',NULL,167,3,5),(1480,'asiste',NULL,167,3,6),(1481,'falta',NULL,167,3,7),(1482,'asiste',NULL,167,3,8),(1483,'asiste',NULL,167,3,9),(1484,'asiste',NULL,167,3,10),(1485,'asiste',NULL,167,3,11),(1486,'asiste',NULL,167,3,12),(1487,'asiste',NULL,167,3,13),(1488,'asiste',NULL,167,3,14),(1489,'asiste',NULL,167,3,16),(1490,'falta',NULL,167,3,17),(1491,'asiste',NULL,167,3,18),(1492,'disculpa',NULL,167,2,19),(1493,'asiste',NULL,167,3,21),(1494,'falta',NULL,167,3,22),(1495,'asiste',NULL,167,3,23),(1496,'falta',NULL,167,3,25),(1497,'asiste',NULL,167,3,28),(1498,'asiste',NULL,167,3,29),(1499,'asiste',NULL,167,3,31),(1500,'falta',NULL,167,3,33),(1501,'asiste',NULL,167,3,34),(1502,'asiste',NULL,167,3,35),(1503,'asiste',NULL,167,3,36),(1504,'disculpa',NULL,167,3,38),(1505,'asiste',NULL,167,3,40),(1506,'falta',NULL,167,3,41),(1507,'asiste',NULL,167,3,43),(1508,'asiste',NULL,167,3,44),(1509,'asiste',NULL,167,3,45),(1510,'asiste',NULL,167,3,46),(1511,'asiste',NULL,167,3,47),(1512,'asiste',NULL,167,3,48),(1513,'asiste',NULL,167,3,49),(1514,'asiste',NULL,167,3,50),(1515,'falta',NULL,167,3,51),(1516,'asiste',NULL,167,3,52),(1517,'falta',NULL,167,3,54),(1518,'asiste',NULL,167,3,55),(1519,'asiste',NULL,167,3,57),(1520,'disculpa',NULL,167,3,58),(1521,'asiste',NULL,167,3,59),(1522,'asiste',NULL,167,3,60),(1523,'asiste',NULL,167,3,61),(1524,'asiste',NULL,167,2,65),(1525,'asiste',NULL,167,3,66),(1526,'asiste',NULL,167,3,68),(1527,'asiste',NULL,167,3,69),(1528,'asiste',NULL,167,3,70),(1529,'disculpa',NULL,167,3,71),(1530,'asiste',NULL,167,3,72),(1531,'asiste',NULL,167,3,74),(1532,'asiste',NULL,167,3,75),(1533,'asiste',NULL,167,3,76),(1534,'asiste',NULL,167,3,77),(1535,'asiste',NULL,167,3,78),(1536,'asiste',NULL,167,3,79),(1537,'falta',NULL,167,3,81),(1538,'asiste',NULL,167,3,82),(1539,'asiste',NULL,167,3,83),(1540,'asiste',NULL,167,3,85),(1541,'asiste',NULL,167,1,86),(1542,'asiste',NULL,167,3,87),(1543,'asiste',NULL,167,3,88),(1544,'asiste',NULL,167,3,89),(1545,'falta',NULL,167,3,91),(1546,'asiste',NULL,167,3,92),(1547,'asiste',NULL,167,3,93),(1548,'asiste',NULL,167,3,95),(1549,'asiste',NULL,167,3,96),(1550,'asiste',NULL,167,3,97),(1551,'asiste',NULL,167,3,99),(1552,'asiste',NULL,167,3,100),(1553,'asiste',NULL,167,3,101),(1554,'asiste',NULL,167,3,102),(1555,'asiste',NULL,167,3,104),(1556,'asiste',NULL,167,3,105),(1557,'asiste',NULL,167,3,106),(1558,'asiste',NULL,167,3,107),(1559,'asiste',NULL,167,3,109),(1560,'asiste',NULL,167,3,110),(1561,'asiste',NULL,167,3,111),(1562,'asiste',NULL,167,3,112),(1563,'asiste',NULL,167,3,113),(1564,'asiste',NULL,167,3,114),(1565,'asiste',NULL,167,3,115),(1566,'asiste',NULL,167,3,116),(1567,'asiste',NULL,167,3,117),(1568,'asiste',NULL,167,3,118),(1569,'falta',NULL,167,3,121),(1570,'asiste',NULL,167,3,122),(1571,'asiste',NULL,167,3,123),(1572,'asiste',NULL,167,3,125),(1573,'asiste',NULL,167,3,126),(1574,'falta',NULL,167,3,130),(1575,'asiste',NULL,167,3,131),(1576,'asiste',NULL,167,3,132),(1577,'asiste',NULL,167,3,133),(1578,'asiste',NULL,167,3,134),(1579,'asiste',NULL,167,3,135),(1580,'falta',NULL,167,3,136),(1581,'asiste',NULL,167,3,137),(1582,'asiste',NULL,167,3,138),(1583,'asiste',NULL,167,3,139),(1584,'falta',NULL,167,3,140),(1585,'asiste',NULL,167,3,141),(1586,'asiste',NULL,167,3,142),(1587,'asiste',NULL,167,3,143),(1588,'asiste',NULL,167,3,145),(1589,'asiste',NULL,167,3,146),(1590,'falta',NULL,167,3,147),(1591,'asiste',NULL,167,3,148),(1592,'asiste',NULL,167,3,149),(1593,'asiste',NULL,167,3,150),(1594,'asiste',NULL,167,3,151),(1595,'asiste',NULL,167,3,152),(1596,'asiste',NULL,167,3,153),(1597,'asiste',NULL,167,3,154),(1598,'asiste',NULL,167,3,155),(1599,'asiste',NULL,167,3,156),(1600,'asiste',NULL,167,3,157),(1601,'asiste',NULL,167,3,159),(1602,'asiste',NULL,167,3,160),(1603,'asiste',NULL,167,3,162),(1604,'falta',NULL,167,3,165),(1605,'falta',NULL,167,3,166),(1606,'falta',NULL,167,3,167),(1607,'asiste',NULL,167,3,171),(1608,'falta',NULL,167,3,172),(1609,'falta',NULL,167,3,173),(1610,'falta',NULL,167,3,175),(1611,'asiste',NULL,167,3,176),(1612,'asiste',NULL,167,3,180),(1613,'falta',NULL,167,3,185),(1614,'asiste',NULL,167,3,192),(1615,'falta',NULL,167,3,193),(1616,'falta',NULL,167,3,194),(1617,'falta',NULL,167,3,198),(1618,'falta',NULL,167,3,201),(1619,'falta',NULL,167,3,202),(1620,'falta',NULL,167,3,204),(1621,'falta',NULL,167,3,206),(1622,'falta',NULL,167,3,210),(1623,'falta',NULL,167,3,211),(1624,'falta',NULL,167,3,214),(1625,'falta',NULL,167,3,215),(1626,'falta',NULL,167,3,216),(1627,'asiste',NULL,167,3,217),(1628,'falta',NULL,167,3,220),(1629,'falta',NULL,167,3,224),(1630,'asiste',NULL,167,3,226),(1631,'asiste',NULL,167,3,228),(1632,'falta',NULL,167,3,229),(1633,'asiste',NULL,167,3,230),(1634,'asiste',NULL,167,3,237),(1635,'falta',NULL,167,3,239),(1636,'falta',NULL,167,3,240),(1637,'asiste',NULL,167,3,244),(1638,'falta',NULL,167,3,245),(1639,'falta',NULL,167,3,246),(1640,'asiste',NULL,167,3,250),(1641,'asiste',NULL,167,3,255),(1642,'falta',NULL,167,3,256),(1643,'asiste',NULL,80,1,151),(1644,'asiste',NULL,80,2,155),(1645,'asiste',NULL,80,3,165),(1646,'asiste',NULL,80,3,38),(1647,'asiste',NULL,80,3,40),(1648,'asiste',NULL,80,3,43),(1649,'asiste',NULL,80,3,66),(1650,'asiste',NULL,80,3,257),(1651,'asiste',NULL,80,3,258),(1652,'asiste',NULL,80,3,261),(1653,'asiste',NULL,80,3,101),(1654,'asiste',NULL,80,3,262),(1655,'asiste',NULL,80,3,263),(1656,'asiste',NULL,81,1,151),(1657,'asiste',NULL,81,2,155),(1658,'asiste',NULL,81,3,6),(1659,'asiste',NULL,81,3,165),(1660,'falta',NULL,81,3,165),(1661,'falta',NULL,81,3,165),(1662,'asiste',NULL,81,3,38),(1663,'asiste',NULL,81,3,40),(1664,'asiste',NULL,81,3,43),(1665,'asiste',NULL,81,3,52),(1666,'asiste',NULL,81,3,66),(1667,'disculpa',NULL,81,3,79),(1668,'asiste',NULL,81,3,261),(1669,'asiste',NULL,81,3,101),(1670,'asiste',NULL,81,3,117),(1671,'asiste',NULL,81,3,263),(1672,'asiste',NULL,82,1,151),(1673,'asiste',NULL,82,2,155),(1674,'falta',NULL,82,3,6),(1675,'asiste',NULL,82,3,43),(1676,'falta',NULL,82,3,52),(1677,'asiste',NULL,82,3,66),(1678,'asiste',NULL,82,3,79),(1679,'asiste',NULL,82,3,259),(1680,'asiste',NULL,82,3,261),(1681,'asiste',NULL,82,3,101),(1682,'asiste',NULL,82,3,262),(1683,'falta',NULL,82,3,263),(1684,'asiste',NULL,82,3,156),(1685,'asiste',NULL,83,1,151),(1686,'asiste',NULL,83,2,155),(1687,'disculpa',NULL,83,3,6),(1688,'asiste',NULL,83,3,165),(1689,'disculpa',NULL,83,3,19),(1690,'disculpa',NULL,83,3,43),(1691,'asiste',NULL,83,3,51),(1692,'asiste',NULL,83,3,52),(1693,'asiste',NULL,83,3,66),(1694,'falta',NULL,83,3,79),(1695,'asiste',NULL,83,3,99),(1696,'asiste',NULL,83,3,260),(1697,'asiste',NULL,83,3,261),(1698,'asiste',NULL,83,3,101),(1699,'asiste',NULL,83,3,117),(1700,'falta',NULL,83,3,263),(1701,'asiste',NULL,83,3,156),(1702,'asiste',NULL,84,1,151),(1703,'asiste',NULL,84,2,82),(1704,'asiste',NULL,84,3,6),(1705,'asiste',NULL,84,3,19),(1706,'asiste',NULL,84,3,51),(1707,'asiste',NULL,84,3,52),(1708,'asiste',NULL,84,3,57),(1709,'asiste',NULL,84,3,188),(1710,'asiste',NULL,84,3,66),(1711,'asiste',NULL,84,3,79),(1712,'asiste',NULL,84,3,260),(1713,'asiste',NULL,84,3,101),(1714,'asiste',NULL,84,3,227),(1715,'asiste',NULL,84,3,233),(1716,'asiste',NULL,84,3,263),(1717,'asiste',NULL,84,3,8),(1718,'asiste',NULL,85,1,151),(1719,'asiste',NULL,85,2,82),(1720,'asiste',NULL,85,3,165),(1721,'asiste',NULL,85,3,16),(1722,'asiste',NULL,85,3,19),(1723,'asiste',NULL,85,3,29),(1724,'asiste',NULL,85,3,51),(1725,'asiste',NULL,85,3,52),(1726,'asiste',NULL,85,3,57),(1727,'asiste',NULL,85,3,188),(1728,'asiste',NULL,85,3,66),(1729,'asiste',NULL,85,3,79),(1730,'asiste',NULL,85,3,260),(1731,'asiste',NULL,85,3,101),(1732,'asiste',NULL,85,3,227),(1733,'asiste',NULL,85,3,233),(1734,'asiste',NULL,85,3,263),(1735,'asiste',NULL,85,3,8),(1736,'asiste',NULL,86,1,151),(1737,'asiste',NULL,86,2,82),(1738,'asiste',NULL,86,3,165),(1739,'asiste',NULL,86,3,16),(1740,'asiste',NULL,86,3,19),(1741,'asiste',NULL,86,3,29),(1742,'asiste',NULL,86,3,51),(1743,'asiste',NULL,86,3,52),(1744,'asiste',NULL,86,3,57),(1745,'asiste',NULL,86,3,188),(1746,'asiste',NULL,86,3,66),(1747,'falta',NULL,86,3,79),(1748,'asiste',NULL,86,3,260),(1749,'asiste',NULL,86,3,101),(1750,'falta',NULL,86,3,227),(1751,'asiste',NULL,86,3,233),(1752,'falta',NULL,86,3,263),(1753,'asiste',NULL,86,3,264),(1754,'asiste',NULL,86,3,8),(1755,'asiste',NULL,87,1,151),(1756,'asiste',NULL,87,2,82),(1757,'asiste',NULL,87,3,16),(1758,'asiste',NULL,87,3,19),(1759,'asiste',NULL,87,3,29),(1760,'asiste',NULL,87,3,51),(1761,'asiste',NULL,87,3,57),(1762,'asiste',NULL,87,3,188),(1763,'asiste',NULL,87,3,65),(1764,'asiste',NULL,87,3,66),(1765,'asiste',NULL,87,3,79),(1766,'asiste',NULL,87,3,260),(1767,'asiste',NULL,87,3,101),(1768,'falta',NULL,87,3,227),(1769,'asiste',NULL,87,3,233),(1770,'asiste',NULL,87,3,263),(1771,'asiste',NULL,87,3,8),(1772,'asiste',NULL,88,1,151),(1773,'asiste',NULL,88,2,82),(1774,'asiste',NULL,88,3,16),(1775,'asiste',NULL,88,3,19),(1776,'asiste',NULL,88,3,29),(1777,'asiste',NULL,88,3,51),(1778,'asiste',NULL,88,3,57),(1779,'falta',NULL,88,3,188),(1780,'disculpa',NULL,88,3,65),(1781,'asiste',NULL,88,3,66),(1782,'asiste',NULL,88,3,79),(1783,'falta',NULL,88,3,260),(1784,'asiste',NULL,88,3,101),(1785,'asiste',NULL,88,3,227),(1786,'falta',NULL,88,3,233),(1787,'asiste',NULL,88,3,263),(1788,'asiste',NULL,88,3,8),(1789,'asiste',NULL,89,1,151),(1790,'asiste',NULL,89,2,82),(1791,'asiste',NULL,89,3,11),(1792,'asiste',NULL,89,3,16),(1793,'asiste',NULL,89,3,19),(1794,'disculpa',NULL,89,3,29),(1795,'asiste',NULL,89,3,51),(1796,'asiste',NULL,89,3,57),(1797,'asiste',NULL,89,3,188),(1798,'asiste',NULL,89,3,65),(1799,'asiste',NULL,89,3,66),(1800,'asiste',NULL,89,3,79),(1801,'asiste',NULL,89,3,260),(1802,'asiste',NULL,89,3,101),(1803,'asiste',NULL,89,3,125),(1804,'asiste',NULL,89,3,227),(1805,'disculpa',NULL,89,3,229),(1806,'asiste',NULL,89,3,233),(1807,'asiste',NULL,89,3,8),(1808,'asiste',NULL,90,1,151),(1809,'asiste',NULL,90,2,82),(1810,'disculpa',NULL,90,3,11),(1811,'disculpa',NULL,90,3,16),(1812,'asiste',NULL,90,3,19),(1813,'asiste',NULL,90,3,29),(1814,'asiste',NULL,90,3,51),(1815,'asiste',NULL,90,3,57),(1816,'asiste',NULL,90,3,188),(1817,'asiste',NULL,90,3,65),(1818,'asiste',NULL,90,3,66),(1819,'asiste',NULL,90,3,79),(1820,'asiste',NULL,90,3,101),(1821,'asiste',NULL,90,3,112),(1822,'asiste',NULL,90,3,227),(1823,'asiste',NULL,90,3,233),(1824,'asiste',NULL,90,3,8),(1825,'asiste',NULL,91,1,151),(1826,'asiste',NULL,91,2,82),(1827,'falta',NULL,91,3,11),(1828,'asiste',NULL,91,3,16),(1829,'asiste',NULL,91,3,19),(1830,'asiste',NULL,91,3,29),(1831,'asiste',NULL,91,3,51),(1832,'asiste',NULL,91,3,57),(1833,'asiste',NULL,91,3,188),(1834,'asiste',NULL,91,3,65),(1835,'asiste',NULL,91,3,66),(1836,'falta',NULL,91,3,79),(1837,'asiste',NULL,91,3,101),(1838,'asiste',NULL,91,3,219),(1839,'asiste',NULL,91,3,125),(1840,'asiste',NULL,91,3,227),(1841,'falta',NULL,91,3,233),(1842,'asiste',NULL,91,3,8),(1843,'asiste',NULL,92,1,151),(1844,'asiste',NULL,92,2,82),(1845,'disculpa',NULL,92,3,11),(1846,'asiste',NULL,92,3,16),(1847,'asiste',NULL,92,3,19),(1848,'asiste',NULL,92,3,29),(1849,'asiste',NULL,92,3,51),(1850,'asiste',NULL,92,3,57),(1851,'asiste',NULL,92,3,188),(1852,'asiste',NULL,92,3,65),(1853,'asiste',NULL,92,3,66),(1854,'falta',NULL,92,3,79),(1855,'asiste',NULL,92,3,101),(1856,'asiste',NULL,92,3,219),(1857,'asiste',NULL,92,3,227),(1858,'disculpa',NULL,92,3,233),(1859,'asiste',NULL,92,3,8),(1860,'asiste',NULL,93,1,151),(1861,'asiste',NULL,93,2,82),(1862,'asiste',NULL,93,3,11),(1863,'asiste',NULL,93,3,16),(1864,'asiste',NULL,93,3,19),(1865,'asiste',NULL,93,3,29),(1866,'asiste',NULL,93,3,40),(1867,'asiste',NULL,93,3,51),(1868,'disculpa',NULL,93,3,57),(1869,'asiste',NULL,93,3,188),(1870,'disculpa',NULL,93,3,65),(1871,'asiste',NULL,93,3,66),(1872,'asiste',NULL,93,3,79),(1873,'falta',NULL,93,3,101),(1874,'falta',NULL,93,3,219),(1875,'asiste',NULL,93,3,125),(1876,'asiste',NULL,93,3,227),(1877,'asiste',NULL,93,3,233),(1878,'asiste',NULL,93,3,8),(1879,'asiste',NULL,94,1,151),(1880,'asiste',NULL,94,2,82),(1881,'asiste',NULL,94,3,11),(1882,'asiste',NULL,94,3,16),(1883,'asiste',NULL,94,3,29),(1884,'asiste',NULL,94,3,51),(1885,'asiste',NULL,94,3,57),(1886,'asiste',NULL,94,3,188),(1887,'asiste',NULL,94,3,65),(1888,'asiste',NULL,94,3,66),(1889,'asiste',NULL,94,3,79),(1890,'asiste',NULL,94,3,86),(1891,'asiste',NULL,94,3,101),(1892,'falta',NULL,94,3,219),(1893,'asiste',NULL,94,3,233),(1894,'asiste',NULL,94,3,8),(1895,'asiste',NULL,95,1,151),(1896,'asiste',NULL,95,2,82),(1897,'asiste',NULL,95,3,11),(1898,'disculpa',NULL,95,3,16),(1899,'asiste',NULL,95,3,29),(1900,'asiste',NULL,95,3,51),(1901,'asiste',NULL,95,3,57),(1902,'asiste',NULL,95,3,188),(1903,'asiste',NULL,95,3,65),(1904,'disculpa',NULL,95,3,66),(1905,'asiste',NULL,95,3,79),(1906,'asiste',NULL,95,3,86),(1907,'asiste',NULL,95,3,101),(1908,'falta',NULL,95,3,219),(1909,'asiste',NULL,95,3,227),(1910,'asiste',NULL,95,3,233),(1911,'asiste',NULL,95,3,8),(1912,'asiste',NULL,168,1,86),(1913,'asiste',NULL,168,2,19),(1914,'asiste',NULL,168,3,16),(1915,'disculpa',NULL,168,3,29),(1916,'falta',NULL,168,3,34),(1917,'asiste',NULL,168,3,52),(1918,'asiste',NULL,168,3,57),(1919,'asiste',NULL,168,3,188),(1920,'asiste',NULL,168,3,65),(1921,'asiste',NULL,168,3,87),(1922,'asiste',NULL,168,3,91),(1923,'asiste',NULL,168,3,207),(1924,'asiste',NULL,168,3,101),(1925,'asiste',NULL,168,3,233),(1926,'disculpa',NULL,168,3,159),(1927,'asiste',NULL,169,1,86),(1928,'asiste',NULL,169,2,19),(1929,'falta',NULL,169,3,16),(1930,'asiste',NULL,169,3,29),(1931,'asiste',NULL,169,3,34),(1932,'asiste',NULL,169,3,52),(1933,'asiste',NULL,169,3,57),(1934,'falta',NULL,169,3,188),(1935,'asiste',NULL,169,3,65),(1936,'asiste',NULL,169,3,87),(1937,'asiste',NULL,169,3,91),(1938,'asiste',NULL,169,3,202),(1939,'asiste',NULL,169,3,207),(1940,'falta',NULL,169,3,101),(1941,'asiste',NULL,169,3,233),(1942,'asiste',NULL,169,3,159),(1943,'asiste',NULL,170,1,86),(1944,'asiste',NULL,170,2,19),(1945,'asiste',NULL,170,3,16),(1946,'disculpa',NULL,170,3,29),(1947,'asiste',NULL,170,3,34),(1948,'asiste',NULL,170,3,52),(1949,'asiste',NULL,170,3,57),(1950,'asiste',NULL,170,3,188),(1951,'asiste',NULL,170,3,65),(1952,'asiste',NULL,170,3,87),(1953,'asiste',NULL,170,3,91),(1954,'asiste',NULL,170,3,202),(1955,'falta',NULL,170,3,207),(1956,'asiste',NULL,170,3,101),(1957,'asiste',NULL,170,3,233),(1958,'asiste',NULL,170,3,159),(1959,'asiste',NULL,171,1,86),(1960,'asiste',NULL,171,2,19),(1961,'asiste',NULL,171,3,16),(1962,'asiste',NULL,171,3,29),(1963,'asiste',NULL,171,3,34),(1964,'falta',NULL,171,3,52),(1965,'asiste',NULL,171,3,57),(1966,'falta',NULL,171,3,188),(1967,'asiste',NULL,171,3,65),(1968,'falta',NULL,171,3,87),(1969,'asiste',NULL,171,3,91),(1970,'asiste',NULL,171,3,202),(1971,'falta',NULL,171,3,207),(1972,'falta',NULL,171,3,101),(1973,'falta',NULL,171,3,233),(1974,'disculpa',NULL,171,3,159),(1975,'asiste',NULL,172,1,86),(1976,'asiste',NULL,172,2,19),(1977,'disculpa',NULL,172,3,16),(1978,'disculpa',NULL,172,3,29),(1979,'disculpa',NULL,172,3,34),(1980,'asiste',NULL,172,3,52),(1981,'asiste',NULL,172,3,57),(1982,'falta',NULL,172,3,188),(1983,'asiste',NULL,172,3,65),(1984,'asiste',NULL,172,3,87),(1985,'disculpa',NULL,172,3,91),(1986,'asiste',NULL,172,3,202),(1987,'falta',NULL,172,3,207),(1988,'asiste',NULL,172,3,101),(1989,'asiste',NULL,172,3,233),(1990,'asiste',NULL,172,3,159),(1991,'asiste',NULL,173,1,86),(1992,'asiste',NULL,173,2,19),(1993,'asiste',NULL,173,3,16),(1994,'asiste',NULL,173,3,29),(1995,'asiste',NULL,173,3,34),(1996,'asiste',NULL,173,3,178),(1997,'disculpa',NULL,173,3,52),(1998,'asiste',NULL,173,3,57),(1999,'falta',NULL,173,3,188),(2000,'asiste',NULL,173,3,65),(2001,'asiste',NULL,173,3,77),(2002,'falta',NULL,173,3,87),(2003,'falta',NULL,173,3,91),(2004,NULL,NULL,173,3,202),(2005,'falta',NULL,173,3,207),(2006,'asiste',NULL,173,3,101),(2007,'asiste',NULL,173,3,233),(2008,'disculpa',NULL,173,3,159),(2009,'asiste',NULL,174,1,86),(2010,'asiste',NULL,174,2,19),(2011,'asiste',NULL,174,3,16),(2012,'asiste',NULL,174,3,29),(2013,'asiste',NULL,174,3,34),(2014,'asiste',NULL,174,3,178),(2015,'asiste',NULL,174,3,52),(2016,'asiste',NULL,174,3,57),(2017,'asiste',NULL,174,3,188),(2018,'asiste',NULL,174,3,65),(2019,'asiste',NULL,174,3,87),(2020,'asiste',NULL,174,3,91),(2021,'asiste',NULL,174,3,202),(2022,'asiste',NULL,174,3,207),(2023,'asiste',NULL,174,3,101),(2024,'asiste',NULL,174,3,233),(2025,'asiste',NULL,174,3,159),(2026,'asiste',NULL,175,3,19),(2027,'asiste',NULL,175,3,25),(2028,'asiste',NULL,175,1,66),(2029,'asiste',NULL,175,3,141),(2030,'asiste',NULL,175,2,145),(2031,'asiste',NULL,175,3,261),(2032,'asiste',NULL,176,3,19),(2033,'asiste',NULL,176,3,25),(2034,'asiste',NULL,176,1,66),(2035,'asiste',NULL,176,3,141),(2036,'asiste',NULL,176,2,145),(2037,'asiste',NULL,176,3,155),(2038,'asiste',NULL,176,3,261),(2039,'asiste',NULL,176,3,265),(2040,'asiste',NULL,176,3,272),(2041,'asiste',NULL,177,3,19),(2042,'asiste',NULL,177,1,66),(2043,'asiste',NULL,177,2,145),(2044,'asiste',NULL,177,3,261),(2045,'asiste',NULL,177,3,265),(2046,'asiste',NULL,178,3,10),(2047,'asiste',NULL,178,3,19),(2048,'asiste',NULL,178,3,25),(2049,'asiste',NULL,178,1,66),(2050,'asiste',NULL,178,3,141),(2051,'asiste',NULL,178,2,155),(2052,'asiste',NULL,178,3,261),(2053,'asiste',NULL,178,3,265),(2054,'asiste',NULL,178,3,270),(2055,'asiste',NULL,179,3,19),(2056,'asiste',NULL,179,1,66),(2057,'asiste',NULL,179,2,155),(2058,'asiste',NULL,179,3,270),(2059,'asiste',NULL,180,3,10),(2060,'asiste',NULL,180,3,19),(2061,'asiste',NULL,180,3,25),(2062,'asiste',NULL,180,1,66),(2063,'asiste',NULL,180,2,155),(2064,'asiste',NULL,180,3,265),(2065,'asiste',NULL,180,3,270),(2066,'asiste',NULL,181,3,10),(2067,'asiste',NULL,181,1,66),(2068,'asiste',NULL,181,2,155),(2069,'asiste',NULL,181,3,261),(2070,'asiste',NULL,181,3,270),(2071,'asiste',NULL,182,3,10),(2072,'asiste',NULL,182,3,19),(2073,'asiste',NULL,182,3,25),(2074,'asiste',NULL,182,1,66),(2075,'asiste',NULL,182,2,155),(2076,'asiste',NULL,182,3,261),(2077,'asiste',NULL,183,3,25),(2078,'asiste',NULL,183,1,66),(2079,'asiste',NULL,183,3,141),(2080,'asiste',NULL,183,2,155),(2081,'asiste',NULL,183,3,261),(2082,'asiste',NULL,183,3,265),(2083,'asiste',NULL,184,3,25),(2084,'asiste',NULL,184,1,66),(2085,'asiste',NULL,184,2,155),(2086,'asiste',NULL,184,3,261),(2087,'asiste',NULL,184,3,265),(2088,'asiste',NULL,185,3,19),(2089,'disculpa',NULL,185,3,25),(2090,'asiste',NULL,185,1,66),(2091,'asiste',NULL,185,2,155),(2092,'disculpa',NULL,185,3,261),(2093,'asiste',NULL,185,3,270),(2094,'asiste',NULL,186,3,19),(2095,'asiste',NULL,186,3,25),(2096,'asiste',NULL,186,1,66),(2097,'asiste',NULL,186,3,141),(2098,'asiste',NULL,186,2,155),(2099,'asiste',NULL,186,3,261),(2100,'asiste',NULL,186,3,265),(2101,'asiste',NULL,186,3,270),(2102,'asiste',NULL,187,3,10),(2103,'asiste',NULL,187,3,19),(2104,'asiste',NULL,187,3,25),(2105,'asiste',NULL,187,1,66),(2106,'asiste',NULL,187,2,155),(2107,'asiste',NULL,187,3,261),(2108,'asiste',NULL,187,3,265),(2109,'asiste',NULL,187,3,270),(2110,'asiste',NULL,188,3,10),(2111,'asiste',NULL,188,3,19),(2112,'disculpa',NULL,188,3,25),(2113,'asiste',NULL,188,1,66),(2114,'asiste',NULL,188,3,141),(2115,'asiste',NULL,188,2,155),(2116,'asiste',NULL,188,3,261),(2117,'asiste',NULL,189,3,10),(2118,'asiste',NULL,189,3,19),(2119,'asiste',NULL,189,3,25),(2120,'asiste',NULL,189,1,66),(2121,'asiste',NULL,189,3,141),(2122,'asiste',NULL,189,2,155),(2123,'asiste',NULL,189,3,261),(2124,'asiste',NULL,190,3,10),(2125,'asiste',NULL,190,3,19),(2126,'asiste',NULL,190,3,25),(2127,'asiste',NULL,190,1,66),(2128,'asiste',NULL,190,3,141),(2129,'asiste',NULL,190,2,155),(2130,'asiste',NULL,191,3,19),(2131,'asiste',NULL,191,3,25),(2132,'asiste',NULL,191,1,66),(2133,'asiste',NULL,191,2,155),(2134,'asiste',NULL,191,3,261),(2135,'asiste',NULL,191,3,265),(2136,'asiste',NULL,192,3,10),(2137,'disculpa',NULL,192,3,19),(2138,'asiste',NULL,192,3,25),(2139,'asiste',NULL,192,1,66),(2140,'asiste',NULL,192,3,141),(2141,'asiste',NULL,192,2,155),(2142,'asiste',NULL,192,3,261),(2143,'asiste',NULL,192,3,265),(2144,'asiste',NULL,192,3,269),(2145,'asiste',NULL,193,3,10),(2146,'asiste',NULL,193,3,19),(2147,'asiste',NULL,193,3,25),(2148,'asiste',NULL,193,1,66),(2149,'asiste',NULL,193,3,141),(2150,'asiste',NULL,193,2,155),(2151,'asiste',NULL,193,3,261),(2152,'asiste',NULL,194,3,10),(2153,'asiste',NULL,194,3,19),(2154,'asiste',NULL,194,1,66),(2155,'asiste',NULL,194,3,141),(2156,'asiste',NULL,194,2,155),(2157,'asiste',NULL,194,3,261),(2158,'asiste',NULL,194,3,265),(2159,'asiste',NULL,195,3,10),(2160,'asiste',NULL,195,1,66),(2161,'asiste',NULL,195,2,155),(2162,'asiste',NULL,195,3,265),(2163,'asiste',NULL,196,3,10),(2164,'asiste',NULL,196,3,19),(2165,'asiste',NULL,196,1,66),(2166,'asiste',NULL,196,3,141),(2167,'asiste',NULL,196,2,155),(2168,'asiste',NULL,196,3,265),(2169,'disculpa',NULL,197,3,10),(2170,'disculpa',NULL,197,3,47),(2171,'asiste',NULL,197,1,66),(2172,'asiste',NULL,197,3,141),(2173,'asiste',NULL,197,2,155),(2174,'asiste',NULL,197,3,222),(2175,'disculpa',NULL,197,3,233),(2176,'disculpa',NULL,197,3,257),(2177,'disculpa',NULL,197,3,265),(2178,'asiste',NULL,197,3,267),(2179,'asiste',NULL,198,3,47),(2180,'asiste',NULL,198,1,66),(2181,'asiste',NULL,198,2,82),(2182,'asiste',NULL,198,3,155),(2183,'disculpa',NULL,198,3,233),(2184,'asiste',NULL,198,3,257),(2185,'asiste',NULL,198,3,265),(2186,'asiste',NULL,198,3,267),(2187,'asiste',NULL,199,1,66),(2188,'asiste',NULL,199,2,82),(2189,'asiste',NULL,199,3,141),(2190,'disculpa',NULL,199,3,155),(2191,'asiste',NULL,199,3,222),(2192,'disculpa',NULL,199,3,233),(2193,'disculpa',NULL,199,3,257),(2194,'asiste',NULL,199,3,267),(2195,'disculpa',NULL,200,3,47),(2196,'asiste',NULL,200,1,66),(2197,'asiste',NULL,200,2,82),(2198,'asiste',NULL,200,3,141),(2199,'asiste',NULL,200,3,155),(2200,'disculpa',NULL,200,3,222),(2201,'asiste',NULL,200,3,257),(2202,'asiste',NULL,200,3,265),(2203,'disculpa',NULL,200,3,267),(2204,'asiste',NULL,201,3,47),(2205,'asiste',NULL,201,1,66),(2206,'asiste',NULL,201,2,82),(2207,'asiste',NULL,201,3,141),(2208,'disculpa',NULL,201,3,155),(2209,'asiste',NULL,201,3,222),(2210,'asiste',NULL,201,3,233),(2211,'asiste',NULL,201,3,265),(2212,'disculpa',NULL,202,3,47),(2213,'asiste',NULL,202,1,66),(2214,'asiste',NULL,202,2,82),(2215,'asiste',NULL,202,3,141),(2216,'asiste',NULL,202,3,155),(2217,'asiste',NULL,202,3,222),(2218,'asiste',NULL,202,3,265),(2219,'asiste',NULL,202,3,268),(2220,'asiste',NULL,203,3,47),(2221,'asiste',NULL,203,1,66),(2222,'asiste',NULL,203,2,82),(2223,'asiste',NULL,203,3,155),(2224,'asiste',NULL,203,3,222),(2225,'asiste',NULL,203,3,265),(2226,'asiste',NULL,203,3,268),(2227,'asiste',NULL,204,3,47),(2228,'asiste',NULL,204,1,66),(2229,'asiste',NULL,204,2,82),(2230,'asiste',NULL,204,3,155),(2231,'asiste',NULL,204,3,233),(2232,'asiste',NULL,204,3,265),(2233,'asiste',NULL,205,3,47),(2234,'asiste',NULL,205,1,66),(2235,'asiste',NULL,205,2,82),(2236,'asiste',NULL,205,3,141),(2237,'asiste',NULL,205,3,155),(2238,'asiste',NULL,205,3,222),(2239,'asiste',NULL,205,3,233),(2240,'asiste',NULL,205,3,265),(2241,'asiste',NULL,205,3,268),(2242,'disculpa',NULL,206,3,5),(2243,'asiste',NULL,206,3,47),(2244,'asiste',NULL,206,1,66),(2245,'asiste',NULL,206,2,82),(2246,'asiste',NULL,206,3,141),(2247,'asiste',NULL,206,3,155),(2248,'disculpa',NULL,206,3,222),(2249,'asiste',NULL,206,3,265),(2250,'disculpa',NULL,207,3,5),(2251,'asiste',NULL,207,1,66),(2252,'asiste',NULL,207,2,82),(2253,'asiste',NULL,207,3,141),(2254,'asiste',NULL,207,3,222),(2255,'asiste',NULL,207,3,265),(2256,'asiste',NULL,208,3,5),(2257,'asiste',NULL,208,3,47),(2258,'asiste',NULL,208,1,66),(2259,'asiste',NULL,208,2,82),(2260,'asiste',NULL,208,3,141),(2261,'asiste',NULL,208,3,155),(2262,'asiste',NULL,208,3,222),(2263,'asiste',NULL,208,3,268),(2264,'asiste',NULL,209,3,47),(2265,'asiste',NULL,209,1,66),(2266,'asiste',NULL,209,2,82),(2267,'asiste',NULL,209,3,141),(2268,'asiste',NULL,209,3,155),(2269,'asiste',NULL,209,3,222),(2270,'asiste',NULL,209,3,233),(2271,'asiste',NULL,209,3,266),(2272,'asiste',NULL,209,3,268),(2273,'asiste',NULL,210,3,5),(2274,'asiste',NULL,210,3,47),(2275,'asiste',NULL,210,1,66),(2276,'asiste',NULL,210,2,82),(2277,'asiste',NULL,210,3,141),(2278,'asiste',NULL,210,3,155),(2279,'asiste',NULL,210,3,222),(2280,'asiste',NULL,210,3,266),(2281,'asiste',NULL,211,3,5),(2282,'asiste',NULL,211,3,47),(2283,'asiste',NULL,211,3,65),(2284,'asiste',NULL,211,1,66),(2285,'asiste',NULL,211,2,82),(2286,'asiste',NULL,211,3,141),(2287,'asiste',NULL,211,3,155),(2288,'asiste',NULL,211,3,199),(2289,'asiste',NULL,211,3,222),(2290,'disculpa',NULL,211,3,229),(2291,'asiste',NULL,211,3,266),(2292,'disculpa',NULL,211,3,271),(2293,'asiste',NULL,212,3,5),(2294,'asiste',NULL,212,3,47),(2295,'asiste',NULL,212,3,65),(2296,'asiste',NULL,212,1,66),(2297,'asiste',NULL,212,2,82),(2298,'asiste',NULL,212,3,141),(2299,'asiste',NULL,212,3,155),(2300,'asiste',NULL,212,3,191),(2301,'asiste',NULL,212,3,222),(2302,'asiste',NULL,212,3,271),(2303,'asiste',NULL,213,3,5),(2304,'asiste',NULL,213,3,47),(2305,'asiste',NULL,213,3,65),(2306,'asiste',NULL,213,1,66),(2307,'asiste',NULL,213,2,82),(2308,'asiste',NULL,213,3,141),(2309,'asiste',NULL,213,3,155),(2310,'asiste',NULL,213,3,191),(2311,'asiste',NULL,213,3,222),(2312,'asiste',NULL,213,3,271),(2313,'asiste',NULL,214,3,5),(2314,'disculpa',NULL,214,3,47),(2315,'asiste',NULL,214,3,65),(2316,'disculpa',NULL,214,1,66),(2317,'asiste',NULL,214,2,82),(2318,'asiste',NULL,214,3,141),(2319,'asiste',NULL,214,3,191),(2320,'asiste',NULL,214,3,222),(2321,'asiste',NULL,214,3,271),(2322,'asiste',NULL,215,3,5),(2323,'disculpa',NULL,215,3,47),(2324,'disculpa',NULL,215,3,65),(2325,'asiste',NULL,215,1,66),(2326,'disculpa',NULL,215,2,82),(2327,'asiste',NULL,215,3,141),(2328,'disculpa',NULL,215,3,155),(2329,'asiste',NULL,215,3,191),(2330,'asiste',NULL,215,3,222),(2331,'asiste',NULL,216,3,5),(2332,'asiste',NULL,216,3,65),(2333,'asiste',NULL,216,1,66),(2334,'asiste',NULL,216,2,82),(2335,'asiste',NULL,216,3,141),(2336,'asiste',NULL,216,3,191),(2337,'asiste',NULL,216,3,271),(2338,'asiste',NULL,217,3,5),(2339,'asiste',NULL,217,3,47),(2340,'asiste',NULL,217,3,65),(2341,'asiste',NULL,217,1,66),(2342,'asiste',NULL,217,2,82),(2343,'disculpa',NULL,217,3,141),(2344,'asiste',NULL,217,3,155),(2345,'asiste',NULL,217,3,191),(2346,'asiste',NULL,217,3,222),(2347,'disculpa',NULL,217,3,271),(2348,'disculpa',NULL,218,3,5),(2349,'asiste',NULL,218,3,47),(2350,'asiste',NULL,218,3,65),(2351,'asiste',NULL,218,1,66),(2352,'asiste',NULL,218,2,82),(2353,'asiste',NULL,218,3,141),(2354,'asiste',NULL,218,3,155),(2355,'asiste',NULL,218,3,191),(2356,'asiste',NULL,218,3,222),(2357,'asiste',NULL,219,3,5),(2358,'asiste',NULL,219,3,47),(2359,'asiste',NULL,219,3,65),(2360,'asiste',NULL,219,1,66),(2361,'asiste',NULL,219,2,82),(2362,'disculpa',NULL,219,3,141),(2363,'asiste',NULL,219,3,155),(2364,'asiste',NULL,219,3,191),(2365,'disculpa',NULL,219,3,222),(2366,'disculpa',NULL,219,3,271),(2367,'asiste',NULL,220,3,5),(2368,'asiste',NULL,220,3,47),(2369,'asiste',NULL,220,3,65),(2370,'asiste',NULL,220,1,66),(2371,'asiste',NULL,220,2,82),(2372,'disculpa',NULL,220,3,141),(2373,'asiste',NULL,220,3,155),(2374,'asiste',NULL,220,3,191),(2375,'asiste',NULL,220,3,222),(2376,'asiste',NULL,220,3,271),(2377,'asiste',NULL,221,3,5),(2378,'asiste',NULL,221,3,47),(2379,'disculpa',NULL,221,3,65),(2380,'asiste',NULL,221,1,66),(2381,'asiste',NULL,221,2,82),(2382,'asiste',NULL,221,3,141),(2383,'asiste',NULL,221,3,155),(2384,'asiste',NULL,221,3,191),(2385,'disculpa',NULL,221,3,222),(2386,'asiste',NULL,221,3,271),(2387,'asiste',NULL,222,3,5),(2388,'asiste',NULL,222,3,65),(2389,'asiste',NULL,222,1,66),(2390,'asiste',NULL,222,2,82),(2391,'disculpa',NULL,222,3,141),(2392,'asiste',NULL,222,3,155),(2393,'asiste',NULL,222,3,191),(2394,'asiste',NULL,222,3,222),(2395,'asiste',NULL,222,3,271),(2396,'asiste',NULL,223,3,47),(2397,'asiste',NULL,223,3,65),(2398,'asiste',NULL,223,1,66),(2399,'asiste',NULL,223,2,82),(2400,'asiste',NULL,223,3,141),(2401,'asiste',NULL,223,3,155),(2402,'asiste',NULL,223,3,191),(2403,'asiste',NULL,223,3,222),(2404,'disculpa',NULL,223,3,271),(2405,'falta',NULL,224,3,5),(2406,'asiste',NULL,224,3,47),(2407,'asiste',NULL,224,3,65),(2408,'asiste',NULL,224,1,66),(2409,'asiste',NULL,224,2,82),(2410,'disculpa',NULL,224,3,141),(2411,'falta',NULL,224,3,155),(2412,'asiste',NULL,224,3,191),(2413,'disculpa',NULL,224,3,222),(2414,'asiste',NULL,224,3,271),(2415,'asiste',NULL,225,3,5),(2416,'asiste',NULL,225,3,47),(2417,'asiste',NULL,225,3,65),(2418,'asiste',NULL,225,1,66),(2419,'asiste',NULL,225,2,82),(2420,'asiste',NULL,225,3,141),(2421,'asiste',NULL,225,3,155),(2422,'disculpa',NULL,225,3,191),(2423,'disculpa',NULL,225,3,222),(2424,'disculpa',NULL,225,3,271),(2425,'asiste',NULL,226,3,5),(2426,'asiste',NULL,226,3,47),(2427,'asiste',NULL,226,3,65),(2428,'asiste',NULL,226,1,66),(2429,'asiste',NULL,226,2,82),(2430,'asiste',NULL,226,3,141),(2431,'asiste',NULL,226,3,155),(2432,'asiste',NULL,226,3,191),(2433,'asiste',NULL,226,3,222),(2434,'disculpa',NULL,226,3,271),(2435,'falta',NULL,227,3,5),(2436,'asiste',NULL,227,3,47),(2437,'disculpa',NULL,227,3,65),(2438,'asiste',NULL,227,1,66),(2439,'asiste',NULL,227,2,82),(2440,'asiste',NULL,227,3,141),(2441,'falta',NULL,227,3,155),(2442,'asiste',NULL,227,3,191),(2443,'asiste',NULL,227,3,222),(2444,'falta',NULL,227,3,271),(2445,'asiste',NULL,228,3,5),(2446,'asiste',NULL,228,3,47),(2447,'asiste',NULL,228,3,65),(2448,'asiste',NULL,228,1,66),(2449,'asiste',NULL,228,2,82),(2450,'asiste',NULL,228,3,141),(2451,'asiste',NULL,228,3,155),(2452,'asiste',NULL,228,3,191),(2453,'disculpa',NULL,228,3,222),(2454,'asiste',NULL,228,3,271),(2455,'asiste',NULL,229,3,5),(2456,'disculpa',NULL,229,3,47),(2457,'asiste',NULL,229,3,65),(2458,'asiste',NULL,229,1,66),(2459,'asiste',NULL,229,2,82),(2460,'asiste',NULL,229,3,141),(2461,'asiste',NULL,229,3,155),(2462,'asiste',NULL,229,3,191),(2463,'asiste',NULL,229,3,222),(2464,'asiste',NULL,230,3,47),(2465,'asiste',NULL,230,3,65),(2466,'asiste',NULL,230,1,66),(2467,'asiste',NULL,230,2,82),(2468,'asiste',NULL,230,3,141),(2469,'disculpa',NULL,230,3,155),(2470,'asiste',NULL,230,3,191),(2471,'asiste',NULL,230,3,222),(2472,'disculpa',NULL,231,3,5),(2473,'asiste',NULL,231,3,47),(2474,'asiste',NULL,231,3,65),(2475,'asiste',NULL,231,1,66),(2476,'asiste',NULL,231,2,82),(2477,'asiste',NULL,231,3,141),(2478,'disculpa',NULL,231,3,155),(2479,'asiste',NULL,231,3,191),(2480,'disculpa',NULL,231,3,222),(2481,'disculpa',NULL,231,3,271),(2482,'asiste',NULL,232,3,5),(2483,'asiste',NULL,232,3,47),(2484,'asiste',NULL,232,3,65),(2485,'asiste',NULL,232,1,66),(2486,'asiste',NULL,232,2,82),(2487,'asiste',NULL,232,3,141),(2488,'disculpa',NULL,232,3,155),(2489,'asiste',NULL,232,3,191),(2490,'asiste',NULL,232,3,222),(2491,'asiste',NULL,233,3,5),(2492,'disculpa',NULL,233,3,47),(2493,'asiste',NULL,233,3,65),(2494,'asiste',NULL,233,1,66),(2495,'asiste',NULL,233,2,82),(2496,'disculpa',NULL,233,3,141),(2497,'disculpa',NULL,233,3,155),(2498,'asiste',NULL,233,3,191),(2499,'disculpa',NULL,233,3,222),(2500,'asiste',NULL,234,2,19),(2501,'asiste',NULL,234,3,65),(2502,'asiste',NULL,234,3,68),(2503,'asiste',NULL,234,1,91),(2504,'asiste',NULL,234,3,122),(2505,'asiste',NULL,234,3,141),(2506,'asiste',NULL,234,3,155),(2507,'falta',NULL,234,3,167),(2508,'falta',NULL,234,3,200),(2509,'falta',NULL,234,3,247),(2510,'asiste',NULL,235,2,19),(2511,'asiste',NULL,235,3,65),(2512,'asiste',NULL,235,3,68),(2513,'asiste',NULL,235,1,91),(2514,'disculpa',NULL,235,3,122),(2515,'asiste',NULL,235,3,141),(2516,'asiste',NULL,235,3,155),(2517,'falta',NULL,235,3,167),(2518,'asiste',NULL,235,3,200),(2519,'falta',NULL,235,3,247),(2520,'asiste',NULL,236,2,19),(2521,'asiste',NULL,236,3,65),(2522,'asiste',NULL,236,3,68),(2523,'asiste',NULL,236,1,91),(2524,'asiste',NULL,236,3,122),(2525,'asiste',NULL,236,3,141),(2526,'asiste',NULL,236,3,155),(2527,'falta',NULL,236,3,167),(2528,'asiste',NULL,236,3,182),(2529,'asiste',NULL,236,3,200),(2530,'falta',NULL,236,3,247),(2531,'disculpa',NULL,237,2,19),(2532,'asiste',NULL,237,3,65),(2533,'asiste',NULL,237,3,68),(2534,'asiste',NULL,237,1,91),(2535,'asiste',NULL,237,3,122),(2536,'falta',NULL,237,3,141),(2537,'asiste',NULL,237,3,155),(2538,'falta',NULL,237,3,167),(2539,'asiste',NULL,237,3,182),(2540,'falta',NULL,237,3,200),(2541,'falta',NULL,237,3,247),(2542,'asiste',NULL,238,2,19),(2543,'asiste',NULL,238,3,65),(2544,'asiste',NULL,238,3,68),(2545,'asiste',NULL,238,1,91),(2546,'asiste',NULL,238,3,122),(2547,'disculpa',NULL,238,3,141),(2548,'asiste',NULL,238,3,155),(2549,'falta',NULL,238,3,167),(2550,'asiste',NULL,238,3,182),(2551,'falta',NULL,238,3,200),(2552,'falta',NULL,238,3,247),(2553,'asiste',NULL,239,2,19),(2554,'asiste',NULL,239,3,65),(2555,'asiste',NULL,239,3,68),(2556,'asiste',NULL,239,1,91),(2557,'asiste',NULL,239,3,122),(2558,'asiste',NULL,239,3,141),(2559,'asiste',NULL,239,3,155),(2560,'falta',NULL,239,3,167),(2561,'falta',NULL,239,3,182),(2562,'asiste',NULL,239,3,200),(2563,'falta',NULL,239,3,247),(2564,'asiste',NULL,240,2,19),(2565,'asiste',NULL,240,3,65),(2566,'asiste',NULL,240,3,68),(2567,'asiste',NULL,240,1,91),(2568,'asiste',NULL,240,3,122),(2569,'asiste',NULL,240,3,141),(2570,'asiste',NULL,240,3,155),(2571,'falta',NULL,240,3,167),(2572,'disculpa',NULL,240,3,182),(2573,'falta',NULL,240,3,200),(2574,'falta',NULL,240,3,247),(2575,'asiste',NULL,241,2,19),(2576,'asiste',NULL,241,3,65),(2577,'asiste',NULL,241,3,68),(2578,'asiste',NULL,241,1,91),(2579,'asiste',NULL,241,3,122),(2580,'asiste',NULL,241,3,141),(2581,'asiste',NULL,241,3,155),(2582,'falta',NULL,241,3,167),(2583,'falta',NULL,241,3,182),(2584,'falta',NULL,241,3,200),(2585,'falta',NULL,241,3,247),(2586,'asiste',NULL,242,2,19),(2587,'asiste',NULL,242,3,65),(2588,'asiste',NULL,242,3,68),(2589,'asiste',NULL,242,1,91),(2590,'asiste',NULL,242,3,122),(2591,'asiste',NULL,242,3,141),(2592,'asiste',NULL,242,3,155),(2593,'falta',NULL,242,3,167),(2594,'falta',NULL,242,3,182),(2595,'falta',NULL,242,3,200),(2596,'falta',NULL,242,3,247),(2597,'asiste',NULL,243,2,19),(2598,'disculpa',NULL,243,3,65),(2599,'asiste',NULL,243,3,68),(2600,'asiste',NULL,243,1,91),(2601,'asiste',NULL,243,3,122),(2602,'asiste',NULL,243,3,141),(2603,'disculpa',NULL,243,3,155),(2604,'falta',NULL,243,3,167),(2605,'falta',NULL,243,3,182),(2606,'falta',NULL,243,3,200),(2607,'falta',NULL,243,3,247),(2608,'asiste',NULL,244,2,19),(2609,'disculpa',NULL,244,3,65),(2610,'asiste',NULL,244,3,68),(2611,'asiste',NULL,244,1,91),(2612,'asiste',NULL,244,3,122),(2613,'asiste',NULL,244,3,141),(2614,'asiste',NULL,244,3,155),(2615,'falta',NULL,244,3,167),(2616,'falta',NULL,244,3,182),(2617,'falta',NULL,244,3,200),(2618,'falta',NULL,244,3,247),(2619,'asiste',NULL,245,2,19),(2620,'asiste',NULL,245,3,65),(2621,'disculpa',NULL,245,3,68),(2622,'asiste',NULL,245,1,91),(2623,'disculpa',NULL,245,3,122),(2624,'disculpa',NULL,245,3,141),(2625,'disculpa',NULL,245,3,155),(2626,'falta',NULL,245,3,167),(2627,'falta',NULL,245,3,182),(2628,'falta',NULL,245,3,200),(2629,'falta',NULL,245,3,247),(2630,'asiste',NULL,246,2,19),(2631,'asiste',NULL,246,3,65),(2632,'asiste',NULL,246,3,68),(2633,'disculpa',NULL,246,1,91),(2634,'disculpa',NULL,246,3,122),(2635,'asiste',NULL,246,3,141),(2636,'asiste',NULL,246,3,155),(2637,'falta',NULL,246,3,167),(2638,'falta',NULL,246,3,182),(2639,'falta',NULL,246,3,200),(2640,'falta',NULL,246,3,247),(2641,'asiste',NULL,247,2,19),(2642,'disculpa',NULL,247,3,65),(2643,'asiste',NULL,247,3,68),(2644,'asiste',NULL,247,1,91),(2645,'asiste',NULL,247,3,122),(2646,'asiste',NULL,247,3,141),(2647,'asiste',NULL,247,3,155),(2648,'falta',NULL,247,3,167),(2649,'asiste',NULL,247,3,169),(2650,'falta',NULL,247,3,182),(2651,'falta',NULL,247,3,200),(2652,'falta',NULL,247,3,247),(2653,'asiste',NULL,248,2,19),(2654,'asiste',NULL,248,3,65),(2655,'asiste',NULL,248,3,68),(2656,'asiste',NULL,248,1,91),(2657,'asiste',NULL,248,3,122),(2658,'asiste',NULL,248,3,141),(2659,'asiste',NULL,248,3,155),(2660,'falta',NULL,248,3,167),(2661,'asiste',NULL,248,3,169),(2662,'asiste',NULL,248,3,200),(2663,'falta',NULL,248,3,247),(2664,'asiste',NULL,142,1,65),(2665,'asiste',NULL,142,2,41),(2666,'disculpa',NULL,142,3,14),(2667,'asiste',NULL,142,3,52),(2668,'disculpa',NULL,142,3,77),(2669,'asiste',NULL,142,3,125),(2670,'asiste',NULL,142,3,131),(2671,'asiste',NULL,142,3,151),(2672,'asiste',NULL,142,3,153),(2673,'asiste',NULL,142,3,233),(2674,'asiste',NULL,142,3,273),(2675,'asiste',NULL,143,1,86),(2676,'asiste',NULL,143,2,19),(2677,'asiste',NULL,143,3,41),(2678,'asiste',NULL,143,3,52),(2679,'asiste',NULL,143,3,65),(2680,'asiste',NULL,143,3,69),(2681,'asiste',NULL,143,3,76),(2682,'asiste',NULL,143,3,77),(2683,'disculpa',NULL,143,3,91),(2684,'asiste',NULL,143,3,131),(2685,'disculpa',NULL,143,3,153),(2686,'asiste',NULL,143,3,191),(2687,'falta',NULL,143,3,222),(2688,'falta',NULL,143,3,233),(2689,'asiste',NULL,144,1,86),(2690,'asiste',NULL,144,2,19),(2691,'falta',NULL,144,3,41),(2692,'asiste',NULL,144,3,52),(2693,'asiste',NULL,144,3,69),(2694,'asiste',NULL,144,3,76),(2695,'asiste',NULL,144,3,77),(2696,'asiste',NULL,144,3,91),(2697,'asiste',NULL,144,3,131),(2698,'disculpa',NULL,144,3,153),(2699,'asiste',NULL,144,3,191),(2700,'asiste',NULL,144,3,233),(2701,'asiste',NULL,144,4,65),(2702,'asiste',NULL,145,1,86),(2703,'asiste',NULL,145,2,19),(2704,'falta',NULL,145,3,41),(2705,'disculpa',NULL,145,3,52),(2706,'falta',NULL,145,3,69),(2707,'disculpa',NULL,145,3,76),(2708,'asiste',NULL,145,3,77),(2709,'asiste',NULL,145,3,91),(2710,'disculpa',NULL,145,3,131),(2711,'asiste',NULL,145,3,153),(2712,'asiste',NULL,145,3,191),(2713,'asiste',NULL,145,3,233),(2714,'asiste',NULL,145,4,65),(2715,'asiste',NULL,146,1,86),(2716,'asiste',NULL,146,2,19),(2717,'falta',NULL,146,3,41),(2718,'asiste',NULL,146,3,52),(2719,'asiste',NULL,146,3,69),(2720,'asiste',NULL,146,3,76),(2721,'asiste',NULL,146,3,77),(2722,'disculpa',NULL,146,3,91),(2723,'asiste',NULL,146,3,131),(2724,'falta',NULL,146,3,153),(2725,'asiste',NULL,146,3,191),(2726,'asiste',NULL,146,3,233),(2727,'asiste',NULL,146,4,65),(2728,'asiste',NULL,147,1,86),(2729,'asiste',NULL,147,2,19),(2730,'asiste',NULL,147,3,41),(2731,'asiste',NULL,147,3,69),(2732,'asiste',NULL,147,3,76),(2733,'asiste',NULL,147,3,77),(2734,'asiste',NULL,147,3,91),(2735,'asiste',NULL,147,3,131),(2736,'asiste',NULL,147,3,153),(2737,'asiste',NULL,147,3,191),(2738,'disculpa',NULL,147,3,222),(2739,'asiste',NULL,147,3,233),(2740,'asiste',NULL,147,4,65),(2741,'asiste',NULL,148,1,86),(2742,'asiste',NULL,148,2,19),(2743,'disculpa',NULL,148,3,41),(2744,'asiste',NULL,148,3,69),(2745,'asiste',NULL,148,3,76),(2746,'asiste',NULL,148,3,77),(2747,'asiste',NULL,148,3,91),(2748,'asiste',NULL,148,3,131),(2749,'asiste',NULL,148,3,153),(2750,'disculpa',NULL,148,3,191),(2751,'disculpa',NULL,148,3,222),(2752,'asiste',NULL,148,3,233),(2753,'asiste',NULL,148,4,65),(2754,'asiste',NULL,149,1,86),(2755,'asiste',NULL,149,2,19),(2756,'asiste',NULL,149,3,41),(2757,'disculpa',NULL,149,3,69),(2758,'asiste',NULL,149,3,76),(2759,'asiste',NULL,149,3,77),(2760,'disculpa',NULL,149,3,91),(2761,'falta',NULL,149,3,131),(2762,'falta',NULL,149,3,153),(2763,'asiste',NULL,149,3,191),(2764,'disculpa',NULL,149,3,222),(2765,'asiste',NULL,149,3,233),(2766,'asiste',NULL,149,4,65),(2767,'asiste',NULL,150,1,86),(2768,'asiste',NULL,150,2,19),(2769,'asiste',NULL,150,3,41),(2770,'asiste',NULL,150,3,69),(2771,'asiste',NULL,150,3,76),(2772,'asiste',NULL,150,3,77),(2773,'falta',NULL,150,3,91),(2774,'asiste',NULL,150,3,110),(2775,'disculpa',NULL,150,3,131),(2776,'asiste',NULL,150,3,153),(2777,'asiste',NULL,150,3,191),(2778,'falta',NULL,150,3,222),(2779,'asiste',NULL,150,4,65),(2780,'disculpa',NULL,254,1,91),(2781,'asiste',NULL,254,2,19),(2782,'asiste',NULL,254,1,65),(2783,'asiste',NULL,254,3,68),(2784,'disculpa',NULL,254,3,122),(2785,'asiste',NULL,254,3,141),(2786,'asiste',NULL,254,3,155),(2787,'falta',NULL,254,3,202),(2788,'falta',NULL,254,3,244),(2789,'asiste',NULL,254,3,169),(2790,'asiste',NULL,254,3,237),(2791,'asiste',NULL,255,1,86),(2792,'asiste',NULL,255,2,19),(2793,'asiste',NULL,255,3,5),(2794,'asiste',NULL,255,3,6),(2795,'asiste',NULL,255,3,150),(2796,'asiste',NULL,255,3,9),(2797,'asiste',NULL,255,3,10),(2798,'asiste',NULL,255,3,11),(2799,'asiste',NULL,255,3,12),(2800,'asiste',NULL,255,3,13),(2801,'asiste',NULL,255,3,14),(2802,'asiste',NULL,255,3,16),(2803,'asiste',NULL,255,3,18),(2804,'asiste',NULL,255,3,166),(2805,'asiste',NULL,255,3,21),(2806,'asiste',NULL,255,3,23),(2807,'asiste',NULL,255,3,25),(2808,'asiste',NULL,255,3,28),(2809,'asiste',NULL,255,3,33),(2810,'asiste',NULL,255,3,34),(2811,'asiste',NULL,255,3,35),(2812,'asiste',NULL,255,3,36),(2813,'asiste',NULL,255,3,40),(2814,'asiste',NULL,255,3,41),(2815,'asiste',NULL,255,3,44),(2816,'asiste',NULL,255,3,45),(2817,'asiste',NULL,255,3,46),(2818,'asiste',NULL,255,3,47),(2819,'asiste',NULL,255,3,48),(2820,'asiste',NULL,255,3,49),(2821,'asiste',NULL,255,3,50),(2822,'asiste',NULL,255,3,51),(2823,'asiste',NULL,255,3,52),(2824,'asiste',NULL,255,3,55),(2825,'asiste',NULL,255,3,56),(2826,'asiste',NULL,255,3,58),(2827,'asiste',NULL,255,3,60),(2828,'asiste',NULL,255,3,61),(2829,'asiste',NULL,255,3,66),(2830,'asiste',NULL,255,3,68),(2831,'asiste',NULL,255,3,69),(2832,'asiste',NULL,255,3,71),(2833,'asiste',NULL,255,3,72),(2834,'asiste',NULL,255,3,73),(2835,'asiste',NULL,255,3,74),(2836,'asiste',NULL,255,3,75),(2837,'asiste',NULL,255,3,76),(2838,'asiste',NULL,255,3,77),(2839,'asiste',NULL,255,3,78),(2840,'asiste',NULL,255,3,79),(2841,'asiste',NULL,255,3,82),(2842,'asiste',NULL,255,3,83),(2843,'asiste',NULL,255,3,85),(2844,'asiste',NULL,255,3,88),(2845,'asiste',NULL,255,3,89),(2846,'asiste',NULL,255,3,92),(2847,'asiste',NULL,255,3,95),(2848,'asiste',NULL,255,3,96),(2849,'asiste',NULL,255,3,99),(2850,'asiste',NULL,255,3,100),(2851,'asiste',NULL,255,3,101),(2852,'asiste',NULL,255,3,102),(2853,'asiste',NULL,255,3,105),(2854,'asiste',NULL,255,3,106),(2855,'asiste',NULL,255,3,107),(2856,'asiste',NULL,255,3,109),(2857,'asiste',NULL,255,3,110),(2858,'asiste',NULL,255,3,111),(2859,'asiste',NULL,255,3,112),(2860,'asiste',NULL,255,3,113),(2861,'asiste',NULL,255,3,114),(2862,'asiste',NULL,255,3,115),(2863,'asiste',NULL,255,3,116),(2864,'asiste',NULL,255,3,118),(2865,'asiste',NULL,255,3,123),(2866,'asiste',NULL,255,3,125),(2867,'asiste',NULL,255,3,126),(2868,'asiste',NULL,255,3,131),(2869,'asiste',NULL,255,3,132),(2870,'asiste',NULL,255,3,133),(2871,'asiste',NULL,255,3,228),(2872,'asiste',NULL,255,3,230),(2873,'asiste',NULL,255,3,134),(2874,'asiste',NULL,255,3,137),(2875,'asiste',NULL,255,3,138),(2876,'asiste',NULL,255,3,237),(2877,'asiste',NULL,255,3,139),(2878,'asiste',NULL,255,3,239),(2879,'asiste',NULL,255,3,140),(2880,'asiste',NULL,255,3,141),(2881,'asiste',NULL,255,3,142),(2882,'asiste',NULL,255,3,143),(2883,'asiste',NULL,255,3,245),(2884,'asiste',NULL,255,3,145),(2885,'asiste',NULL,255,3,148),(2886,'asiste',NULL,255,3,149),(2887,'asiste',NULL,255,3,8),(2888,'asiste',NULL,255,3,151),(2889,'asiste',NULL,255,3,152),(2890,'asiste',NULL,255,3,154),(2891,'asiste',NULL,255,3,155),(2892,'asiste',NULL,255,3,156),(2893,'asiste',NULL,255,3,157),(2894,'asiste',NULL,255,3,159),(2895,'asiste',NULL,255,3,160),(2896,'asiste',NULL,255,3,162),(2897,'disculpa',NULL,255,3,31),(2898,'disculpa',NULL,255,3,43),(2899,'disculpa',NULL,255,3,65),(2900,'disculpa',NULL,255,3,91),(2901,'disculpa',NULL,255,3,93),(2902,'disculpa',NULL,255,3,97),(2903,'disculpa',NULL,255,3,122),(2904,'disculpa',NULL,255,3,135),(2905,'disculpa',NULL,255,3,153),(2906,'falta',NULL,255,3,7),(2907,'falta',NULL,255,3,165),(2908,'falta',NULL,255,3,17),(2909,'falta',NULL,255,3,167),(2910,'falta',NULL,255,3,22),(2911,'falta',NULL,255,3,29),(2912,'falta',NULL,255,3,171),(2913,'falta',NULL,255,3,172),(2914,'falta',NULL,255,3,173),(2915,'falta',NULL,255,3,38),(2916,'falta',NULL,255,3,175),(2917,'falta',NULL,255,3,176),(2918,'falta',NULL,255,3,180),(2919,'falta',NULL,255,3,54),(2920,'falta',NULL,255,3,57),(2921,'falta',NULL,255,3,59),(2922,'falta',NULL,255,3,185),(2923,'falta',NULL,255,3,192),(2924,'falta',NULL,255,3,70),(2925,'falta',NULL,255,3,193),(2926,'falta',NULL,255,3,194),(2927,'falta',NULL,255,3,198),(2928,'falta',NULL,255,3,81),(2929,'asiste',NULL,255,3,87),(2930,'falta',NULL,255,3,201),(2931,'falta',NULL,255,3,202),(2932,'falta',NULL,255,3,204),(2933,'falta',NULL,255,3,206),(2934,'falta',NULL,255,3,210),(2935,'falta',NULL,255,3,211),(2936,'falta',NULL,255,3,104),(2937,'falta',NULL,255,3,214),(2938,'falta',NULL,255,3,215),(2939,'falta',NULL,255,3,216),(2940,'falta',NULL,255,3,217),(2941,'falta',NULL,255,3,117),(2942,'falta',NULL,255,3,121),(2943,'falta',NULL,255,3,220),(2944,'falta',NULL,255,3,224),(2945,'falta',NULL,255,3,130),(2946,'falta',NULL,255,3,226),(2947,'falta',NULL,255,3,229),(2948,'falta',NULL,255,3,136),(2949,'falta',NULL,255,3,240),(2950,'falta',NULL,255,3,244),(2951,'falta',NULL,255,3,146),(2952,'falta',NULL,255,3,147),(2953,'falta',NULL,255,3,246),(2954,'falta',NULL,255,3,250),(2955,'falta',NULL,255,3,255),(2956,'falta',NULL,255,3,256),(2957,'asiste',NULL,256,1,86),(2958,'asiste',NULL,256,2,19),(2959,'asiste',NULL,256,3,16),(2960,'asiste',NULL,256,3,29),(2961,'asiste',NULL,256,3,52),(2962,'asiste',NULL,256,3,57),(2963,'asiste',NULL,256,3,76),(2964,'asiste',NULL,256,3,101),(2965,'asiste',NULL,256,3,159),(2966,'falta',NULL,256,3,175),(2967,'asiste',NULL,256,3,250),(2968,'asiste',NULL,256,3,191),(2969,'falta',NULL,257,3,16),(2970,'asiste',NULL,257,2,19),(2971,'asiste',NULL,257,3,29),(2972,'falta',NULL,257,3,171),(2973,'asiste',NULL,257,3,34),(2974,'asiste',NULL,257,3,229),(2975,'asiste',NULL,257,3,52),(2976,'disculpa',NULL,257,3,57),(2977,'disculpa',NULL,257,3,65),(2978,'asiste',NULL,257,1,86),(2979,'asiste',NULL,257,3,87),(2980,'disculpa',NULL,257,3,91),(2981,'falta',NULL,257,3,101),(2982,'falta',NULL,257,3,193),(2983,'asiste',NULL,257,3,217),(2984,'asiste',NULL,257,3,245),(2985,'falta',NULL,257,3,159),(2986,'asiste',NULL,258,1,110),(2987,'asiste',NULL,258,2,19),(2988,'asiste',NULL,258,3,13),(2989,'asiste',NULL,258,3,28),(2990,'asiste',NULL,258,3,33),(2991,'asiste',NULL,258,3,45),(2992,'asiste',NULL,258,3,50),(2993,'asiste',NULL,258,3,71),(2994,'asiste',NULL,258,3,129),(2995,'asiste',NULL,258,3,131),(2996,'asiste',NULL,258,3,137),(2997,'asiste',NULL,258,3,141),(2998,'asiste',NULL,258,3,143),(2999,'asiste',NULL,258,3,155),(3000,'asiste',NULL,259,1,110),(3001,'disculpa',NULL,259,2,19),(3002,'asiste',NULL,259,2,71),(3003,'asiste',NULL,259,3,13),(3004,'asiste',NULL,259,3,28),(3005,'falta',NULL,259,3,33),(3006,'falta',NULL,259,3,45),(3007,'disculpa',NULL,259,3,50),(3008,'falta',NULL,259,3,129),(3009,'asiste',NULL,259,3,131),(3010,'asiste',NULL,259,3,137),(3011,'asiste',NULL,259,3,141),(3012,'falta',NULL,259,3,143),(3013,'disculpa',NULL,259,3,155),(3014,'asiste',NULL,260,1,110),(3015,'asiste',NULL,260,2,19),(3016,'asiste',NULL,260,3,13),(3017,'asiste',NULL,260,3,28),(3018,'asiste',NULL,260,3,33),(3019,'asiste',NULL,260,3,45),(3020,'asiste',NULL,260,3,50),(3021,'asiste',NULL,260,3,71),(3022,'asiste',NULL,260,3,129),(3023,'asiste',NULL,260,3,131),(3024,'asiste',NULL,260,3,137),(3025,'asiste',NULL,260,3,141),(3026,'asiste',NULL,260,3,143),(3027,'asiste',NULL,260,3,155),(3028,'asiste',NULL,59,1,91),(3029,'asiste',NULL,59,2,19),(3030,'falta',NULL,59,3,33),(3031,'asiste',NULL,59,3,36),(3032,'asiste',NULL,59,3,71),(3033,'falta',NULL,59,3,129),(3034,'asiste',NULL,60,1,91),(3035,'asiste',NULL,60,2,19),(3036,'asiste',NULL,60,3,33),(3037,'asiste',NULL,60,3,36),(3038,'asiste',NULL,60,3,71),(3039,'asiste',NULL,60,3,129),(3040,'asiste',NULL,61,1,91),(3041,'asiste',NULL,61,2,19),(3042,'disculpa',NULL,61,3,13),(3043,'disculpa',NULL,61,3,33),(3044,'asiste',NULL,61,3,36),(3045,'asiste',NULL,61,3,45),(3046,'falta',NULL,61,3,71),(3047,'asiste',NULL,61,3,110),(3048,'asiste',NULL,61,3,129),(3049,'falta',NULL,61,3,131),(3050,'asiste',NULL,61,3,137),(3051,'asiste',NULL,61,3,141),(3052,'falta',NULL,61,3,143),(3053,'disculpa',NULL,61,3,155),(3054,'asiste',NULL,62,1,91),(3055,'asiste',NULL,62,2,19),(3056,'asiste',NULL,62,3,13),(3057,'falta',NULL,62,3,33),(3058,'asiste',NULL,62,3,36),(3059,'asiste',NULL,62,3,45),(3060,'asiste',NULL,62,3,71),(3061,'asiste',NULL,62,3,110),(3062,'disculpa',NULL,62,3,129),(3063,'asiste',NULL,62,3,131),(3064,'disculpa',NULL,62,3,137),(3065,'asiste',NULL,62,3,141),(3066,'asiste',NULL,62,3,143),(3067,'falta',NULL,62,3,155),(3068,'asiste',NULL,63,1,91),(3069,'asiste',NULL,63,2,19),(3070,'asiste',NULL,63,3,13),(3071,'asiste',NULL,63,3,33),(3072,'asiste',NULL,63,3,36),(3073,'asiste',NULL,63,3,45),(3074,'asiste',NULL,63,3,71),(3075,'asiste',NULL,63,3,110),(3076,'asiste',NULL,63,3,129),(3077,'asiste',NULL,63,3,131),(3078,'asiste',NULL,63,3,137),(3079,'asiste',NULL,63,3,141),(3080,'asiste',NULL,63,3,143),(3081,'asiste',NULL,63,3,155),(3082,'asiste',NULL,64,1,91),(3083,'asiste',NULL,64,2,19),(3084,'asiste',NULL,64,3,13),(3085,'falta',NULL,64,3,33),(3086,'asiste',NULL,64,3,36),(3087,'falta',NULL,64,3,45),(3088,'asiste',NULL,64,3,71),(3089,'asiste',NULL,64,3,110),(3090,'asiste',NULL,64,3,129),(3091,'disculpa',NULL,64,3,131),(3092,'disculpa',NULL,64,3,137),(3093,'asiste',NULL,64,3,141),(3094,'falta',NULL,64,3,143),(3095,'asiste',NULL,64,3,155),(3096,'asiste',NULL,65,1,91),(3097,'asiste',NULL,65,2,19),(3098,'asiste',NULL,65,3,13),(3099,'asiste',NULL,65,3,33),(3100,'asiste',NULL,65,3,36),(3101,'asiste',NULL,65,3,45),(3102,'asiste',NULL,65,3,71),(3103,'asiste',NULL,65,3,110),(3104,'asiste',NULL,65,3,129),(3105,'asiste',NULL,65,3,131),(3106,'asiste',NULL,65,3,137),(3107,'asiste',NULL,65,3,141),(3108,'asiste',NULL,65,3,143),(3109,'asiste',NULL,65,3,155),(3110,'asiste',NULL,66,1,91),(3111,'asiste',NULL,66,2,19),(3112,'asiste',NULL,66,3,13),(3113,'falta',NULL,66,3,33),(3114,'asiste',NULL,66,3,36),(3115,'falta',NULL,66,3,45),(3116,'asiste',NULL,66,3,71),(3117,'asiste',NULL,66,3,110),(3118,'asiste',NULL,66,3,129),(3119,'asiste',NULL,66,3,131),(3120,'asiste',NULL,66,3,137),(3121,'asiste',NULL,66,3,141),(3122,'falta',NULL,66,3,143),(3123,'asiste',NULL,66,3,155),(3124,'asiste',NULL,67,1,91),(3125,'asiste',NULL,67,2,19),(3126,'asiste',NULL,67,3,13),(3127,'asiste',NULL,67,3,33),(3128,'asiste',NULL,67,3,36),(3129,'asiste',NULL,67,3,45),(3130,'asiste',NULL,67,3,71),(3131,'asiste',NULL,67,3,110),(3132,'asiste',NULL,67,3,129),(3133,'asiste',NULL,67,3,131),(3134,'asiste',NULL,67,3,137),(3135,'asiste',NULL,67,3,141),(3136,'asiste',NULL,67,3,143),(3137,'asiste',NULL,67,3,155),(3138,'asiste',NULL,68,1,91),(3139,'asiste',NULL,68,2,19),(3140,'asiste',NULL,68,3,13),(3141,'asiste',NULL,68,3,33),(3142,'asiste',NULL,68,3,36),(3143,'asiste',NULL,68,3,45),(3144,'asiste',NULL,68,3,71),(3145,'asiste',NULL,68,3,110),(3146,'asiste',NULL,68,3,129),(3147,'asiste',NULL,68,3,131),(3148,'asiste',NULL,68,3,137),(3149,'asiste',NULL,68,3,141),(3150,'asiste',NULL,68,3,143),(3151,'asiste',NULL,68,3,155),(3152,'asiste',NULL,69,1,91),(3153,'asiste',NULL,69,2,19),(3154,'asiste',NULL,69,3,13),(3155,'asiste',NULL,69,3,33),(3156,'asiste',NULL,69,3,36),(3157,'asiste',NULL,69,3,45),(3158,'asiste',NULL,69,3,71),(3159,'asiste',NULL,69,3,110),(3160,'asiste',NULL,69,3,129),(3161,'asiste',NULL,69,3,131),(3162,'asiste',NULL,69,3,137),(3163,'asiste',NULL,69,3,141),(3164,'asiste',NULL,69,3,143),(3165,'asiste',NULL,69,3,155),(3166,'asiste',NULL,70,1,91),(3167,'asiste',NULL,70,2,19),(3168,'asiste',NULL,70,3,13),(3169,'asiste',NULL,70,3,33),(3170,'asiste',NULL,70,3,36),(3171,'asiste',NULL,70,3,45),(3172,'asiste',NULL,70,3,71),(3173,'asiste',NULL,70,3,110),(3174,'asiste',NULL,70,3,129),(3175,'asiste',NULL,70,3,131),(3176,'asiste',NULL,70,3,137),(3177,'asiste',NULL,70,3,141),(3178,'asiste',NULL,70,3,143),(3179,'asiste',NULL,70,3,155),(3180,'asiste',NULL,71,1,91),(3181,'asiste',NULL,71,2,19),(3182,'asiste',NULL,71,3,13),(3183,'asiste',NULL,71,3,33),(3184,'asiste',NULL,71,3,36),(3185,'asiste',NULL,71,3,45),(3186,'asiste',NULL,71,3,71),(3187,'asiste',NULL,71,3,110),(3188,'asiste',NULL,71,3,129),(3189,'asiste',NULL,71,3,131),(3190,'asiste',NULL,71,3,137),(3191,'asiste',NULL,71,3,141),(3192,'asiste',NULL,71,3,143),(3193,'asiste',NULL,71,3,155),(3194,'asiste',NULL,72,1,91),(3195,'asiste',NULL,72,2,19),(3196,'asiste',NULL,72,3,13),(3197,'falta',NULL,72,3,33),(3198,'disculpa',NULL,72,3,36),(3199,'falta',NULL,72,3,45),(3200,'disculpa',NULL,72,3,71),(3201,'disculpa',NULL,72,3,110),(3202,'falta',NULL,72,3,129),(3203,'asiste',NULL,72,3,131),(3204,'asiste',NULL,72,3,137),(3205,'asiste',NULL,72,3,141),(3206,'asiste',NULL,72,3,143),(3207,'disculpa',NULL,72,3,155),(3208,'asiste',NULL,73,1,91),(3209,'asiste',NULL,73,2,19),(3210,'asiste',NULL,73,3,13),(3211,'asiste',NULL,73,3,33),(3212,'asiste',NULL,73,3,36),(3213,'asiste',NULL,73,3,45),(3214,'asiste',NULL,73,3,71),(3215,'asiste',NULL,73,3,110),(3216,'asiste',NULL,73,3,129),(3217,'asiste',NULL,73,3,131),(3218,'asiste',NULL,73,3,137),(3219,'asiste',NULL,73,3,141),(3220,'asiste',NULL,73,3,143),(3221,'asiste',NULL,73,3,155),(3222,'asiste',NULL,74,1,91),(3223,'asiste',NULL,74,2,19),(3224,'asiste',NULL,74,3,13),(3225,'asiste',NULL,74,3,33),(3226,'asiste',NULL,74,3,36),(3227,'asiste',NULL,74,3,45),(3228,'asiste',NULL,74,3,71),(3229,'asiste',NULL,74,3,110),(3230,'asiste',NULL,74,3,129),(3231,'asiste',NULL,74,3,131),(3232,'asiste',NULL,74,3,137),(3233,'asiste',NULL,74,3,141),(3234,'asiste',NULL,74,3,143),(3235,'asiste',NULL,74,3,155),(3236,'asiste',NULL,75,1,91),(3237,'asiste',NULL,75,2,19),(3238,'asiste',NULL,75,3,13),(3239,'asiste',NULL,75,3,33),(3240,'asiste',NULL,75,3,36),(3241,'asiste',NULL,75,3,45),(3242,'asiste',NULL,75,3,71),(3243,'disculpa',NULL,75,3,110),(3244,'falta',NULL,75,3,129),(3245,'asiste',NULL,75,3,131),(3246,'asiste',NULL,75,3,137),(3247,'asiste',NULL,75,3,141),(3248,'disculpa',NULL,75,3,143),(3249,'asiste',NULL,75,3,155),(3250,'asiste',NULL,76,1,91),(3251,'asiste',NULL,76,2,19),(3252,'asiste',NULL,76,3,13),(3253,'disculpa',NULL,76,3,28),(3254,'asiste',NULL,76,3,33),(3255,'asiste',NULL,76,3,45),(3256,'asiste',NULL,76,3,71),(3257,'asiste',NULL,76,3,110),(3258,'asiste',NULL,76,3,129),(3259,'asiste',NULL,76,3,131),(3260,'asiste',NULL,76,3,137),(3261,'disculpa',NULL,76,3,141),(3262,'asiste',NULL,76,3,143),(3263,'disculpa',NULL,76,3,155),(3264,'asiste',NULL,77,1,110),(3265,'asiste',NULL,77,2,19),(3266,'asiste',NULL,77,3,13),(3267,'asiste',NULL,77,3,28),(3268,'asiste',NULL,77,3,33),(3269,'asiste',NULL,77,3,45),(3270,'asiste',NULL,77,3,71),(3271,'asiste',NULL,77,3,129),(3272,'asiste',NULL,77,3,131),(3273,'falta',NULL,77,3,137),(3274,'asiste',NULL,77,3,141),(3275,'asiste',NULL,77,3,143),(3276,'asiste',NULL,77,3,155),(3277,'asiste',NULL,78,1,110),(3278,'asiste',NULL,78,2,19),(3279,'asiste',NULL,78,3,13),(3280,'asiste',NULL,78,3,28),(3281,'asiste',NULL,78,3,33),(3282,'asiste',NULL,78,3,45),(3283,'asiste',NULL,78,3,50),(3284,'disculpa',NULL,78,3,71),(3285,'falta',NULL,78,3,129),(3286,'asiste',NULL,78,3,131),(3287,'disculpa',NULL,78,3,137),(3288,'asiste',NULL,78,3,141),(3289,'asiste',NULL,78,3,143),(3290,'disculpa',NULL,78,3,155),(3291,'asiste',NULL,79,1,110),(3292,'asiste',NULL,79,2,19),(3293,'asiste',NULL,79,3,13),(3294,'asiste',NULL,79,3,28),(3295,'asiste',NULL,79,3,33),(3296,'asiste',NULL,79,3,45),(3297,'asiste',NULL,79,3,50),(3298,'asiste',NULL,79,3,71),(3299,'asiste',NULL,79,3,129),(3300,'asiste',NULL,79,3,131),(3301,'asiste',NULL,79,3,137),(3302,'asiste',NULL,79,3,141),(3303,'asiste',NULL,79,3,143),(3304,'asiste',NULL,79,3,155),(3305,'asiste',NULL,103,3,16),(3306,'asiste',NULL,103,3,29),(3307,'asiste',NULL,103,3,52),(3308,'asiste',NULL,103,3,57),(3309,'asiste',NULL,103,3,191),(3310,'asiste',NULL,103,2,73),(3311,'asiste',NULL,103,1,86),(3312,'asiste',NULL,103,3,101),(3313,'asiste',NULL,103,3,159),(3314,'asiste',NULL,104,3,16),(3315,'asiste',NULL,104,2,19),(3316,'asiste',NULL,104,3,29),(3317,'asiste',NULL,104,3,52),(3318,'asiste',NULL,104,3,57),(3319,'asiste',NULL,104,3,188),(3320,'asiste',NULL,104,3,191),(3321,'asiste',NULL,104,3,73),(3322,'asiste',NULL,104,3,76),(3323,'asiste',NULL,104,1,86),(3324,'asiste',NULL,104,3,101),(3325,'asiste',NULL,104,3,159),(3326,'asiste',NULL,105,3,16),(3327,'asiste',NULL,105,2,19),(3328,'asiste',NULL,105,3,29),(3329,'asiste',NULL,105,3,52),(3330,'asiste',NULL,105,3,57),(3331,'disculpa',NULL,105,3,188),(3332,'asiste',NULL,105,3,191),(3333,'asiste',NULL,105,3,76),(3334,'asiste',NULL,105,1,86),(3335,'asiste',NULL,105,3,101),(3336,'falta',NULL,105,3,159),(3337,'falta',NULL,106,3,16),(3338,'asiste',NULL,106,2,19),(3339,'asiste',NULL,106,3,29),(3340,'falta',NULL,106,3,52),(3341,'asiste',NULL,106,3,57),(3342,'asiste',NULL,106,3,188),(3343,'asiste',NULL,106,3,191),(3344,'asiste',NULL,106,3,76),(3345,'asiste',NULL,106,1,86),(3346,'asiste',NULL,106,3,101),(3347,'asiste',NULL,106,3,159),(3348,'falta',NULL,107,3,16),(3349,'asiste',NULL,107,2,19),(3350,'asiste',NULL,107,3,29),(3351,'falta',NULL,107,3,52),(3352,'falta',NULL,107,3,57),(3353,'asiste',NULL,107,3,188),(3354,'asiste',NULL,107,3,191),(3355,'asiste',NULL,107,3,76),(3356,'asiste',NULL,107,1,86),(3357,'asiste',NULL,107,3,101),(3358,'asiste',NULL,107,3,159),(3359,'asiste',NULL,108,3,16),(3360,'asiste',NULL,108,2,19),(3361,'asiste',NULL,108,3,29),(3362,'asiste',NULL,108,3,52),(3363,'asiste',NULL,108,3,57),(3364,'asiste',NULL,108,3,188),(3365,'asiste',NULL,108,3,191),(3366,'asiste',NULL,108,3,76),(3367,'asiste',NULL,108,1,86),(3368,'asiste',NULL,108,3,101),(3369,'asiste',NULL,108,3,159),(3370,'falta',NULL,109,3,16),(3371,'asiste',NULL,109,2,19),(3372,'asiste',NULL,109,3,29),(3373,'falta',NULL,109,3,52),(3374,'asiste',NULL,109,3,57),(3375,'asiste',NULL,109,3,188),(3376,'asiste',NULL,109,3,191),(3377,'asiste',NULL,109,3,76),(3378,'asiste',NULL,109,1,86),(3379,'falta',NULL,109,3,101),(3380,'asiste',NULL,109,3,159),(3381,'asiste',NULL,110,3,16),(3382,'asiste',NULL,110,2,19),(3383,'asiste',NULL,110,3,29),(3384,'falta',NULL,110,3,52),(3385,'asiste',NULL,110,3,57),(3386,'asiste',NULL,110,3,188),(3387,'asiste',NULL,110,3,191),(3388,'asiste',NULL,110,3,76),(3389,'asiste',NULL,110,1,86),(3390,'asiste',NULL,110,3,101),(3391,'asiste',NULL,110,3,159),(3392,'falta',NULL,111,3,16),(3393,'asiste',NULL,111,2,19),(3394,'asiste',NULL,111,3,29),(3395,'falta',NULL,111,3,52),(3396,'asiste',NULL,111,3,57),(3397,'asiste',NULL,111,3,188),(3398,'asiste',NULL,111,3,191),(3399,'asiste',NULL,111,3,76),(3400,'asiste',NULL,111,1,86),(3401,'asiste',NULL,111,3,101),(3402,'asiste',NULL,111,3,159),(3403,'falta',NULL,112,3,16),(3404,'asiste',NULL,112,2,19),(3405,'disculpa',NULL,112,3,29),(3406,'asiste',NULL,112,3,52),(3407,'asiste',NULL,112,3,57),(3408,'falta',NULL,112,3,188),(3409,'asiste',NULL,112,3,191),(3410,'asiste',NULL,112,3,76),(3411,'asiste',NULL,112,1,86),(3412,'asiste',NULL,112,3,101),(3413,'disculpa',NULL,112,3,159),(3414,'falta',NULL,113,3,16),(3415,'falta',NULL,114,3,16),(3416,'falta',NULL,115,3,16),(3417,'asiste',NULL,116,3,16),(3418,'asiste',NULL,117,3,16),(3419,'asiste',NULL,118,3,16),(3420,'disculpa',NULL,119,3,16),(3421,'asiste',NULL,120,3,16),(3422,'asiste',NULL,121,3,16),(3423,'asiste',NULL,122,3,16),(3424,'asiste',NULL,113,2,19),(3425,'asiste',NULL,114,2,19),(3426,'asiste',NULL,115,2,19),(3427,'asiste',NULL,116,2,19),(3428,'asiste',NULL,117,2,19),(3429,'asiste',NULL,118,2,19),(3430,'asiste',NULL,119,2,19),(3431,'asiste',NULL,120,2,19),(3432,'asiste',NULL,121,2,19),(3433,'asiste',NULL,122,2,19),(3434,'asiste',NULL,113,3,29),(3435,'falta',NULL,114,3,29),(3436,'asiste',NULL,115,3,29),(3437,'asiste',NULL,116,3,29),(3438,'asiste',NULL,117,3,29),(3439,'asiste',NULL,118,3,29),(3440,'asiste',NULL,119,3,29),(3441,'asiste',NULL,120,3,29),(3442,'asiste',NULL,121,3,29),(3443,'asiste',NULL,122,3,29),(3444,'asiste',NULL,113,3,52),(3445,'asiste',NULL,114,3,52),(3446,'falta',NULL,115,3,52),(3447,'falta',NULL,116,3,52),(3448,'asiste',NULL,117,3,52),(3449,'asiste',NULL,118,3,52),(3450,'asiste',NULL,119,3,52),(3451,'asiste',NULL,120,3,52),(3452,'asiste',NULL,121,3,52),(3453,'asiste',NULL,122,3,52),(3454,'falta',NULL,113,3,57),(3455,'asiste',NULL,114,3,57),(3456,'asiste',NULL,115,3,57),(3457,'asiste',NULL,116,3,57),(3458,'asiste',NULL,117,3,57),(3459,'asiste',NULL,118,3,57),(3460,'asiste',NULL,119,3,57),(3461,'asiste',NULL,120,3,57),(3462,'asiste',NULL,121,3,57),(3463,'asiste',NULL,122,3,57),(3464,'asiste',NULL,113,3,188),(3465,'asiste',NULL,114,3,188),(3466,'asiste',NULL,115,3,188),(3467,'asiste',NULL,116,3,188),(3468,'asiste',NULL,117,3,188),(3469,'asiste',NULL,118,3,188),(3470,'falta',NULL,119,3,188),(3471,'asiste',NULL,120,3,188),(3472,'asiste',NULL,121,3,188),(3473,'falta',NULL,122,3,188),(3474,'asiste',NULL,113,3,191),(3475,'asiste',NULL,114,3,191),(3476,'asiste',NULL,115,3,191),(3477,'asiste',NULL,116,3,191),(3478,'asiste',NULL,117,3,191),(3479,'asiste',NULL,118,3,191),(3480,'asiste',NULL,119,3,191),(3481,'asiste',NULL,120,3,191),(3482,'asiste',NULL,121,3,191),(3483,'asiste',NULL,122,3,191),(3484,'asiste',NULL,113,3,76),(3485,'asiste',NULL,114,3,76),(3486,'asiste',NULL,115,3,76),(3487,'asiste',NULL,116,3,76),(3488,'asiste',NULL,117,3,76),(3489,'asiste',NULL,118,3,76),(3490,'asiste',NULL,119,3,76),(3491,'asiste',NULL,120,3,76),(3492,'asiste',NULL,121,3,76),(3493,'asiste',NULL,122,3,76),(3494,'asiste',NULL,113,1,86),(3495,'asiste',NULL,114,1,86),(3496,'asiste',NULL,115,1,86),(3497,'asiste',NULL,116,1,86),(3498,'asiste',NULL,117,1,86),(3499,'asiste',NULL,118,1,86),(3500,'asiste',NULL,119,1,86),(3501,'asiste',NULL,120,1,86),(3502,'asiste',NULL,121,1,86),(3503,'asiste',NULL,122,1,86),(3504,'asiste',NULL,113,3,101),(3505,'asiste',NULL,114,3,101),(3506,'asiste',NULL,115,3,101),(3507,'asiste',NULL,116,3,101),(3508,'asiste',NULL,117,3,101),(3509,'asiste',NULL,118,3,101),(3510,'falta',NULL,119,3,101),(3511,'falta',NULL,120,3,101),(3512,'falta',NULL,121,3,101),(3513,'falta',NULL,122,3,101),(3514,'falta',NULL,113,3,159),(3515,'asiste',NULL,114,3,159),(3516,'asiste',NULL,115,3,159),(3517,'asiste',NULL,116,3,159),(3518,'asiste',NULL,117,3,159),(3519,'asiste',NULL,118,3,159),(3520,'asiste',NULL,119,3,159),(3521,'asiste',NULL,120,3,159),(3522,'asiste',NULL,121,3,159),(3523,'asiste',NULL,122,3,159),(3524,'asiste',NULL,123,1,86),(3525,'asiste',NULL,123,2,19),(3526,'asiste',NULL,123,3,16),(3527,'asiste',NULL,123,3,29),(3528,'asiste',NULL,123,3,52),(3529,'asiste',NULL,123,3,57),(3530,'asiste',NULL,123,3,76),(3531,'falta',NULL,123,3,101),(3532,'asiste',NULL,123,3,159),(3533,'falta',NULL,123,3,188),(3534,'asiste',NULL,123,3,191),(3535,'asiste',NULL,124,1,86),(3536,'asiste',NULL,124,2,19),(3537,'asiste',NULL,124,3,16),(3538,'asiste',NULL,124,3,29),(3539,'asiste',NULL,124,3,52),(3540,'asiste',NULL,124,3,57),(3541,'asiste',NULL,124,3,76),(3542,'falta',NULL,124,3,101),(3543,'asiste',NULL,124,3,159),(3544,'asiste',NULL,124,3,188),(3545,'asiste',NULL,124,3,191),(3546,'asiste',NULL,125,1,86),(3547,'asiste',NULL,125,2,19),(3548,'asiste',NULL,125,3,16),(3549,'asiste',NULL,125,3,29),(3550,'asiste',NULL,125,3,52),(3551,'asiste',NULL,125,3,57),(3552,'asiste',NULL,125,3,76),(3553,'asiste',NULL,125,3,101),(3554,'asiste',NULL,125,3,159),(3555,'falta',NULL,125,3,188),(3556,'asiste',NULL,125,3,191),(3557,'asiste',NULL,126,1,86),(3558,'asiste',NULL,126,2,19),(3559,'asiste',NULL,126,3,16),(3560,'falta',NULL,126,3,29),(3561,'falta',NULL,126,3,52),(3562,'asiste',NULL,126,3,57),(3563,'asiste',NULL,126,3,76),(3564,'falta',NULL,126,3,101),(3565,'asiste',NULL,126,3,159),(3566,'falta',NULL,126,3,188),(3567,'asiste',NULL,126,3,191),(3568,'asiste',NULL,127,1,86),(3569,'asiste',NULL,127,2,19),(3570,'asiste',NULL,127,3,16),(3571,'asiste',NULL,127,3,29),(3572,'asiste',NULL,127,3,52),(3573,'asiste',NULL,127,3,57),(3574,'asiste',NULL,127,3,76),(3575,'asiste',NULL,127,3,101),(3576,'asiste',NULL,127,3,159),(3577,'asiste',NULL,127,3,188),(3578,'asiste',NULL,127,3,191),(3579,'asiste',NULL,128,1,86),(3580,'asiste',NULL,128,2,19),(3581,'falta',NULL,128,3,16),(3582,'falta',NULL,128,3,29),(3583,'falta',NULL,128,3,52),(3584,'asiste',NULL,128,3,57),(3585,'asiste',NULL,128,3,76),(3586,'falta',NULL,128,3,101),(3587,'asiste',NULL,128,3,159),(3588,'falta',NULL,128,3,188),(3589,'asiste',NULL,128,3,191),(3590,'asiste',NULL,129,1,86),(3591,'asiste',NULL,129,2,19),(3592,'asiste',NULL,129,3,16),(3593,'falta',NULL,129,3,29),(3594,'asiste',NULL,129,3,52),(3595,'asiste',NULL,129,3,57),(3596,'asiste',NULL,129,3,76),(3597,'asiste',NULL,129,3,101),(3598,'asiste',NULL,129,3,159),(3599,'falta',NULL,129,3,175),(3600,'asiste',NULL,129,3,191),(3601,'asiste',NULL,129,3,250),(3602,'asiste',NULL,130,1,86),(3603,'asiste',NULL,130,2,19),(3604,'asiste',NULL,130,3,16),(3605,'asiste',NULL,130,3,29),(3606,'asiste',NULL,130,3,52),(3607,'asiste',NULL,130,3,57),(3608,'asiste',NULL,130,3,76),(3609,'asiste',NULL,130,3,101),(3610,'asiste',NULL,130,3,159),(3611,'asiste',NULL,130,3,175),(3612,'asiste',NULL,130,3,191),(3613,'asiste',NULL,130,3,250),(3614,'asiste',NULL,131,1,86),(3615,'asiste',NULL,131,2,19),(3616,'asiste',NULL,131,3,16),(3617,'asiste',NULL,131,3,29),(3618,'asiste',NULL,131,3,52),(3619,'asiste',NULL,131,3,57),(3620,'asiste',NULL,131,3,76),(3621,'asiste',NULL,131,3,101),(3622,'asiste',NULL,131,3,159),(3623,'falta',NULL,131,3,175),(3624,'asiste',NULL,131,3,191),(3625,'asiste',NULL,131,3,250),(3638,'asiste',NULL,262,1,76),(3639,'asiste',NULL,262,2,19),(3640,'asiste',NULL,262,3,25),(3641,'asiste',NULL,262,3,51),(3642,'asiste',NULL,262,3,52),(3643,'asiste',NULL,262,3,115),(3644,'asiste',NULL,262,3,140),(3645,'asiste',NULL,263,1,76),(3646,'asiste',NULL,263,2,19),(3647,'disculpa',NULL,263,3,25),(3648,'asiste',NULL,263,3,51),(3649,'asiste',NULL,263,3,52),(3650,'asiste',NULL,263,3,115),(3651,'asiste',NULL,263,3,140),(3652,'asiste',NULL,264,1,76),(3653,'asiste',NULL,264,2,19),(3654,'asiste',NULL,264,3,25),(3655,'asiste',NULL,264,3,51),(3656,'asiste',NULL,264,3,52),(3657,'asiste',NULL,264,3,115),(3658,'asiste',NULL,264,3,140),(3659,'asiste',NULL,265,1,76),(3660,'asiste',NULL,265,2,19),(3661,'asiste',NULL,265,3,25),(3662,'asiste',NULL,265,3,51),(3663,'disculpa',NULL,265,3,52),(3664,'asiste',NULL,265,3,115),(3665,'asiste',NULL,265,3,140),(3666,'asiste',NULL,266,1,76),(3667,'asiste',NULL,266,2,19),(3668,'disculpa',NULL,266,3,25),(3669,'asiste',NULL,266,3,51),(3670,'disculpa',NULL,266,3,52),(3671,'disculpa',NULL,266,3,115),(3672,'asiste',NULL,266,3,140),(3673,'asiste',NULL,267,1,76),(3674,'asiste',NULL,267,2,19),(3675,'disculpa',NULL,267,3,25),(3676,'asiste',NULL,267,3,51),(3677,'disculpa',NULL,267,3,52),(3678,'asiste',NULL,267,3,115),(3679,'asiste',NULL,267,3,140),(3680,'asiste',NULL,268,1,76),(3681,'asiste',NULL,268,2,19),(3682,'disculpa',NULL,268,3,25),(3683,'asiste',NULL,268,3,51),(3684,'disculpa',NULL,268,3,52),(3685,'asiste',NULL,268,3,115),(3686,'asiste',NULL,268,3,140),(3687,'asiste',NULL,269,1,76),(3688,'asiste',NULL,269,2,19),(3689,'asiste',NULL,269,3,25),(3690,'asiste',NULL,269,3,51),(3691,'asiste',NULL,269,3,52),(3692,'asiste',NULL,269,3,115),(3693,'asiste',NULL,269,3,140),(3694,'asiste',NULL,270,1,76),(3695,'asiste',NULL,270,2,19),(3696,'asiste',NULL,270,3,25),(3697,'asiste',NULL,270,3,51),(3698,'asiste',NULL,270,3,52),(3699,'asiste',NULL,270,3,115),(3700,'asiste',NULL,270,3,140),(3701,'asiste',NULL,271,1,151),(3702,'asiste',NULL,271,2,125),(3703,'asiste',NULL,271,3,21),(3704,'asiste',NULL,271,3,25),(3705,'asiste',NULL,271,3,56),(3706,'asiste',NULL,271,3,57),(3707,'asiste',NULL,271,3,73),(3708,'asiste',NULL,271,3,76),(3709,'falta',NULL,271,3,79),(3710,'asiste',NULL,271,3,115),(3711,'asiste',NULL,271,3,140),(3712,'asiste',NULL,271,3,144),(3713,'asiste',NULL,272,1,151),(3714,'asiste',NULL,272,2,73),(3715,'falta',NULL,272,3,21),(3716,'asiste',NULL,272,3,25),(3717,'asiste',NULL,272,3,36),(3718,'asiste',NULL,272,3,51),(3719,'falta',NULL,272,3,56),(3720,'asiste',NULL,272,3,57),(3721,'asiste',NULL,272,3,65),(3722,'asiste',NULL,272,3,71),(3723,'asiste',NULL,272,3,76),(3724,'asiste',NULL,272,3,79),(3725,'asiste',NULL,272,3,96),(3726,'asiste',NULL,272,3,111),(3727,'asiste',NULL,272,3,115),(3728,'asiste',NULL,272,3,134),(3729,'falta',NULL,272,3,140),(3730,'asiste',NULL,272,3,144),(3731,'asiste',NULL,272,3,162),(3732,'asiste',NULL,273,1,86),(3733,'asiste',NULL,273,2,19),(3734,'asiste',NULL,273,3,21),(3735,'asiste',NULL,273,3,25),(3736,'asiste',NULL,273,3,52),(3737,'asiste',NULL,273,3,56),(3738,'falta',NULL,273,3,57),(3739,'asiste',NULL,273,3,71),(3740,'asiste',NULL,273,3,73),(3741,'asiste',NULL,273,3,76),(3742,'asiste',NULL,273,3,115),(3743,'asiste',NULL,273,3,140),(3744,'asiste',NULL,273,3,144),(3745,'asiste',NULL,274,1,86),(3746,'asiste',NULL,274,2,19),(3747,'asiste',NULL,274,3,21),(3748,'disculpa',NULL,274,3,25),(3749,'disculpa',NULL,274,3,46),(3750,'asiste',NULL,274,3,52),(3751,'falta',NULL,274,3,56),(3752,'falta',NULL,274,3,57),(3753,'asiste',NULL,274,3,65),(3754,'asiste',NULL,274,3,71),(3755,'disculpa',NULL,274,3,73),(3756,'asiste',NULL,274,3,76),(3757,'asiste',NULL,274,3,87),(3758,'asiste',NULL,274,3,106),(3759,'asiste',NULL,274,3,111),(3760,'asiste',NULL,274,3,115),(3761,'asiste',NULL,274,3,134),(3762,'asiste',NULL,274,3,140),(3763,'asiste',NULL,274,3,144),(3764,'asiste',NULL,274,3,149),(3765,'asiste',NULL,274,3,154),(3766,'asiste',NULL,98,1,151),(3767,'asiste',NULL,98,2,125),(3768,'asiste',NULL,98,3,8),(3769,'falta',NULL,98,3,16),(3770,'asiste',NULL,98,3,19),(3771,'asiste',NULL,98,3,29),(3772,'falta',NULL,98,3,79),(3773,'asiste',NULL,98,3,101),(3774,'falta',NULL,98,3,178),(3775,'asiste',NULL,98,3,182),(3776,'falta',NULL,98,3,188),(3777,'asiste',NULL,99,1,151),(3778,'asiste',NULL,99,2,73),(3779,'asiste',NULL,99,3,8),(3780,'asiste',NULL,99,3,16),(3781,'falta',NULL,99,3,29),(3782,'falta',NULL,99,3,79),(3783,'asiste',NULL,99,3,86),(3784,'asiste',NULL,99,3,101),(3785,'falta',NULL,99,3,178),(3786,'asiste',NULL,99,3,182),(3787,'asiste',NULL,99,3,188),(3788,'asiste',NULL,100,1,151),(3789,'asiste',NULL,100,2,73),(3790,'asiste',NULL,100,3,8),(3791,'asiste',NULL,100,3,16),(3792,'asiste',NULL,100,3,29),(3793,'asiste',NULL,100,3,79),(3794,'asiste',NULL,100,3,86),(3795,'asiste',NULL,100,3,101),(3796,'asiste',NULL,100,3,178),(3797,'asiste',NULL,100,3,182),(3798,'asiste',NULL,100,3,188),(3799,'asiste',NULL,275,1,151),(3800,'asiste',NULL,275,2,82),(3801,'asiste',NULL,275,3,29),(3802,'asiste',NULL,275,3,8),(3803,'asiste',NULL,275,3,125),(3804,'asiste',NULL,275,3,233),(3805,'disculpa',NULL,275,3,16),(3806,'disculpa',NULL,275,3,19),(3807,'disculpa',NULL,275,3,79),(3808,'falta',NULL,275,3,178),(3809,'falta',NULL,275,3,188),(3810,'falta',NULL,275,3,101),(3811,'asiste',NULL,279,3,16),(3812,'asiste',NULL,278,3,16),(3813,'asiste',NULL,277,3,16),(3814,'asiste',NULL,279,3,19),(3815,'asiste',NULL,278,3,19),(3816,'asiste',NULL,276,3,19),(3817,'asiste',NULL,279,3,29),(3818,'asiste',NULL,278,3,29),(3819,'asiste',NULL,277,3,29),(3820,'asiste',NULL,276,3,29),(3821,'asiste',NULL,277,3,33),(3822,'asiste',NULL,278,3,178),(3823,'asiste',NULL,279,3,188),(3824,'asiste',NULL,278,3,188),(3825,'asiste',NULL,277,3,188),(3826,'asiste',NULL,276,3,188),(3827,'asiste',NULL,279,3,67),(3828,'asiste',NULL,277,3,78),(3829,'asiste',NULL,277,3,79),(3830,'asiste',NULL,276,3,79),(3831,'disculpa',NULL,278,3,79),(3832,'asiste',NULL,279,3,199),(3833,'asiste',NULL,278,2,82),(3834,'asiste',NULL,277,2,82),(3835,'asiste',NULL,276,2,82),(3836,'disculpa',NULL,279,2,82),(3837,'asiste',NULL,279,3,260),(3838,'asiste',NULL,279,3,101),(3839,'asiste',NULL,277,3,101),(3840,'disculpa',NULL,278,3,101),(3841,'asiste',NULL,279,2,125),(3842,'asiste',NULL,278,3,125),(3843,'asiste',NULL,277,3,125),(3844,'asiste',NULL,276,3,125),(3845,'asiste',NULL,278,3,233),(3846,'asiste',NULL,277,3,233),(3847,'disculpa',NULL,279,3,233),(3848,'asiste',NULL,279,3,8),(3849,'asiste',NULL,278,3,8),(3850,'asiste',NULL,277,3,8),(3851,'asiste',NULL,276,3,8),(3852,'asiste',NULL,279,1,151),(3853,'asiste',NULL,278,1,151),(3854,'asiste',NULL,277,1,151),(3855,'asiste',NULL,276,1,151),(3856,'disculpa',NULL,280,1,91),(3857,'asiste',NULL,280,2,19),(3858,'disculpa',NULL,280,3,65),(3859,'disculpa',NULL,280,3,68),(3860,'disculpa',NULL,280,3,122),(3861,'asiste',NULL,280,3,141),(3862,'asiste',NULL,280,1,155),(3863,'asiste',NULL,280,3,169),(3864,'falta',NULL,280,3,202),(3865,'asiste',NULL,280,3,237),(3866,'falta',NULL,280,3,244),(3867,'disculpa',NULL,281,1,91),(3868,'asiste',NULL,281,2,19),(3869,'asiste',NULL,281,1,65),(3870,'asiste',NULL,281,3,68),(3871,'asiste',NULL,281,3,122),(3872,'asiste',NULL,281,3,141),(3873,'asiste',NULL,281,3,155),(3874,'falta',NULL,281,3,169),(3875,'falta',NULL,281,3,202),(3876,'asiste',NULL,281,3,237),(3877,'falta',NULL,281,3,244),(3878,'asiste',NULL,282,1,151),(3879,'asiste',NULL,282,2,66),(3880,'asiste',NULL,282,3,46),(3881,'asiste',NULL,283,1,151),(3882,'asiste',NULL,283,2,66),(3883,'asiste',NULL,283,3,46),(3884,'asiste',NULL,284,1,151),(3885,'asiste',NULL,284,2,66),(3886,'asiste',NULL,284,3,46),(3887,'asiste',NULL,284,3,191),(3888,'asiste',NULL,284,3,274),(3889,'asiste',NULL,54,1,51),(3890,'asiste',NULL,54,2,57),(3891,'asiste',NULL,54,3,16),(3892,'asiste',NULL,54,3,34),(3893,'asiste',NULL,54,3,61),(3894,'asiste',NULL,54,3,166),(3895,'asiste',NULL,54,3,201),(3896,'asiste',NULL,54,3,276),(3897,'asiste',NULL,55,1,51),(3898,'asiste',NULL,55,2,57),(3899,'asiste',NULL,55,3,16),(3900,'asiste',NULL,55,3,34),(3901,'asiste',NULL,55,3,40),(3902,'asiste',NULL,55,3,201),(3903,'asiste',NULL,56,1,51),(3904,'asiste',NULL,56,2,61),(3905,'asiste',NULL,56,3,16),(3906,'asiste',NULL,56,3,34),(3907,'asiste',NULL,56,3,178),(3908,'asiste',NULL,56,3,201),(3909,'asiste',NULL,56,3,214),(3910,'asiste',NULL,56,3,275),(3911,'asiste',NULL,57,1,51),(3912,'asiste',NULL,57,2,17),(3913,'asiste',NULL,57,3,16),(3914,'asiste',NULL,57,3,34),(3915,'asiste',NULL,57,3,40),(3916,'asiste',NULL,57,3,178),(3917,'asiste',NULL,57,3,201),(3918,'asiste',NULL,58,1,51),(3919,'falta',NULL,58,2,17),(3920,'falta',NULL,58,3,16),(3921,'asiste',NULL,58,3,34),(3922,'falta',NULL,58,3,40),(3923,'asiste',NULL,58,3,57),(3924,'falta',NULL,58,3,61),(3925,'falta',NULL,58,3,178),(3926,'asiste',NULL,58,3,201),(3927,'asiste',NULL,58,3,205),(3928,'asiste',NULL,58,3,233),(3929,'asiste',NULL,285,1,151),(3930,'asiste',NULL,285,2,66),(3931,'asiste',NULL,285,3,12),(3932,'asiste',NULL,285,3,34),(3933,'asiste',NULL,285,3,49),(3934,'asiste',NULL,285,3,51),(3935,'asiste',NULL,285,3,55),(3936,'asiste',NULL,285,3,57),(3937,'asiste',NULL,285,3,70),(3938,'asiste',NULL,285,3,87),(3939,'asiste',NULL,285,3,101),(3940,'asiste',NULL,285,3,113),(3941,'asiste',NULL,285,3,123),(3942,'asiste',NULL,285,3,277),(3943,'asiste',NULL,286,1,151),(3944,'asiste',NULL,286,2,66),(3945,'asiste',NULL,286,3,34),(3946,'asiste',NULL,286,3,49),(3947,'asiste',NULL,286,3,55),(3948,'asiste',NULL,286,3,70),(3949,'asiste',NULL,286,3,87),(3950,'asiste',NULL,286,3,101),(3951,'asiste',NULL,286,3,118),(3952,'asiste',NULL,286,3,123),(3953,'asiste',NULL,286,3,157),(3954,'asiste',NULL,286,3,277),(3955,'asiste',NULL,287,1,151),(3956,'asiste',NULL,287,2,66),(3957,'asiste',NULL,287,3,34),(3958,'asiste',NULL,287,3,49),(3959,'asiste',NULL,287,3,55),(3960,'asiste',NULL,287,3,58),(3961,'asiste',NULL,287,3,70),(3962,'asiste',NULL,287,3,99),(3963,'asiste',NULL,287,3,101),(3964,'asiste',NULL,287,3,277),(3965,'asiste',NULL,288,1,151),(3966,'asiste',NULL,288,2,66),(3967,'asiste',NULL,288,3,34),(3968,'disculpa',NULL,288,3,43),(3969,'asiste',NULL,288,3,47),(3970,'asiste',NULL,288,3,49),(3971,'asiste',NULL,288,3,55),(3972,'asiste',NULL,288,3,57),(3973,'asiste',NULL,288,3,58),(3974,'asiste',NULL,288,3,65),(3975,'asiste',NULL,288,3,70),(3976,'asiste',NULL,288,3,78),(3977,'asiste',NULL,288,3,99),(3978,'asiste',NULL,288,3,101),(3979,'asiste',NULL,288,3,123),(3980,'asiste',NULL,288,3,135),(3981,'disculpa',NULL,288,3,277),(3982,'asiste',NULL,289,1,151),(3983,'asiste',NULL,289,2,66),(3984,'asiste',NULL,289,3,34),(3985,'disculpa',NULL,289,3,43),(3986,'asiste',NULL,289,3,47),(3987,'asiste',NULL,289,3,49),(3988,'asiste',NULL,289,3,51),(3989,'asiste',NULL,289,3,55),(3990,'asiste',NULL,289,3,57),(3991,'asiste',NULL,289,3,58),(3992,'asiste',NULL,289,3,65),(3993,'asiste',NULL,289,3,78),(3994,'asiste',NULL,289,3,99),(3995,'asiste',NULL,289,3,101),(3996,'asiste',NULL,289,3,123),(3997,'asiste',NULL,290,1,151),(3998,'asiste',NULL,290,2,66),(3999,'asiste',NULL,290,3,34),(4000,'asiste',NULL,290,3,43),(4001,'asiste',NULL,290,3,47),(4002,'asiste',NULL,290,3,49),(4003,'asiste',NULL,290,3,51),(4004,'asiste',NULL,290,3,55),(4005,'asiste',NULL,290,3,57),(4006,'asiste',NULL,290,3,58),(4007,'asiste',NULL,290,3,65),(4008,'asiste',NULL,290,3,70),(4009,'disculpa',NULL,290,3,78),(4010,'disculpa',NULL,290,3,99),(4011,'asiste',NULL,290,3,101),(4012,'asiste',NULL,290,3,117),(4013,'asiste',NULL,290,3,123),(4014,'asiste',NULL,290,3,135),(4015,'asiste',NULL,291,1,151),(4016,'asiste',NULL,291,2,66),(4017,'asiste',NULL,291,3,34),(4018,'asiste',NULL,291,3,47),(4019,'asiste',NULL,291,3,49),(4020,'falta',NULL,291,3,51),(4021,'disculpa',NULL,291,3,55),(4022,'asiste',NULL,291,3,57),(4023,'asiste',NULL,291,3,58),(4024,'disculpa',NULL,291,3,65),(4025,'asiste',NULL,291,3,70),(4026,'asiste',NULL,291,3,71),(4027,'asiste',NULL,291,3,99),(4028,'asiste',NULL,291,3,101),(4029,'disculpa',NULL,291,3,123),(4030,'asiste',NULL,292,1,151),(4031,'asiste',NULL,292,2,66),(4032,'asiste',NULL,292,3,34),(4033,'asiste',NULL,292,3,47),(4034,'asiste',NULL,292,3,49),(4035,'falta',NULL,292,3,51),(4036,'asiste',NULL,292,3,55),(4037,'falta',NULL,292,3,57),(4038,'asiste',NULL,292,3,58),(4039,'asiste',NULL,292,3,65),(4040,'asiste',NULL,292,3,70),(4041,'asiste',NULL,292,3,71),(4042,'asiste',NULL,292,3,99),(4043,'asiste',NULL,292,3,101),(4044,'asiste',NULL,292,3,123),(4045,'asiste',NULL,293,1,151),(4046,'disculpa',NULL,293,2,66),(4047,'asiste',NULL,293,3,34),(4048,'asiste',NULL,293,3,47),(4049,'asiste',NULL,293,3,49),(4050,'asiste',NULL,293,3,51),(4051,'asiste',NULL,293,2,55),(4052,'disculpa',NULL,293,3,57),(4053,'asiste',NULL,293,3,58),(4054,'asiste',NULL,293,3,65),(4055,'asiste',NULL,293,3,70),(4056,'asiste',NULL,293,3,71),(4057,'asiste',NULL,293,3,99),(4058,'asiste',NULL,293,3,101),(4059,'asiste',NULL,293,3,123),(4060,'asiste',NULL,151,1,151),(4061,'asiste',NULL,151,2,66),(4062,'asiste',NULL,151,3,10),(4063,'asiste',NULL,151,3,33),(4064,'asiste',NULL,151,3,36),(4065,'asiste',NULL,151,3,57),(4066,'asiste',NULL,151,3,65),(4067,'asiste',NULL,151,3,78),(4068,'asiste',NULL,151,3,89),(4069,'asiste',NULL,151,3,96),(4070,'asiste',NULL,151,3,102),(4071,'asiste',NULL,151,3,113),(4072,'asiste',NULL,151,3,125),(4073,'asiste',NULL,151,3,141),(4074,'asiste',NULL,151,3,258),(4075,'asiste',NULL,152,1,151),(4076,'asiste',NULL,152,2,66),(4077,'asiste',NULL,152,3,10),(4078,'asiste',NULL,152,3,33),(4079,'asiste',NULL,152,3,36),(4080,'asiste',NULL,152,3,51),(4081,'asiste',NULL,152,3,57),(4082,'asiste',NULL,152,3,65),(4083,'asiste',NULL,152,3,78),(4084,'asiste',NULL,152,3,89),(4085,'asiste',NULL,152,3,96),(4086,'asiste',NULL,152,3,102),(4087,'asiste',NULL,152,3,125),(4088,'asiste',NULL,152,3,139),(4089,'asiste',NULL,152,3,141),(4090,'asiste',NULL,152,3,258),(4091,'asiste',NULL,153,1,151),(4092,'asiste',NULL,153,2,66),(4093,'disculpa',NULL,153,3,10),(4094,'asiste',NULL,153,3,13),(4095,'asiste',NULL,153,3,29),(4096,'falta',NULL,153,3,33),(4097,'asiste',NULL,153,3,35),(4098,'asiste',NULL,153,3,36),(4099,'falta',NULL,153,3,40),(4100,'falta',NULL,153,3,51),(4101,'falta',NULL,153,3,57),(4102,'disculpa',NULL,153,3,65),(4103,'asiste',NULL,153,3,89),(4104,'falta',NULL,153,3,96),(4105,'asiste',NULL,153,3,102),(4106,'asiste',NULL,153,3,111),(4107,'asiste',NULL,153,3,112),(4108,'asiste',NULL,153,3,113),(4109,'asiste',NULL,153,3,125),(4110,'asiste',NULL,153,3,141),(4111,'asiste',NULL,153,3,146),(4112,'asiste',NULL,154,1,151),(4113,'asiste',NULL,154,2,66),(4114,'disculpa',NULL,154,3,10),(4115,'asiste',NULL,154,3,13),(4116,'asiste',NULL,154,3,29),(4117,'disculpa',NULL,154,3,33),(4118,'asiste',NULL,154,3,35),(4119,'asiste',NULL,154,3,36),(4120,'falta',NULL,154,3,40),(4121,'asiste',NULL,154,3,51),(4122,'asiste',NULL,154,3,57),(4123,'asiste',NULL,154,3,65),(4124,'asiste',NULL,154,3,72),(4125,'asiste',NULL,154,3,89),(4126,'disculpa',NULL,154,3,96),(4127,'falta',NULL,154,3,102),(4128,'asiste',NULL,154,3,112),(4129,'asiste',NULL,154,3,113),(4130,'asiste',NULL,154,3,125),(4131,'asiste',NULL,154,3,135),(4132,'asiste',NULL,154,3,146),(4133,'asiste',NULL,154,3,162),(4134,'asiste',NULL,294,1,86),(4135,'asiste',NULL,294,2,91),(4136,'asiste',NULL,294,3,10),(4137,'asiste',NULL,294,3,33),(4138,'asiste',NULL,294,3,52),(4139,'asiste',NULL,294,3,96),(4140,'asiste',NULL,294,3,102),(4141,'asiste',NULL,294,3,106),(4142,'asiste',NULL,294,3,112),(4143,'asiste',NULL,294,3,125),(4144,'asiste',NULL,294,3,146),(4145,'asiste',NULL,294,3,149),(4146,'asiste',NULL,294,3,151),(4147,'asiste',NULL,155,1,151),(4148,'asiste',NULL,155,2,36),(4149,'asiste',NULL,155,2,71),(4150,'disculpa',NULL,155,3,40),(4151,'asiste',NULL,155,3,65),(4152,'asiste',NULL,155,3,73),(4153,'falta',NULL,155,3,78),(4154,'disculpa',NULL,155,3,84),(4155,'disculpa',NULL,155,3,96),(4156,'asiste',NULL,155,3,111),(4157,'disculpa',NULL,155,3,134),(4158,'falta',NULL,155,3,162),(4159,'asiste',NULL,155,3,278),(4160,'asiste',NULL,156,1,151),(4161,'asiste',NULL,156,2,36),(4162,'asiste',NULL,156,2,71),(4163,'falta',NULL,156,3,40),(4164,'asiste',NULL,156,3,51),(4165,'asiste',NULL,156,3,57),(4166,'asiste',NULL,156,3,65),(4167,'asiste',NULL,156,3,73),(4168,'falta',NULL,156,3,84),(4169,'asiste',NULL,156,3,96),(4170,'asiste',NULL,156,3,111),(4171,'asiste',NULL,156,3,134),(4172,'asiste',NULL,156,3,162),(4173,'asiste',NULL,295,1,151),(4174,'asiste',NULL,295,2,66),(4175,'asiste',NULL,295,3,34),(4176,'asiste',NULL,295,3,58),(4177,'asiste',NULL,295,3,89),(4178,'asiste',NULL,295,3,96),(4179,'asiste',NULL,295,3,102),(4180,'asiste',NULL,295,3,123),(4181,'asiste',NULL,295,3,125),(4182,'asiste',NULL,295,3,141),(4183,'asiste',NULL,295,3,258),(4184,'asiste',NULL,296,1,151),(4185,'asiste',NULL,296,2,66),(4186,'asiste',NULL,296,3,10),(4187,'disculpa',NULL,296,3,33),(4188,'asiste',NULL,296,3,34),(4189,'asiste',NULL,296,3,58),(4190,'asiste',NULL,296,3,70),(4191,'asiste',NULL,296,3,89),(4192,'falta',NULL,296,3,96),(4193,'asiste',NULL,296,3,102),(4194,'asiste',NULL,296,3,113),(4195,'falta',NULL,296,3,123),(4196,'falta',NULL,296,3,125),(4197,'disculpa',NULL,296,3,141),(4198,'disculpa',NULL,296,3,258),(4199,'asiste',NULL,297,1,151),(4200,'asiste',NULL,297,2,66),(4201,'asiste',NULL,297,3,10),(4202,'asiste',NULL,297,3,33),(4203,'asiste',NULL,297,3,34),(4204,'disculpa',NULL,297,3,43),(4205,'asiste',NULL,297,3,58),(4206,'asiste',NULL,297,3,78),(4207,'asiste',NULL,297,3,96),(4208,'asiste',NULL,297,3,99),(4209,'asiste',NULL,297,3,123),(4210,'asiste',NULL,298,1,151),(4211,'asiste',NULL,298,2,66),(4212,'asiste',NULL,298,3,33),(4213,'asiste',NULL,298,3,34),(4214,'asiste',NULL,298,3,36),(4215,'asiste',NULL,298,3,55),(4216,'asiste',NULL,298,3,58),(4217,'asiste',NULL,298,3,96),(4218,'disculpa',NULL,298,3,113),(4219,'asiste',NULL,298,3,123),(4220,'asiste',NULL,298,3,139),(4221,'asiste',NULL,299,1,151),(4222,'asiste',NULL,299,2,66),(4223,'asiste',NULL,299,3,47),(4224,'asiste',NULL,299,3,49),(4225,'asiste',NULL,299,3,55),(4226,'asiste',NULL,299,3,101),(4227,'asiste',NULL,299,3,141),(4228,'asiste',NULL,306,3,7),(4229,'asiste',NULL,300,3,10),(4230,'asiste',NULL,301,3,12),(4231,'asiste',NULL,302,3,12),(4232,'asiste',NULL,301,3,13),(4233,'asiste',NULL,302,3,13),(4234,'falta',NULL,294,3,18),(4235,'falta',NULL,300,3,18),(4236,'falta',NULL,302,3,18),(4237,'asiste',NULL,306,3,19),(4238,'falta',NULL,300,3,33),(4239,'falta',NULL,301,3,33),(4240,'falta',NULL,302,3,33),(4241,'falta',NULL,290,3,34),(4242,'asiste',NULL,304,3,34),(4243,'asiste',NULL,305,3,34),(4244,'disculpa',NULL,306,3,34),(4245,'disculpa',NULL,307,3,34),(4246,'falta',NULL,301,3,35),(4247,'asiste',NULL,302,3,35),(4248,'falta',NULL,294,3,36),(4249,'disculpa',NULL,300,3,36),(4250,'asiste',NULL,301,3,36),(4251,'asiste',NULL,302,3,36),(4252,'disculpa',NULL,301,3,40),(4253,'asiste',NULL,302,3,40),(4254,'falta',NULL,290,3,43),(4255,'asiste',NULL,290,3,44),(4256,'asiste',NULL,304,3,47),(4257,'asiste',NULL,305,3,47),(4258,'disculpa',NULL,304,3,49),(4259,'asiste',NULL,305,3,49),(4260,'falta',NULL,151,3,51),(4261,'falta',NULL,288,3,51),(4262,'falta',NULL,300,3,52),(4263,'asiste',NULL,304,3,55),(4264,'asiste',NULL,305,3,55),(4265,'asiste',NULL,306,3,55),(4266,'asiste',NULL,307,3,55),(4267,'asiste',NULL,304,3,58),(4268,'asiste',NULL,305,3,58),(4269,'asiste',NULL,306,3,58),(4270,'asiste',NULL,307,3,58),(4271,'asiste',NULL,300,3,62),(4272,'falta',NULL,289,3,70),(4273,'asiste',NULL,304,3,70),(4274,'asiste',NULL,305,3,70),(4275,'asiste',NULL,306,3,70),(4276,'disculpa',NULL,307,3,70),(4277,'asiste',NULL,304,3,71),(4278,'asiste',NULL,305,3,71),(4279,'asiste',NULL,307,3,83),(4280,'asiste',NULL,300,1,86),(4281,'asiste',NULL,301,1,86),(4282,'asiste',NULL,302,1,86),(4283,'asiste',NULL,304,1,86),(4284,'asiste',NULL,305,1,86),(4285,'asiste',NULL,306,1,86),(4286,'asiste',NULL,307,1,86),(4287,'falta',NULL,287,3,87),(4288,'disculpa',NULL,306,3,88),(4289,'asiste',NULL,307,3,88),(4290,'asiste',NULL,300,2,91),(4291,'asiste',NULL,301,2,91),(4292,'asiste',NULL,302,2,91),(4293,'asiste',NULL,304,2,91),(4294,'asiste',NULL,305,2,91),(4295,'asiste',NULL,306,2,91),(4296,'asiste',NULL,307,2,91),(4297,'falta',NULL,306,3,92),(4298,'asiste',NULL,307,3,92),(4299,'disculpa',NULL,300,3,96),(4300,'falta',NULL,302,3,96),(4301,'falta',NULL,290,3,101),(4302,'asiste',NULL,304,3,101),(4303,'asiste',NULL,305,3,101),(4304,'falta',NULL,306,3,101),(4305,'asiste',NULL,307,3,101),(4306,'asiste',NULL,300,3,102),(4307,'falta',NULL,301,3,102),(4308,'asiste',NULL,302,3,102),(4309,'asiste',NULL,300,3,106),(4310,'asiste',NULL,301,3,106),(4311,'asiste',NULL,302,3,106),(4312,'asiste',NULL,300,3,112),(4313,'asiste',NULL,301,3,112),(4314,'asiste',NULL,302,3,112),(4315,'falta',NULL,294,3,113),(4316,'disculpa',NULL,152,3,113),(4317,'asiste',NULL,300,3,113),(4318,'asiste',NULL,301,3,113),(4319,'asiste',NULL,302,3,113),(4320,'asiste',NULL,300,3,116),(4321,'falta',NULL,288,3,117),(4322,'falta',NULL,289,3,117),(4323,'falta',NULL,290,3,117),(4324,'falta',NULL,287,3,123),(4325,'asiste',NULL,304,3,123),(4326,'asiste',NULL,305,3,123),(4327,'asiste',NULL,306,3,123),(4328,'falta',NULL,307,3,123),(4329,'disculpa',NULL,300,3,125),(4330,'disculpa',NULL,301,3,125),(4331,'asiste',NULL,302,3,125),(4332,'asiste',NULL,306,3,126),(4333,'asiste',NULL,307,3,126),(4334,'asiste',NULL,301,3,135),(4335,'asiste',NULL,290,3,138),(4336,'falta',NULL,301,3,141),(4337,'asiste',NULL,304,3,145),(4338,'asiste',NULL,305,3,145),(4339,'asiste',NULL,306,3,145),(4340,'asiste',NULL,307,3,145),(4341,'falta',NULL,300,3,146),(4342,'asiste',NULL,301,3,146),(4343,'asiste',NULL,302,3,146),(4344,'asiste',NULL,291,3,148),(4345,'asiste',NULL,300,3,149),(4346,'asiste',NULL,300,3,151),(4347,'falta',NULL,301,3,151),(4348,'asiste',NULL,302,3,151),(4349,'asiste',NULL,291,3,156),(4350,'asiste',NULL,132,1,151),(4351,'asiste',NULL,132,2,52),(4352,'asiste',NULL,132,3,19),(4353,'asiste',NULL,132,3,41),(4354,'asiste',NULL,132,3,43),(4355,'asiste',NULL,132,3,56),(4356,'asiste',NULL,132,3,125),(4357,'disculpa',NULL,132,3,153),(4358,'asiste',NULL,132,3,159),(4359,'disculpa',NULL,132,3,214),(4361,'asiste',NULL,133,1,151),(4362,'asiste',NULL,133,2,52),(4363,'asiste',NULL,133,3,41),(4364,'disculpa',NULL,133,3,43),(4365,'asiste',NULL,133,3,56),(4366,'asiste',NULL,133,3,125),(4367,'asiste',NULL,133,3,153),(4368,'asiste',NULL,133,3,159),(4369,'disculpa',NULL,133,3,214),(4370,'asiste',NULL,134,1,151),(4371,'asiste',NULL,134,2,52),(4372,'asiste',NULL,134,3,41),(4373,'disculpa',NULL,134,3,43),(4374,'asiste',NULL,134,3,56),(4375,'asiste',NULL,134,3,125),(4376,'disculpa',NULL,134,3,153),(4377,'asiste',NULL,134,3,159),(4378,'asiste',NULL,134,3,214),(4379,'asiste',NULL,135,1,151),(4380,'asiste',NULL,135,2,52),(4381,'asiste',NULL,135,3,41),(4382,'disculpa',NULL,135,3,43),(4383,'asiste',NULL,135,3,56),(4384,'asiste',NULL,135,3,125),(4385,'asiste',NULL,135,3,153),(4386,'asiste',NULL,135,3,159),(4387,'asiste',NULL,135,3,214),(4388,'asiste',NULL,136,1,151),(4389,'asiste',NULL,136,2,52),(4390,'asiste',NULL,136,3,41),(4391,'asiste',NULL,136,3,56),(4392,'asiste',NULL,136,3,125),(4393,'asiste',NULL,136,3,153),(4394,'asiste',NULL,136,3,159),(4395,'asiste',NULL,136,3,214),(4396,'asiste',NULL,137,1,151),(4397,'asiste',NULL,137,2,52),(4398,'asiste',NULL,137,3,14),(4399,'asiste',NULL,137,3,41),(4400,'disculpa',NULL,137,3,43),(4401,'asiste',NULL,137,3,65),(4402,'asiste',NULL,137,3,125),(4403,'disculpa',NULL,137,3,131),(4404,'asiste',NULL,137,3,153),(4405,'asiste',NULL,138,1,151),(4406,'asiste',NULL,138,2,65),(4407,'disculpa',NULL,138,3,14),(4408,'asiste',NULL,138,3,33),(4409,'asiste',NULL,138,3,41),(4410,'asiste',NULL,138,3,52),(4411,'asiste',NULL,138,3,77),(4412,'asiste',NULL,138,3,108),(4413,'asiste',NULL,138,3,125),(4414,'asiste',NULL,138,3,131),(4415,'asiste',NULL,138,3,153),(4416,'asiste',NULL,138,3,273),(4417,'asiste',NULL,139,1,151),(4418,'asiste',NULL,139,2,65),(4419,'asiste',NULL,139,3,14),(4420,'asiste',NULL,139,3,41),(4421,'asiste',NULL,139,3,52),(4422,'asiste',NULL,139,3,77),(4423,'asiste',NULL,139,3,125),(4424,'asiste',NULL,139,3,131),(4425,'asiste',NULL,139,3,273),(4426,'asiste',NULL,140,1,151),(4427,'asiste',NULL,140,2,65),(4428,'asiste',NULL,140,3,14),(4429,'asiste',NULL,140,3,33),(4430,'asiste',NULL,140,3,41),(4431,'disculpa',NULL,140,3,52),(4432,'asiste',NULL,140,3,77),(4433,'asiste',NULL,140,3,125),(4434,'asiste',NULL,140,3,131),(4435,'disculpa',NULL,140,3,153),(4436,'asiste',NULL,140,3,199),(4437,'asiste',NULL,140,3,233),(4438,'asiste',NULL,140,3,273),(4439,'asiste',NULL,141,1,151),(4440,'asiste',NULL,141,2,65),(4441,'asiste',NULL,141,3,14),(4442,'asiste',NULL,141,3,33),(4443,'disculpa',NULL,141,3,41),(4444,'asiste',NULL,141,3,52),(4445,'asiste',NULL,141,3,77),(4446,'disculpa',NULL,141,3,125),(4447,'asiste',NULL,141,3,131),(4448,'asiste',NULL,141,3,153),(4449,'asiste',NULL,141,3,233),(4450,'asiste',NULL,249,1,151),(4451,'asiste',NULL,249,2,52),(4452,'asiste',NULL,249,3,41),(4453,'asiste',NULL,249,3,56),(4454,'asiste',NULL,249,3,214),(4455,'asiste',NULL,249,3,262),(4456,'asiste',NULL,250,1,151),(4457,'asiste',NULL,250,2,52),(4458,'asiste',NULL,250,3,41),(4459,'asiste',NULL,250,3,214),(4460,'asiste',NULL,250,3,262),(4461,'asiste',NULL,251,1,151),(4462,'asiste',NULL,251,2,52),(4463,'asiste',NULL,251,3,41),(4464,'disculpa',NULL,251,3,56),(4465,'asiste',NULL,251,3,214),(4466,'asiste',NULL,252,1,52),(4467,'disculpa',NULL,252,1,151),(4468,'asiste',NULL,252,2,41),(4469,'disculpa',NULL,252,3,56),(4470,'asiste',NULL,252,3,214),(4471,'asiste',NULL,252,3,262),(4472,'asiste',NULL,253,1,151),(4473,'asiste',NULL,253,2,52),(4474,'asiste',NULL,253,3,41),(4475,'asiste',NULL,253,3,214),(4476,'disculpa',NULL,253,3,262),(4477,'asiste',NULL,308,1,151),(4478,'asiste',NULL,308,2,52),(4479,'asiste',NULL,308,3,41),(4480,'disculpa',NULL,308,3,56),(4481,'asiste',NULL,308,3,96),(4482,'disculpa',NULL,308,3,214),(4483,'asiste',NULL,308,3,269),(4484,'asiste',NULL,309,1,151),(4485,'asiste',NULL,309,2,52),(4486,'asiste',NULL,309,3,41),(4487,'asiste',NULL,309,3,56),(4488,'asiste',NULL,309,3,96),(4489,'asiste',NULL,309,3,214),(4490,'asiste',NULL,309,3,269),(4491,'asiste',NULL,310,1,151),(4492,'asiste',NULL,310,2,52),(4493,'asiste',NULL,310,3,41),(4494,'disculpa',NULL,310,3,56),(4495,'disculpa',NULL,310,3,96),(4496,'falta',NULL,310,3,214),(4497,'disculpa',NULL,310,3,269),(4498,'asiste',NULL,15,1,151),(4499,'asiste',NULL,15,2,145),(4500,'asiste',NULL,15,3,5),(4501,'asiste',NULL,15,3,7),(4502,'asiste',NULL,15,3,8),(4503,'asiste',NULL,15,3,9),(4504,'asiste',NULL,15,3,10),(4505,'asiste',NULL,15,3,13),(4506,'asiste',NULL,15,3,19),(4507,'asiste',NULL,15,3,24),(4508,'asiste',NULL,15,3,28),(4509,'asiste',NULL,15,3,34),(4510,'asiste',NULL,15,3,36),(4511,'asiste',NULL,15,3,38),(4512,'asiste',NULL,15,3,40),(4513,'asiste',NULL,15,3,42),(4514,'asiste',NULL,15,3,43),(4515,'asiste',NULL,15,3,45),(4516,'asiste',NULL,15,3,47),(4517,'asiste',NULL,15,3,49),(4518,'asiste',NULL,15,3,52),(4519,'asiste',NULL,15,3,55),(4520,'asiste',NULL,15,3,57),(4521,'asiste',NULL,15,3,65),(4522,'asiste',NULL,15,3,66),(4523,'asiste',NULL,15,3,77),(4524,'asiste',NULL,15,3,78),(4525,'asiste',NULL,15,3,80),(4526,'asiste',NULL,15,3,83),(4527,'asiste',NULL,15,3,85),(4528,'asiste',NULL,15,3,86),(4529,'asiste',NULL,15,3,87),(4530,'asiste',NULL,15,3,88),(4531,'asiste',NULL,15,3,89),(4532,'asiste',NULL,15,3,92),(4533,'asiste',NULL,15,3,96),(4534,'asiste',NULL,15,3,99),(4535,'asiste',NULL,15,3,101),(4536,'asiste',NULL,15,3,105),(4537,'asiste',NULL,15,3,123),(4538,'asiste',NULL,15,3,129),(4539,'asiste',NULL,15,3,141),(4540,'asiste',NULL,15,3,148),(4541,'asiste',NULL,15,3,153),(4542,'asiste',NULL,15,3,155),(4543,'asiste',NULL,15,3,156),(4544,'asiste',NULL,15,3,159),(4545,'asiste',NULL,15,3,265),(4546,'asiste',NULL,15,3,285),(4547,'asiste',NULL,15,3,287),(4548,'asiste',NULL,15,3,295),(4549,'asiste',NULL,15,3,305),(4550,'asiste',NULL,16,1,151),(4551,'asiste',NULL,16,2,155),(4552,'asiste',NULL,16,3,5),(4553,'asiste',NULL,16,3,8),(4554,'asiste',NULL,16,3,9),(4555,'asiste',NULL,16,3,10),(4556,'asiste',NULL,16,3,12),(4557,'asiste',NULL,16,3,13),(4558,'asiste',NULL,16,3,16),(4559,'asiste',NULL,16,3,17),(4560,'asiste',NULL,16,3,19),(4561,'asiste',NULL,16,3,24),(4562,'asiste',NULL,16,3,29),(4563,'asiste',NULL,16,3,31),(4564,'asiste',NULL,16,3,34),(4565,'asiste',NULL,16,3,35),(4566,'asiste',NULL,16,3,36),(4567,'asiste',NULL,16,3,38),(4568,'asiste',NULL,16,3,40),(4569,'asiste',NULL,16,3,41),(4570,'asiste',NULL,16,3,43),(4571,'asiste',NULL,16,3,47),(4572,'asiste',NULL,16,3,49),(4573,'asiste',NULL,16,3,51),(4574,'asiste',NULL,16,3,54),(4575,'asiste',NULL,16,3,57),(4576,'asiste',NULL,16,3,61),(4577,'asiste',NULL,16,3,66),(4578,'asiste',NULL,16,3,70),(4579,'asiste',NULL,16,3,72),(4580,'asiste',NULL,16,3,73),(4581,'asiste',NULL,16,3,77),(4582,'asiste',NULL,16,3,79),(4583,'asiste',NULL,16,3,83),(4584,'asiste',NULL,16,3,85),(4585,'asiste',NULL,16,3,87),(4586,'falta',NULL,16,3,88),(4587,'asiste',NULL,16,3,89),(4588,'asiste',NULL,16,3,92),(4589,'asiste',NULL,16,3,96),(4590,'asiste',NULL,16,3,99),(4591,'asiste',NULL,16,3,101),(4592,'asiste',NULL,16,3,105),(4593,'asiste',NULL,16,3,113),(4594,'asiste',NULL,16,3,115),(4595,'asiste',NULL,16,3,117),(4596,'asiste',NULL,16,3,123),(4597,'asiste',NULL,16,3,125),(4598,'asiste',NULL,16,3,126),(4599,'asiste',NULL,16,3,129),(4600,'asiste',NULL,16,3,131),(4601,'asiste',NULL,16,3,140),(4602,'asiste',NULL,16,3,141),(4603,'asiste',NULL,16,3,145),(4604,'asiste',NULL,16,3,146),(4605,'asiste',NULL,16,3,148),(4606,'asiste',NULL,16,3,153),(4607,'asiste',NULL,16,3,156),(4608,'asiste',NULL,16,3,162),(4609,'asiste',NULL,16,3,166),(4610,'asiste',NULL,16,3,258),(4611,'asiste',NULL,16,3,265),(4612,'asiste',NULL,16,3,276),(4613,'asiste',NULL,16,3,280),(4614,'asiste',NULL,16,3,286),(4615,'asiste',NULL,16,3,290),(4616,'asiste',NULL,16,3,295),(4617,'asiste',NULL,16,3,300),(4618,'asiste',NULL,17,1,151),(4619,'asiste',NULL,17,2,155),(4620,'asiste',NULL,17,3,5),(4621,'asiste',NULL,17,3,7),(4622,'asiste',NULL,17,3,8),(4623,'asiste',NULL,17,3,9),(4624,'asiste',NULL,17,3,10),(4625,'asiste',NULL,17,3,12),(4626,'asiste',NULL,17,3,13),(4627,'asiste',NULL,17,3,16),(4628,'asiste',NULL,17,3,17),(4629,'asiste',NULL,17,3,29),(4630,'asiste',NULL,17,3,31),(4631,'asiste',NULL,17,3,34),(4632,'asiste',NULL,17,3,35),(4633,'asiste',NULL,17,3,36),(4634,'asiste',NULL,17,3,38),(4635,'asiste',NULL,17,3,40),(4636,'asiste',NULL,17,3,41),(4637,'asiste',NULL,17,3,47),(4638,'asiste',NULL,17,3,49),(4639,'asiste',NULL,17,3,51),(4640,'asiste',NULL,17,3,54),(4641,'asiste',NULL,17,3,57),(4642,'asiste',NULL,17,3,61),(4643,'asiste',NULL,17,3,66),(4644,'asiste',NULL,17,3,72),(4645,'asiste',NULL,17,3,73),(4646,'asiste',NULL,17,3,77),(4647,'asiste',NULL,17,3,79),(4648,'asiste',NULL,17,3,83),(4649,'asiste',NULL,17,3,85),(4650,'asiste',NULL,17,3,87),(4651,'falta',NULL,17,3,88),(4652,'asiste',NULL,17,3,89),(4653,'asiste',NULL,17,3,96),(4654,'asiste',NULL,17,3,99),(4655,'asiste',NULL,17,3,101),(4656,'asiste',NULL,17,3,113),(4657,'asiste',NULL,17,3,115),(4658,'asiste',NULL,17,3,117),(4659,'asiste',NULL,17,3,123),(4660,'asiste',NULL,17,3,125),(4661,'asiste',NULL,17,3,129),(4662,'asiste',NULL,17,3,131),(4663,'asiste',NULL,17,3,140),(4664,'asiste',NULL,17,3,141),(4665,'asiste',NULL,17,3,145),(4666,'asiste',NULL,17,3,146),(4667,'asiste',NULL,17,3,148),(4668,'asiste',NULL,17,3,153),(4669,'asiste',NULL,17,3,156),(4670,'asiste',NULL,17,3,166),(4671,'asiste',NULL,17,3,265),(4672,'asiste',NULL,17,3,276),(4673,'asiste',NULL,17,3,280),(4674,'asiste',NULL,17,3,286),(4675,'asiste',NULL,17,3,290),(4676,'asiste',NULL,17,3,300),(4677,'asiste',NULL,47,1,151),(4678,'asiste',NULL,47,2,155),(4679,'asiste',NULL,47,3,5),(4680,'asiste',NULL,47,3,6),(4681,'asiste',NULL,47,3,7),(4682,'asiste',NULL,47,3,8),(4683,'asiste',NULL,47,3,9),(4684,'asiste',NULL,47,3,10),(4685,'asiste',NULL,47,3,13),(4686,'asiste',NULL,47,3,14),(4687,'asiste',NULL,47,3,165),(4688,'asiste',NULL,47,3,18),(4689,'asiste',NULL,47,3,19),(4690,'asiste',NULL,47,3,24),(4691,'asiste',NULL,47,3,28),(4692,'asiste',NULL,47,3,29),(4693,'asiste',NULL,47,3,31),(4694,'asiste',NULL,47,3,33),(4695,'asiste',NULL,47,3,34),(4696,'asiste',NULL,47,3,36),(4697,'asiste',NULL,47,3,38),(4698,'asiste',NULL,47,3,41),(4699,'asiste',NULL,47,3,45),(4700,'asiste',NULL,47,3,47),(4701,'asiste',NULL,47,3,49),(4702,'asiste',NULL,47,3,52),(4703,'asiste',NULL,47,3,55),(4704,'asiste',NULL,47,3,56),(4705,'asiste',NULL,47,3,57),(4706,'asiste',NULL,47,3,61),(4707,'asiste',NULL,47,3,65),(4708,'asiste',NULL,47,3,66),(4709,'asiste',NULL,47,3,72),(4710,'asiste',NULL,47,3,73),(4711,'asiste',NULL,47,3,77),(4712,'asiste',NULL,47,3,78),(4713,'asiste',NULL,47,3,82),(4714,'asiste',NULL,47,3,83),(4715,'asiste',NULL,47,3,85),(4716,'asiste',NULL,47,3,87),(4717,'asiste',NULL,47,3,88),(4718,'asiste',NULL,47,3,96),(4719,'asiste',NULL,47,3,99),(4720,'asiste',NULL,47,3,102),(4721,'asiste',NULL,47,3,104),(4722,'asiste',NULL,47,3,105),(4723,'asiste',NULL,47,3,106),(4724,'asiste',NULL,47,3,111),(4725,'asiste',NULL,47,3,113),(4726,'asiste',NULL,47,3,115),(4727,'asiste',NULL,47,3,123),(4728,'asiste',NULL,47,3,125),(4729,'asiste',NULL,47,3,126),(4730,'asiste',NULL,47,3,137),(4731,'asiste',NULL,47,3,139),(4732,'asiste',NULL,47,3,141),(4733,'asiste',NULL,47,3,145),(4734,'asiste',NULL,47,3,148),(4735,'asiste',NULL,47,3,153),(4736,'asiste',NULL,47,3,156),(4737,'asiste',NULL,47,3,166),(4738,'asiste',NULL,47,3,214),(4739,'asiste',NULL,47,3,233),(4740,'asiste',NULL,47,3,257),(4741,'asiste',NULL,47,3,258),(4742,'asiste',NULL,47,3,259),(4743,'asiste',NULL,47,3,260),(4744,'asiste',NULL,47,3,261),(4745,'asiste',NULL,47,3,262),(4746,'asiste',NULL,47,3,263),(4747,'asiste',NULL,47,3,265),(4748,'asiste',NULL,47,3,269),(4749,'asiste',NULL,47,3,270),(4750,'asiste',NULL,47,3,276),(4751,'asiste',NULL,47,3,279),(4752,'asiste',NULL,47,3,280),(4753,'asiste',NULL,47,3,281),(4754,'asiste',NULL,47,3,282),(4755,'asiste',NULL,47,3,283),(4756,'asiste',NULL,47,3,284),(4757,'asiste',NULL,47,3,286),(4758,'asiste',NULL,47,3,288),(4759,'asiste',NULL,47,3,289),(4760,'asiste',NULL,47,3,290),(4761,'asiste',NULL,47,3,291),(4762,'asiste',NULL,47,3,292),(4763,'asiste',NULL,47,3,293),(4764,'asiste',NULL,47,3,294),(4765,'asiste',NULL,47,3,296),(4766,'asiste',NULL,47,3,297),(4767,'asiste',NULL,47,3,298),(4768,'asiste',NULL,47,3,299),(4769,'asiste',NULL,47,3,300),(4770,'asiste',NULL,47,3,301),(4771,'asiste',NULL,47,3,302),(4772,'asiste',NULL,47,3,303),(4773,'asiste',NULL,48,1,151),(4774,'asiste',NULL,48,2,155),(4775,'asiste',NULL,48,3,5),(4776,'asiste',NULL,48,3,6),(4777,'asiste',NULL,48,3,7),(4778,'asiste',NULL,48,3,8),(4779,'asiste',NULL,48,3,13),(4780,'asiste',NULL,48,3,14),(4781,'asiste',NULL,48,3,16),(4782,'asiste',NULL,48,3,18),(4783,'asiste',NULL,48,3,19),(4784,'asiste',NULL,48,3,24),(4785,'asiste',NULL,48,3,28),(4786,'asiste',NULL,48,3,29),(4787,'asiste',NULL,48,3,33),(4788,'asiste',NULL,48,3,34),(4789,'asiste',NULL,48,3,36),(4790,'asiste',NULL,48,3,38),(4791,'asiste',NULL,48,3,40),(4792,'asiste',NULL,48,3,45),(4793,'asiste',NULL,48,3,49),(4794,'asiste',NULL,48,3,52),(4795,'asiste',NULL,48,3,54),(4796,'asiste',NULL,48,3,55),(4797,'asiste',NULL,48,3,56),(4798,'asiste',NULL,48,3,57),(4799,'asiste',NULL,48,3,61),(4800,'asiste',NULL,48,3,65),(4801,'asiste',NULL,48,3,66),(4802,'asiste',NULL,48,3,70),(4803,'asiste',NULL,48,3,72),(4804,'asiste',NULL,48,3,73),(4805,'asiste',NULL,48,3,77),(4806,'asiste',NULL,48,3,78),(4807,'asiste',NULL,48,3,81),(4808,'asiste',NULL,48,3,82),(4809,'asiste',NULL,48,3,83),(4810,'asiste',NULL,48,3,85),(4811,'asiste',NULL,48,3,87),(4812,'falta',NULL,48,3,88),(4813,'asiste',NULL,48,3,92),(4814,'asiste',NULL,48,3,96),(4815,'asiste',NULL,48,3,99),(4816,'asiste',NULL,48,3,101),(4817,'asiste',NULL,48,3,102),(4818,'asiste',NULL,48,3,105),(4819,'asiste',NULL,48,3,106),(4820,'asiste',NULL,48,3,113),(4821,'asiste',NULL,48,3,115),(4822,'asiste',NULL,48,3,116),(4823,'asiste',NULL,48,3,117),(4824,'asiste',NULL,48,3,123),(4825,'asiste',NULL,48,3,125),(4826,'asiste',NULL,48,3,129),(4827,'asiste',NULL,48,3,139),(4828,'asiste',NULL,48,3,141),(4829,'asiste',NULL,48,3,145),(4830,'asiste',NULL,48,3,148),(4831,'asiste',NULL,48,3,153),(4832,'asiste',NULL,48,3,155),(4833,'asiste',NULL,48,3,156),(4834,'asiste',NULL,48,3,162),(4835,'asiste',NULL,48,3,214),(4836,'asiste',NULL,48,3,233),(4837,'asiste',NULL,48,3,257),(4838,'asiste',NULL,48,3,258),(4839,'asiste',NULL,48,3,259),(4840,'asiste',NULL,48,3,261),(4841,'asiste',NULL,48,3,262),(4842,'asiste',NULL,48,3,263),(4843,'asiste',NULL,48,3,270),(4844,'asiste',NULL,48,3,276),(4845,'asiste',NULL,48,3,279),(4846,'asiste',NULL,48,3,280),(4847,'asiste',NULL,48,3,284),(4848,'asiste',NULL,48,3,285),(4849,'asiste',NULL,48,3,286),(4850,'asiste',NULL,48,3,288),(4851,'asiste',NULL,48,3,291),(4852,'asiste',NULL,48,3,292),(4853,'asiste',NULL,48,3,296),(4854,'asiste',NULL,48,3,297),(4855,'asiste',NULL,48,3,298),(4856,'asiste',NULL,48,3,300),(4857,'asiste',NULL,48,3,301),(4858,'asiste',NULL,48,3,304),(4859,'asiste',NULL,49,1,151),(4860,'asiste',NULL,49,2,155),(4861,'asiste',NULL,49,3,5),(4862,'asiste',NULL,49,3,6),(4863,'asiste',NULL,49,3,7),(4864,'asiste',NULL,49,3,8),(4865,'asiste',NULL,49,3,9),(4866,'asiste',NULL,49,3,10),(4867,'asiste',NULL,49,3,13),(4868,'asiste',NULL,49,3,165),(4869,'asiste',NULL,49,3,16),(4870,'asiste',NULL,49,3,18),(4871,'asiste',NULL,49,3,19),(4872,'asiste',NULL,49,3,24),(4873,'asiste',NULL,49,3,28),(4874,'asiste',NULL,49,3,29),(4875,'asiste',NULL,49,3,31),(4876,'asiste',NULL,49,3,34),(4877,'asiste',NULL,49,3,36),(4878,'asiste',NULL,49,3,41),(4879,'asiste',NULL,49,3,45),(4880,'asiste',NULL,49,3,47),(4881,'asiste',NULL,49,3,49),(4882,'asiste',NULL,49,3,52),(4883,'asiste',NULL,49,3,61),(4884,'asiste',NULL,49,3,65),(4885,'asiste',NULL,49,3,66),(4886,'asiste',NULL,49,3,70),(4887,'asiste',NULL,49,3,72),(4888,'asiste',NULL,49,3,73),(4889,'asiste',NULL,49,3,77),(4890,'asiste',NULL,49,3,78),(4891,'asiste',NULL,49,3,80),(4892,'asiste',NULL,49,3,83),(4893,'asiste',NULL,49,3,85),(4894,'asiste',NULL,49,3,87),(4895,'falta',NULL,49,3,88),(4896,'asiste',NULL,49,3,92),(4897,'asiste',NULL,49,3,96),(4898,'asiste',NULL,49,3,99),(4899,'asiste',NULL,49,3,101),(4900,'asiste',NULL,49,3,102),(4901,'asiste',NULL,49,3,105),(4902,'asiste',NULL,49,3,111),(4903,'asiste',NULL,49,3,113),(4904,'asiste',NULL,49,3,115),(4905,'asiste',NULL,49,3,116),(4906,'asiste',NULL,49,3,117),(4907,'asiste',NULL,49,3,126),(4908,'asiste',NULL,49,3,131),(4909,'asiste',NULL,49,3,133),(4910,'asiste',NULL,49,3,137),(4911,'asiste',NULL,49,3,139),(4912,'asiste',NULL,49,3,141),(4913,'asiste',NULL,49,3,145),(4914,'asiste',NULL,49,3,153),(4915,'asiste',NULL,49,3,166),(4916,'asiste',NULL,49,3,214),(4917,'asiste',NULL,49,3,233),(4918,'asiste',NULL,49,3,257),(4919,'asiste',NULL,49,3,259),(4920,'asiste',NULL,49,3,260),(4921,'asiste',NULL,49,3,261),(4922,'asiste',NULL,49,3,262),(4923,'asiste',NULL,49,3,263),(4924,'asiste',NULL,49,3,269),(4925,'asiste',NULL,49,3,270),(4926,'asiste',NULL,49,3,276),(4927,'asiste',NULL,49,3,279),(4928,'asiste',NULL,49,3,282),(4929,'asiste',NULL,49,3,286),(4930,'asiste',NULL,49,3,289),(4931,'asiste',NULL,49,3,290),(4932,'asiste',NULL,49,3,295),(4933,'asiste',NULL,49,3,296),(4934,'asiste',NULL,49,3,297),(4935,'asiste',NULL,49,3,298),(4936,'asiste',NULL,49,3,299),(4937,'asiste',NULL,49,3,300),(4938,'asiste',NULL,49,3,301),(4939,'asiste',NULL,49,3,303),(4940,'asiste',NULL,50,1,151),(4941,'asiste',NULL,50,2,155),(4942,'asiste',NULL,50,3,5),(4943,'asiste',NULL,50,3,6),(4944,'asiste',NULL,50,3,7),(4945,'asiste',NULL,50,3,8),(4946,'asiste',NULL,50,3,9),(4947,'asiste',NULL,50,3,12),(4948,'asiste',NULL,50,3,165),(4949,'asiste',NULL,50,3,19),(4950,'asiste',NULL,50,3,28),(4951,'asiste',NULL,50,3,29),(4952,'asiste',NULL,50,3,33),(4953,'asiste',NULL,50,3,34),(4954,'asiste',NULL,50,3,38),(4955,'asiste',NULL,50,3,41),(4956,'asiste',NULL,50,3,45),(4957,'asiste',NULL,50,3,49),(4958,'asiste',NULL,50,3,52),(4959,'asiste',NULL,50,3,54),(4960,'asiste',NULL,50,3,55),(4961,'asiste',NULL,50,3,61),(4962,'asiste',NULL,50,3,65),(4963,'asiste',NULL,50,3,66),(4964,'asiste',NULL,50,3,68),(4965,'asiste',NULL,50,3,72),(4966,'asiste',NULL,50,3,73),(4967,'asiste',NULL,50,3,76),(4968,'asiste',NULL,50,3,77),(4969,'asiste',NULL,50,3,78),(4970,'asiste',NULL,50,3,82),(4971,'asiste',NULL,50,3,83),(4972,'asiste',NULL,50,3,85),(4973,'falta',NULL,50,3,88),(4974,'asiste',NULL,50,3,91),(4975,'asiste',NULL,50,3,92),(4976,'asiste',NULL,50,3,96),(4977,'asiste',NULL,50,3,99),(4978,'asiste',NULL,50,3,101),(4979,'asiste',NULL,50,3,102),(4980,'asiste',NULL,50,3,105),(4981,'asiste',NULL,50,3,106),(4982,'asiste',NULL,50,3,111),(4983,'asiste',NULL,50,3,115),(4984,'asiste',NULL,50,3,116),(4985,'asiste',NULL,50,3,123),(4986,'asiste',NULL,50,3,125),(4987,'asiste',NULL,50,3,126),(4988,'asiste',NULL,50,3,129),(4989,'asiste',NULL,50,3,131),(4990,'asiste',NULL,50,3,139),(4991,'asiste',NULL,50,3,145),(4992,'asiste',NULL,50,3,146),(4993,'asiste',NULL,50,3,148),(4994,'asiste',NULL,50,3,153),(4995,'asiste',NULL,50,3,156),(4996,'asiste',NULL,50,3,166),(4997,'asiste',NULL,50,3,214),(4998,'asiste',NULL,50,3,233),(4999,'asiste',NULL,50,3,259),(5000,'asiste',NULL,50,3,260),(5001,'asiste',NULL,50,3,261),(5002,'asiste',NULL,50,3,262),(5003,'asiste',NULL,50,3,270),(5004,'asiste',NULL,50,3,276),(5005,'asiste',NULL,50,3,280),(5006,'asiste',NULL,50,3,284),(5007,'asiste',NULL,50,3,286),(5008,'asiste',NULL,50,3,290),(5009,'asiste',NULL,50,3,292),(5010,'asiste',NULL,50,3,295),(5011,'asiste',NULL,50,3,300),(5012,'asiste',NULL,51,1,151),(5013,'asiste',NULL,51,2,155),(5014,'asiste',NULL,51,3,5),(5015,'asiste',NULL,51,3,6),(5016,'asiste',NULL,51,3,7),(5017,'asiste',NULL,51,3,8),(5018,'asiste',NULL,51,3,9),(5019,'asiste',NULL,51,3,12),(5020,'asiste',NULL,51,3,165),(5021,'asiste',NULL,51,3,19),(5022,'asiste',NULL,51,3,28),(5023,'asiste',NULL,51,3,29),(5024,'asiste',NULL,51,3,33),(5025,'asiste',NULL,51,3,34),(5026,'asiste',NULL,51,3,38),(5027,'asiste',NULL,51,3,41),(5028,'asiste',NULL,51,3,45),(5029,'asiste',NULL,51,3,49),(5030,'asiste',NULL,51,3,52),(5031,'asiste',NULL,51,3,54),(5032,'asiste',NULL,51,3,55),(5033,'asiste',NULL,51,3,61),(5034,'asiste',NULL,51,3,65),(5035,'asiste',NULL,51,3,66),(5036,'asiste',NULL,51,3,68),(5037,'asiste',NULL,51,3,72),(5038,'asiste',NULL,51,3,73),(5039,'asiste',NULL,51,3,76),(5040,'asiste',NULL,51,3,77),(5041,'asiste',NULL,51,3,78),(5042,'asiste',NULL,51,3,82),(5043,'asiste',NULL,51,3,83),(5044,'asiste',NULL,51,3,85),(5045,'falta',NULL,51,3,88),(5046,'asiste',NULL,51,3,91),(5047,'asiste',NULL,51,3,92),(5048,'asiste',NULL,51,3,96),(5049,'asiste',NULL,51,3,99),(5050,'asiste',NULL,51,3,101),(5051,'asiste',NULL,51,3,102),(5052,'asiste',NULL,51,3,105),(5053,'asiste',NULL,51,3,106),(5054,'asiste',NULL,51,3,111),(5055,'asiste',NULL,51,3,115),(5056,'asiste',NULL,51,3,116),(5057,'asiste',NULL,51,3,123),(5058,'asiste',NULL,51,3,125),(5059,'asiste',NULL,51,3,126),(5060,'asiste',NULL,51,3,129),(5061,'asiste',NULL,51,3,131),(5062,'asiste',NULL,51,3,139),(5063,'asiste',NULL,51,3,145),(5064,'asiste',NULL,51,3,146),(5065,'asiste',NULL,51,3,148),(5066,'asiste',NULL,51,3,153),(5067,'asiste',NULL,51,3,156),(5068,'asiste',NULL,51,3,166),(5069,'asiste',NULL,51,3,214),(5070,'asiste',NULL,51,3,233),(5071,'asiste',NULL,51,3,259),(5072,'asiste',NULL,51,3,260),(5073,'asiste',NULL,51,3,261),(5074,'asiste',NULL,51,3,262),(5075,'asiste',NULL,51,3,270),(5076,'asiste',NULL,51,3,276),(5077,'asiste',NULL,51,3,280),(5078,'asiste',NULL,51,3,284),(5079,'asiste',NULL,51,3,286),(5080,'asiste',NULL,51,3,290),(5081,'asiste',NULL,51,3,292),(5082,'asiste',NULL,51,3,295),(5083,'asiste',NULL,51,3,300),(5084,'asiste',NULL,52,1,151),(5085,'asiste',NULL,52,2,155),(5086,'asiste',NULL,52,3,5),(5087,'asiste',NULL,52,3,6),(5088,'asiste',NULL,52,3,7),(5089,'asiste',NULL,52,3,8),(5090,'asiste',NULL,52,3,9),(5091,'asiste',NULL,52,3,12),(5092,'asiste',NULL,52,3,165),(5093,'asiste',NULL,52,3,19),(5094,'asiste',NULL,52,3,28),(5095,'asiste',NULL,52,3,29),(5096,'asiste',NULL,52,3,33),(5097,'asiste',NULL,52,3,34),(5098,'asiste',NULL,52,3,38),(5099,'asiste',NULL,52,3,41),(5100,'asiste',NULL,52,3,45),(5101,'asiste',NULL,52,3,49),(5102,'asiste',NULL,52,3,52),(5103,'asiste',NULL,52,3,54),(5104,'asiste',NULL,52,3,55),(5105,'asiste',NULL,52,3,61),(5106,'asiste',NULL,52,3,65),(5107,'asiste',NULL,52,3,66),(5108,'asiste',NULL,52,3,68),(5109,'asiste',NULL,52,3,72),(5110,'asiste',NULL,52,3,73),(5111,'asiste',NULL,52,3,76),(5112,'asiste',NULL,52,3,77),(5113,'asiste',NULL,52,3,78),(5114,'asiste',NULL,52,3,82),(5115,'asiste',NULL,52,3,83),(5116,'asiste',NULL,52,3,85),(5117,'falta',NULL,52,3,88),(5118,'asiste',NULL,52,3,91),(5119,'asiste',NULL,52,3,92),(5120,'asiste',NULL,52,3,96),(5121,'asiste',NULL,52,3,99),(5122,'asiste',NULL,52,3,101),(5123,'asiste',NULL,52,3,102),(5124,'asiste',NULL,52,3,105),(5125,'asiste',NULL,52,3,106),(5126,'asiste',NULL,52,3,111),(5127,'asiste',NULL,52,3,115),(5128,'asiste',NULL,52,3,116),(5129,'asiste',NULL,52,3,123),(5130,'asiste',NULL,52,3,125),(5131,'asiste',NULL,52,3,126),(5132,'asiste',NULL,52,3,129),(5133,'asiste',NULL,52,3,131),(5134,'asiste',NULL,52,3,139),(5135,'asiste',NULL,52,3,145),(5136,'asiste',NULL,52,3,146),(5137,'asiste',NULL,52,3,148),(5138,'asiste',NULL,52,3,153),(5139,'asiste',NULL,52,3,156),(5140,'asiste',NULL,52,3,166),(5141,'asiste',NULL,52,3,214),(5142,'asiste',NULL,52,3,233),(5143,'asiste',NULL,52,3,259),(5144,'asiste',NULL,52,3,260),(5145,'asiste',NULL,52,3,261),(5146,'asiste',NULL,52,3,262),(5147,'asiste',NULL,52,3,270),(5148,'asiste',NULL,52,3,276),(5149,'asiste',NULL,52,3,280),(5150,'asiste',NULL,52,3,284),(5151,'asiste',NULL,52,3,286),(5152,'asiste',NULL,52,3,290),(5153,'asiste',NULL,52,3,292),(5154,'asiste',NULL,52,3,295),(5155,'asiste',NULL,52,3,300),(5156,'asiste',NULL,53,1,151),(5157,'asiste',NULL,53,2,155),(5158,'asiste',NULL,53,3,5),(5159,'asiste',NULL,53,3,6),(5160,'asiste',NULL,53,3,7),(5161,'asiste',NULL,53,3,8),(5162,'asiste',NULL,53,3,9),(5163,'asiste',NULL,53,3,12),(5164,'asiste',NULL,53,3,165),(5165,'asiste',NULL,53,3,19),(5166,'asiste',NULL,53,3,28),(5167,'asiste',NULL,53,3,29),(5168,'asiste',NULL,53,3,33),(5169,'asiste',NULL,53,3,34),(5170,'asiste',NULL,53,3,38),(5171,'asiste',NULL,53,3,41),(5172,'asiste',NULL,53,3,45),(5173,'asiste',NULL,53,3,49),(5174,'asiste',NULL,53,3,52),(5175,'asiste',NULL,53,3,54),(5176,'asiste',NULL,53,3,55),(5177,'asiste',NULL,53,3,61),(5178,'asiste',NULL,53,3,65),(5179,'asiste',NULL,53,3,66),(5180,'asiste',NULL,53,3,68),(5181,'asiste',NULL,53,3,72),(5182,'asiste',NULL,53,3,73),(5183,'asiste',NULL,53,3,76),(5184,'asiste',NULL,53,3,77),(5185,'asiste',NULL,53,3,78),(5186,'asiste',NULL,53,3,82),(5187,'asiste',NULL,53,3,83),(5188,'asiste',NULL,53,3,85),(5189,'falta',NULL,53,3,88),(5190,'asiste',NULL,53,3,91),(5191,'asiste',NULL,53,3,92),(5192,'asiste',NULL,53,3,96),(5193,'asiste',NULL,53,3,99),(5194,'asiste',NULL,53,3,101),(5195,'asiste',NULL,53,3,102),(5196,'asiste',NULL,53,3,105),(5197,'asiste',NULL,53,3,106),(5198,'asiste',NULL,53,3,111),(5199,'asiste',NULL,53,3,115),(5200,'asiste',NULL,53,3,116),(5201,'asiste',NULL,53,3,123),(5202,'asiste',NULL,53,3,125),(5203,'asiste',NULL,53,3,126),(5204,'asiste',NULL,53,3,129),(5205,'asiste',NULL,53,3,131),(5206,'asiste',NULL,53,3,139),(5207,'asiste',NULL,53,3,145),(5208,'asiste',NULL,53,3,146),(5209,'asiste',NULL,53,3,148),(5210,'asiste',NULL,53,3,153),(5211,'asiste',NULL,53,3,156),(5212,'asiste',NULL,53,3,166),(5213,'asiste',NULL,53,3,214),(5214,'asiste',NULL,53,3,233),(5215,'asiste',NULL,53,3,259),(5216,'asiste',NULL,53,3,260),(5217,'asiste',NULL,53,3,261),(5218,'asiste',NULL,53,3,262),(5219,'asiste',NULL,53,3,270),(5220,'asiste',NULL,53,3,276),(5221,'asiste',NULL,53,3,280),(5222,'asiste',NULL,53,3,284),(5223,'asiste',NULL,53,3,286),(5224,'asiste',NULL,53,3,290),(5225,'asiste',NULL,53,3,292),(5226,'asiste',NULL,53,3,295),(5227,'asiste',NULL,53,3,300),(5228,'asiste',NULL,18,1,151),(5229,'asiste',NULL,18,2,155),(5230,'asiste',NULL,18,3,5),(5231,'asiste',NULL,18,3,6),(5232,'asiste',NULL,18,3,7),(5233,'asiste',NULL,18,3,8),(5234,'asiste',NULL,18,3,9),(5235,'asiste',NULL,18,3,13),(5236,'asiste',NULL,18,3,14),(5237,'asiste',NULL,18,3,16),(5238,'asiste',NULL,18,3,18),(5239,'asiste',NULL,18,3,19),(5240,'asiste',NULL,18,3,28),(5241,'asiste',NULL,18,3,29),(5242,'asiste',NULL,18,3,33),(5243,'asiste',NULL,18,3,35),(5244,'asiste',NULL,18,3,43),(5245,'asiste',NULL,18,3,45),(5246,'asiste',NULL,18,3,49),(5247,'asiste',NULL,18,3,51),(5248,'asiste',NULL,18,3,52),(5249,'asiste',NULL,18,3,56),(5250,'asiste',NULL,18,3,57),(5251,'falta',NULL,18,3,58),(5252,'asiste',NULL,18,3,61),(5253,'asiste',NULL,18,3,65),(5254,'asiste',NULL,18,3,66),(5255,'asiste',NULL,18,3,68),(5256,'asiste',NULL,18,3,70),(5257,'asiste',NULL,18,3,72),(5258,'asiste',NULL,18,3,73),(5259,'asiste',NULL,18,3,77),(5260,'asiste',NULL,18,3,78),(5261,'asiste',NULL,18,3,79),(5262,'asiste',NULL,18,3,82),(5263,'asiste',NULL,18,3,85),(5264,'asiste',NULL,18,3,87),(5265,'falta',NULL,18,3,88),(5266,'asiste',NULL,18,3,89),(5267,'asiste',NULL,18,3,96),(5268,'asiste',NULL,18,3,99),(5269,'asiste',NULL,18,3,102),(5270,'asiste',NULL,18,3,104),(5271,'asiste',NULL,18,3,105),(5272,'asiste',NULL,18,3,106),(5273,'asiste',NULL,18,3,116),(5274,'asiste',NULL,18,3,117),(5275,'asiste',NULL,18,3,119),(5276,'asiste',NULL,18,3,123),(5277,'asiste',NULL,18,3,125),(5278,'asiste',NULL,18,3,129),(5279,'asiste',NULL,18,3,131),(5280,'asiste',NULL,18,3,133),(5281,'asiste',NULL,18,3,139),(5282,'asiste',NULL,18,3,140),(5283,'asiste',NULL,18,3,141),(5284,'asiste',NULL,18,3,145),(5285,'asiste',NULL,18,3,156),(5286,'asiste',NULL,18,3,160),(5287,'asiste',NULL,18,3,166),(5288,'asiste',NULL,18,3,233),(5289,'asiste',NULL,18,3,261),(5290,'asiste',NULL,18,3,265),(5291,'asiste',NULL,18,3,286),(5292,'asiste',NULL,18,3,290),(5293,'asiste',NULL,18,3,300),(5294,'asiste',NULL,18,3,302),(5295,'asiste',NULL,19,1,151),(5296,'asiste',NULL,19,2,155),(5297,'asiste',NULL,19,3,6),(5298,'asiste',NULL,19,3,9),(5299,'asiste',NULL,19,3,10),(5300,'asiste',NULL,19,3,12),(5301,'asiste',NULL,19,3,13),(5302,'asiste',NULL,19,3,16),(5303,'asiste',NULL,19,3,17),(5304,'asiste',NULL,19,3,28),(5305,'asiste',NULL,19,3,29),(5306,'asiste',NULL,19,3,31),(5307,'asiste',NULL,19,3,34),(5308,'asiste',NULL,19,3,35),(5309,'asiste',NULL,19,3,40),(5310,'asiste',NULL,19,3,41),(5311,'asiste',NULL,19,3,45),(5312,'asiste',NULL,19,3,49),(5313,'asiste',NULL,19,3,51),(5314,'asiste',NULL,19,3,54),(5315,'asiste',NULL,19,3,56),(5316,'asiste',NULL,19,3,58),(5317,'asiste',NULL,19,3,61),(5318,'asiste',NULL,19,3,65),(5319,'asiste',NULL,19,3,68),(5320,'asiste',NULL,19,3,70),(5321,'asiste',NULL,19,3,72),(5322,'asiste',NULL,19,3,73),(5323,'asiste',NULL,19,3,82),(5324,'asiste',NULL,19,3,83),(5325,'asiste',NULL,19,3,85),(5326,'falta',NULL,19,3,88),(5327,'asiste',NULL,19,3,89),(5328,'asiste',NULL,19,3,96),(5329,'asiste',NULL,19,3,101),(5330,'asiste',NULL,19,3,102),(5331,'asiste',NULL,19,3,105),(5332,'asiste',NULL,19,3,111),(5333,'asiste',NULL,19,3,113),(5334,'asiste',NULL,19,3,115),(5335,'asiste',NULL,19,3,116),(5336,'asiste',NULL,19,3,126),(5337,'asiste',NULL,19,3,131),(5338,'asiste',NULL,19,3,141),(5339,'asiste',NULL,19,3,145),(5340,'asiste',NULL,19,3,146),(5341,'asiste',NULL,19,3,147),(5342,'asiste',NULL,19,3,156),(5343,'asiste',NULL,19,3,166),(5344,'asiste',NULL,19,3,258),(5345,'asiste',NULL,19,3,261),(5346,'asiste',NULL,20,1,151),(5347,'asiste',NULL,20,2,155),(5348,'asiste',NULL,20,3,5),(5349,'asiste',NULL,20,3,7),(5350,'asiste',NULL,20,3,10),(5351,'asiste',NULL,20,3,12),(5352,'asiste',NULL,20,3,13),(5353,'asiste',NULL,20,3,16),(5354,'asiste',NULL,20,3,17),(5355,'asiste',NULL,20,3,19),(5356,'asiste',NULL,20,3,29),(5357,'asiste',NULL,20,3,33),(5358,'asiste',NULL,20,3,34),(5359,'asiste',NULL,20,3,35),(5360,'asiste',NULL,20,3,38),(5361,'asiste',NULL,20,3,41),(5362,'asiste',NULL,20,3,43),(5363,'asiste',NULL,20,3,47),(5364,'asiste',NULL,20,3,49),(5365,'asiste',NULL,20,3,51),(5366,'asiste',NULL,20,3,52),(5367,'asiste',NULL,20,3,56),(5368,'asiste',NULL,20,3,57),(5369,'asiste',NULL,20,3,58),(5370,'asiste',NULL,20,3,66),(5371,'asiste',NULL,20,3,68),(5372,'asiste',NULL,20,3,70),(5373,'asiste',NULL,20,3,72),(5374,'asiste',NULL,20,3,73),(5375,'asiste',NULL,20,3,83),(5376,'asiste',NULL,20,3,87),(5377,'falta',NULL,20,3,88),(5378,'asiste',NULL,20,3,92),(5379,'asiste',NULL,20,3,96),(5380,'asiste',NULL,20,3,99),(5381,'asiste',NULL,20,3,101),(5382,'asiste',NULL,20,3,102),(5383,'asiste',NULL,20,3,105),(5384,'asiste',NULL,20,3,116),(5385,'asiste',NULL,20,3,119),(5386,'asiste',NULL,20,3,123),(5387,'asiste',NULL,20,3,125),(5388,'asiste',NULL,20,3,131),(5389,'asiste',NULL,20,3,137),(5390,'asiste',NULL,20,3,139),(5391,'asiste',NULL,20,3,140),(5392,'asiste',NULL,20,3,145),(5393,'asiste',NULL,20,3,156),(5394,'asiste',NULL,20,3,160),(5395,'asiste',NULL,20,3,166),(5396,'asiste',NULL,20,3,257),(5397,'asiste',NULL,20,3,258),(5398,'asiste',NULL,20,3,261),(5399,'asiste',NULL,20,3,265),(5400,'asiste',NULL,20,3,285),(5401,'asiste',NULL,20,3,286),(5402,'asiste',NULL,20,3,290),(5403,'asiste',NULL,20,3,295),(5404,'asiste',NULL,20,3,302),(5405,'asiste',NULL,21,1,151),(5406,'asiste',NULL,21,2,155),(5407,'asiste',NULL,21,3,5),(5408,'asiste',NULL,21,3,6),(5409,'asiste',NULL,21,3,8),(5410,'asiste',NULL,21,3,9),(5411,'asiste',NULL,21,3,10),(5412,'asiste',NULL,21,3,11),(5413,'asiste',NULL,21,3,12),(5414,'asiste',NULL,21,3,16),(5415,'asiste',NULL,21,3,18),(5416,'asiste',NULL,21,3,19),(5417,'asiste',NULL,21,3,25),(5418,'asiste',NULL,21,3,28),(5419,'asiste',NULL,21,3,29),(5420,'asiste',NULL,21,3,31),(5421,'asiste',NULL,21,3,34),(5422,'disculpa',NULL,21,3,35),(5423,'asiste',NULL,21,3,36),(5424,'asiste',NULL,21,3,44),(5425,'asiste',NULL,21,3,46),(5426,'disculpa',NULL,21,3,52),(5427,'asiste',NULL,21,3,56),(5428,'asiste',NULL,21,3,57),(5429,'asiste',NULL,21,3,58),(5430,'asiste',NULL,21,3,59),(5431,'asiste',NULL,21,3,60),(5432,'asiste',NULL,21,3,61),(5433,'asiste',NULL,21,3,65),(5434,'asiste',NULL,21,3,66),(5435,'asiste',NULL,21,3,67),(5436,'asiste',NULL,21,3,68),(5437,'asiste',NULL,21,3,72),(5438,'asiste',NULL,21,3,77),(5439,'asiste',NULL,21,3,81),(5440,'asiste',NULL,21,3,82),(5441,'asiste',NULL,21,3,86),(5442,'asiste',NULL,21,3,87),(5443,'falta',NULL,21,3,88),(5444,'asiste',NULL,21,3,89),(5445,'asiste',NULL,21,3,92),(5446,'asiste',NULL,21,3,97),(5447,'asiste',NULL,21,3,99),(5448,'asiste',NULL,21,3,101),(5449,'asiste',NULL,21,3,102),(5450,'asiste',NULL,21,3,106),(5451,'asiste',NULL,21,3,108),(5452,'asiste',NULL,21,3,109),(5453,'asiste',NULL,21,3,111),(5454,'asiste',NULL,21,3,113),(5455,'asiste',NULL,21,3,115),(5456,'asiste',NULL,21,3,117),(5457,'asiste',NULL,21,3,122),(5458,'asiste',NULL,21,3,123),(5459,'asiste',NULL,21,3,125),(5460,'asiste',NULL,21,3,126),(5461,'asiste',NULL,21,3,129),(5462,'asiste',NULL,21,3,131),(5463,'asiste',NULL,21,3,134),(5464,'asiste',NULL,21,3,135),(5465,'asiste',NULL,21,3,140),(5466,'asiste',NULL,21,3,141),(5467,'asiste',NULL,21,3,143),(5468,'asiste',NULL,21,3,145),(5469,'asiste',NULL,21,3,148),(5470,'asiste',NULL,21,3,149),(5471,'asiste',NULL,21,3,153),(5472,'asiste',NULL,21,3,154),(5473,'asiste',NULL,21,3,156),(5474,'asiste',NULL,21,3,160),(5475,'asiste',NULL,21,3,163),(5476,'asiste',NULL,21,3,165),(5477,'asiste',NULL,21,3,178),(5478,'asiste',NULL,21,3,188),(5479,'asiste',NULL,21,3,214),(5480,'asiste',NULL,21,3,222),(5481,'asiste',NULL,21,3,227),(5482,'asiste',NULL,21,3,257),(5483,'asiste',NULL,21,3,260),(5484,'asiste',NULL,21,3,263),(5485,'asiste',NULL,21,3,264),(5486,'asiste',NULL,21,3,267),(5487,'asiste',NULL,21,3,268),(5488,'asiste',NULL,21,3,273),(5489,'asiste',NULL,21,3,274),(5490,'asiste',NULL,21,3,275),(5491,'asiste',NULL,21,3,277),(5492,'asiste',NULL,21,3,286),(5493,'asiste',NULL,21,3,290),(5494,'asiste',NULL,21,3,291),(5495,'asiste',NULL,21,3,292),(5496,'asiste',NULL,21,3,295),(5497,'asiste',NULL,21,3,307),(5498,'asiste',NULL,21,3,309),(5499,'asiste',NULL,21,3,313),(5500,'asiste',NULL,21,3,318),(5501,'asiste',NULL,21,3,327),(5502,'asiste',NULL,21,3,330),(5503,'asiste',NULL,21,3,331),(5504,'asiste',NULL,21,3,332),(5505,'asiste',NULL,21,3,333),(5506,'asiste',NULL,21,3,334),(5507,'asiste',NULL,21,3,335),(5508,'asiste',NULL,21,3,336),(5509,'asiste',NULL,21,3,338),(5510,'asiste',NULL,21,3,340),(5511,'asiste',NULL,21,3,344),(5512,'asiste',NULL,21,3,347),(5513,'asiste',NULL,21,3,349),(5514,'asiste',NULL,21,3,352),(5515,'asiste',NULL,21,3,357),(5516,'asiste',NULL,21,3,358),(5517,'asiste',NULL,21,3,359),(5518,'asiste',NULL,22,3,151),(5519,'asiste',NULL,22,1,286),(5520,'asiste',NULL,22,2,155),(5521,'asiste',NULL,22,3,5),(5522,'asiste',NULL,22,3,6),(5523,'asiste',NULL,22,3,7),(5524,'asiste',NULL,22,3,8),(5525,'asiste',NULL,22,3,9),(5526,'asiste',NULL,22,3,10),(5527,'asiste',NULL,22,3,11),(5528,'asiste',NULL,22,3,12),(5529,'asiste',NULL,22,3,16),(5530,'asiste',NULL,22,3,17),(5531,'asiste',NULL,22,3,18),(5532,'asiste',NULL,22,3,19),(5533,'asiste',NULL,22,3,22),(5534,'asiste',NULL,22,3,25),(5535,'asiste',NULL,22,3,28),(5536,'asiste',NULL,22,3,29),(5537,'asiste',NULL,22,3,30),(5538,'asiste',NULL,22,3,31),(5539,'asiste',NULL,22,3,33),(5540,'asiste',NULL,22,3,34),(5541,'asiste',NULL,22,3,35),(5542,'asiste',NULL,22,3,36),(5543,'asiste',NULL,22,3,38),(5544,'asiste',NULL,22,3,40),(5545,'asiste',NULL,22,3,41),(5546,'asiste',NULL,22,3,43),(5547,'asiste',NULL,22,3,44),(5548,'asiste',NULL,22,3,45),(5549,'asiste',NULL,22,3,47),(5550,'asiste',NULL,22,3,49),(5551,'asiste',NULL,22,3,51),(5552,'asiste',NULL,22,3,56),(5553,'asiste',NULL,22,3,57),(5554,'asiste',NULL,22,3,58),(5555,'asiste',NULL,22,3,59),(5556,'asiste',NULL,22,3,60),(5557,'asiste',NULL,22,3,62),(5558,'asiste',NULL,22,3,65),(5559,'asiste',NULL,22,3,66),(5560,'asiste',NULL,22,3,67),(5561,'asiste',NULL,22,3,68),(5562,'asiste',NULL,22,3,70),(5563,'asiste',NULL,22,3,73),(5564,'asiste',NULL,22,3,79),(5565,'asiste',NULL,22,3,80),(5566,'asiste',NULL,22,3,81),(5567,'asiste',NULL,22,3,82),(5568,'asiste',NULL,22,3,83),(5569,'asiste',NULL,22,3,85),(5570,'asiste',NULL,22,3,86),(5571,'asiste',NULL,22,3,87),(5572,'asiste',NULL,22,3,88),(5573,'asiste',NULL,22,3,89),(5574,'asiste',NULL,22,3,92),(5575,'asiste',NULL,22,3,97),(5576,'asiste',NULL,22,3,99),(5577,'asiste',NULL,22,3,101),(5578,'asiste',NULL,22,3,104),(5579,'asiste',NULL,22,3,105),(5580,'asiste',NULL,22,3,106),(5581,'asiste',NULL,22,3,108),(5582,'asiste',NULL,22,3,109),(5583,'asiste',NULL,22,3,110),(5584,'asiste',NULL,22,3,112),(5585,'asiste',NULL,22,3,113),(5586,'asiste',NULL,22,3,115),(5587,'asiste',NULL,22,3,117),(5588,'asiste',NULL,22,3,119),(5589,'asiste',NULL,22,3,121),(5590,'asiste',NULL,22,3,122),(5591,'asiste',NULL,22,3,123),(5592,'asiste',NULL,22,3,125),(5593,'asiste',NULL,22,3,126),(5594,'asiste',NULL,22,3,129),(5595,'asiste',NULL,22,3,131),(5596,'asiste',NULL,22,3,134),(5597,'asiste',NULL,22,3,135),(5598,'asiste',NULL,22,3,137),(5599,'asiste',NULL,22,3,140),(5600,'asiste',NULL,22,3,141),(5601,'asiste',NULL,22,3,143),(5602,'asiste',NULL,22,3,145),(5603,'asiste',NULL,22,3,147),(5604,'asiste',NULL,22,3,148),(5605,'asiste',NULL,22,3,149),(5606,'asiste',NULL,22,3,153),(5607,'asiste',NULL,22,3,154),(5608,'asiste',NULL,22,3,156),(5609,'asiste',NULL,22,3,157),(5610,'asiste',NULL,22,3,159),(5611,'asiste',NULL,22,3,160),(5612,'asiste',NULL,22,3,162),(5613,'asiste',NULL,22,3,163),(5614,'asiste',NULL,22,3,165),(5615,'asiste',NULL,22,3,166),(5616,'asiste',NULL,22,3,178),(5617,'asiste',NULL,22,3,188),(5618,'asiste',NULL,22,3,214),(5619,'asiste',NULL,22,3,220),(5620,'asiste',NULL,22,3,227),(5621,'asiste',NULL,22,3,257),(5622,'asiste',NULL,22,3,258),(5623,'asiste',NULL,22,3,271),(5624,'asiste',NULL,22,3,275),(5625,'asiste',NULL,22,3,277),(5626,'asiste',NULL,22,3,278),(5627,'asiste',NULL,22,3,285),(5628,'asiste',NULL,22,3,290),(5629,'asiste',NULL,22,3,291),(5630,'asiste',NULL,22,3,292),(5631,'asiste',NULL,22,3,295),(5632,'asiste',NULL,22,3,306),(5633,'asiste',NULL,22,3,307),(5634,'asiste',NULL,22,3,309),(5635,'asiste',NULL,22,3,312),(5636,'asiste',NULL,22,3,313),(5637,'asiste',NULL,22,3,318),(5638,'asiste',NULL,22,3,330),(5639,'asiste',NULL,22,3,333),(5640,'asiste',NULL,22,3,334),(5641,'asiste',NULL,22,3,335),(5642,'asiste',NULL,22,3,338),(5643,'asiste',NULL,22,3,340),(5644,'asiste',NULL,22,3,344),(5645,'asiste',NULL,22,3,347),(5646,'asiste',NULL,22,3,349),(5647,'asiste',NULL,22,3,352),(5648,'asiste',NULL,22,3,357),(5649,'asiste',NULL,22,3,359),(5650,'asiste',NULL,23,1,151),(5651,'asiste',NULL,23,2,82),(5652,'asiste',NULL,23,3,5),(5653,'disculpa',NULL,23,3,6),(5654,'asiste',NULL,23,3,7),(5655,'disculpa',NULL,23,3,8),(5656,'asiste',NULL,23,3,10),(5657,'asiste',NULL,23,3,11),(5658,'asiste',NULL,23,3,12),(5659,'asiste',NULL,23,3,16),(5660,'asiste',NULL,23,3,18),(5661,'asiste',NULL,23,3,19),(5662,'asiste',NULL,23,3,29),(5663,'asiste',NULL,23,3,31),(5664,'asiste',NULL,23,3,35),(5665,'asiste',NULL,23,3,36),(5666,'asiste',NULL,23,3,40),(5667,'disculpa',NULL,23,3,43),(5668,'asiste',NULL,23,3,46),(5669,'asiste',NULL,23,3,47),(5670,'asiste',NULL,23,3,49),(5671,'asiste',NULL,23,3,51),(5672,'asiste',NULL,23,3,52),(5673,'asiste',NULL,23,3,56),(5674,'asiste',NULL,23,3,57),(5675,'falta',NULL,23,3,58),(5676,'asiste',NULL,23,3,59),(5677,'asiste',NULL,23,3,61),(5678,'asiste',NULL,23,3,65),(5679,'asiste',NULL,23,3,66),(5680,'asiste',NULL,23,3,67),(5681,'asiste',NULL,23,3,68),(5682,'asiste',NULL,23,3,72),(5683,'asiste',NULL,23,3,73),(5684,'asiste',NULL,23,3,77),(5685,'asiste',NULL,23,3,78),(5686,'asiste',NULL,23,3,79),(5687,'asiste',NULL,23,3,86),(5688,'asiste',NULL,23,3,87),(5689,'falta',NULL,23,3,88),(5690,'asiste',NULL,23,3,89),(5691,'asiste',NULL,23,3,96),(5692,'disculpa',NULL,23,3,99),(5693,'asiste',NULL,23,3,105),(5694,'asiste',NULL,23,3,108),(5695,'asiste',NULL,23,3,109),(5696,'asiste',NULL,23,3,110),(5697,'asiste',NULL,23,3,111),(5698,'asiste',NULL,23,3,113),(5699,'asiste',NULL,23,3,119),(5700,'asiste',NULL,23,3,122),(5701,'asiste',NULL,23,3,123),(5702,'asiste',NULL,23,3,125),(5703,'asiste',NULL,23,3,134),(5704,'asiste',NULL,23,3,135),(5705,'asiste',NULL,23,3,139),(5706,'asiste',NULL,23,3,141),(5707,'asiste',NULL,23,3,143),(5708,'asiste',NULL,23,3,145),(5709,'asiste',NULL,23,3,148),(5710,'asiste',NULL,23,3,149),(5711,'asiste',NULL,23,3,154),(5712,'asiste',NULL,23,3,155),(5713,'asiste',NULL,23,3,156),(5714,'asiste',NULL,23,3,157),(5715,'asiste',NULL,23,3,160),(5716,'asiste',NULL,23,3,163),(5717,'asiste',NULL,23,3,166),(5718,'asiste',NULL,23,3,178),(5719,'asiste',NULL,23,3,188),(5720,'asiste',NULL,23,3,214),(5721,'asiste',NULL,23,3,222),(5722,'asiste',NULL,23,3,227),(5723,'asiste',NULL,23,3,233),(5724,'asiste',NULL,23,3,257),(5725,'asiste',NULL,23,3,260),(5726,'asiste',NULL,23,3,263),(5727,'asiste',NULL,23,3,264),(5728,'asiste',NULL,23,3,267),(5729,'asiste',NULL,23,3,268),(5730,'asiste',NULL,23,3,271),(5731,'asiste',NULL,23,3,274),(5732,'asiste',NULL,23,3,275),(5733,'asiste',NULL,23,3,277),(5734,'asiste',NULL,23,3,290),(5735,'asiste',NULL,23,3,291),(5736,'asiste',NULL,23,3,307),(5737,'asiste',NULL,23,3,313),(5738,'asiste',NULL,23,3,318),(5739,'asiste',NULL,23,3,327),(5740,'asiste',NULL,23,3,330),(5741,'asiste',NULL,23,3,333),(5742,'asiste',NULL,23,3,334),(5743,'asiste',NULL,23,3,342),(5744,'asiste',NULL,23,3,344),(5745,'asiste',NULL,23,3,347),(5746,'asiste',NULL,23,3,349),(5747,'asiste',NULL,23,3,356),(5748,'asiste',NULL,23,3,357),(5749,'asiste',NULL,23,3,359),(5750,'asiste',NULL,24,1,151),(5751,'asiste',NULL,24,2,82),(5752,'asiste',NULL,24,3,5),(5753,'asiste',NULL,24,3,6),(5754,'asiste',NULL,24,3,7),(5755,'asiste',NULL,24,3,8),(5756,'asiste',NULL,24,3,10),(5757,'asiste',NULL,24,3,11),(5758,'asiste',NULL,24,3,13),(5759,'asiste',NULL,24,3,14),(5760,'asiste',NULL,24,3,16),(5761,'disculpa',NULL,24,3,19),(5762,'asiste',NULL,24,3,29),(5763,'asiste',NULL,24,3,31),(5764,'asiste',NULL,24,3,33),(5765,'asiste',NULL,24,3,34),(5766,'asiste',NULL,24,3,35),(5767,'asiste',NULL,24,3,36),(5768,'asiste',NULL,24,3,38),(5769,'asiste',NULL,24,3,41),(5770,'disculpa',NULL,24,3,43),(5771,'asiste',NULL,24,3,45),(5772,'asiste',NULL,24,3,47),(5773,'asiste',NULL,24,3,49),(5774,'asiste',NULL,24,3,51),(5775,'asiste',NULL,24,3,52),(5776,'asiste',NULL,24,3,56),(5777,'asiste',NULL,24,3,57),(5778,'asiste',NULL,24,3,58),(5779,'asiste',NULL,24,3,59),(5780,'asiste',NULL,24,3,61),(5781,'asiste',NULL,24,3,67),(5782,'asiste',NULL,24,3,68),(5783,'asiste',NULL,24,3,70),(5784,'asiste',NULL,24,3,72),(5785,'asiste',NULL,24,3,73),(5786,'asiste',NULL,24,3,76),(5787,'asiste',NULL,24,3,77),(5788,'asiste',NULL,24,3,78),(5789,'asiste',NULL,24,3,79),(5790,'asiste',NULL,24,3,80),(5791,'asiste',NULL,24,3,81),(5792,'asiste',NULL,24,3,83),(5793,'asiste',NULL,24,3,85),(5794,'asiste',NULL,24,3,86),(5795,'asiste',NULL,24,3,87),(5796,'asiste',NULL,24,3,88),(5797,'asiste',NULL,24,3,89),(5798,'asiste',NULL,24,3,92),(5799,'asiste',NULL,24,3,96),(5800,'asiste',NULL,24,3,97),(5801,'disculpa',NULL,24,3,99),(5802,'asiste',NULL,24,3,101),(5803,'asiste',NULL,24,3,105),(5804,'asiste',NULL,24,3,106),(5805,'asiste',NULL,24,3,108),(5806,'asiste',NULL,24,3,109),(5807,'asiste',NULL,24,3,110),(5808,'asiste',NULL,24,3,111),(5809,'asiste',NULL,24,3,113),(5810,'asiste',NULL,24,3,115),(5811,'asiste',NULL,24,3,117),(5812,'asiste',NULL,24,3,119),(5813,'asiste',NULL,24,3,122),(5814,'asiste',NULL,24,3,123),(5815,'asiste',NULL,24,3,125),(5816,'asiste',NULL,24,3,126),(5817,'asiste',NULL,24,3,131),(5818,'asiste',NULL,24,3,134),(5819,'asiste',NULL,24,3,135),(5820,'asiste',NULL,24,3,136),(5821,'asiste',NULL,24,3,139),(5822,'asiste',NULL,24,3,143),(5823,'asiste',NULL,24,3,145),(5824,'asiste',NULL,24,3,146),(5825,'asiste',NULL,24,3,148),(5826,'asiste',NULL,24,3,149),(5827,'asiste',NULL,24,3,153),(5828,'asiste',NULL,24,3,154),(5829,'asiste',NULL,24,3,155),(5830,'asiste',NULL,24,3,156),(5831,'asiste',NULL,24,3,157),(5832,'asiste',NULL,24,3,159),(5833,'asiste',NULL,24,3,162),(5834,'asiste',NULL,24,3,163),(5835,'asiste',NULL,24,3,166),(5836,'asiste',NULL,24,3,178),(5837,'asiste',NULL,24,3,214),(5838,'asiste',NULL,24,3,220),(5839,'asiste',NULL,24,3,258),(5840,'asiste',NULL,24,3,260),(5841,'asiste',NULL,24,3,263),(5842,'asiste',NULL,24,3,264),(5843,'asiste',NULL,24,3,267),(5844,'asiste',NULL,24,3,268),(5845,'asiste',NULL,24,3,274),(5846,'asiste',NULL,24,3,275),(5847,'asiste',NULL,24,3,277),(5848,'asiste',NULL,24,3,286),(5849,'asiste',NULL,24,3,290),(5850,'asiste',NULL,24,3,291),(5851,'asiste',NULL,24,3,295),(5852,'asiste',NULL,24,3,307),(5853,'asiste',NULL,24,3,313),(5854,'asiste',NULL,24,3,318),(5855,'asiste',NULL,24,3,327),(5856,'asiste',NULL,24,3,330),(5857,'asiste',NULL,24,3,332),(5858,'asiste',NULL,24,3,338),(5859,'asiste',NULL,24,3,344),(5860,'asiste',NULL,24,3,349),(5861,'asiste',NULL,25,1,151),(5862,'asiste',NULL,25,2,66),(5863,'disculpa',NULL,25,2,82),(5864,'asiste',NULL,25,3,5),(5865,'asiste',NULL,25,3,6),(5866,'asiste',NULL,25,3,7),(5867,'asiste',NULL,25,3,8),(5868,'asiste',NULL,25,3,10),(5869,'asiste',NULL,25,3,11),(5870,'asiste',NULL,25,3,13),(5871,'asiste',NULL,25,3,14),(5872,'asiste',NULL,25,3,16),(5873,'asiste',NULL,25,3,18),(5874,'asiste',NULL,25,3,25),(5875,'asiste',NULL,25,3,28),(5876,'asiste',NULL,25,3,29),(5877,'asiste',NULL,25,3,31),(5878,'asiste',NULL,25,3,34),(5879,'asiste',NULL,25,3,35),(5880,'asiste',NULL,25,3,36),(5881,'asiste',NULL,25,3,38),(5882,'asiste',NULL,25,3,40),(5883,'disculpa',NULL,25,3,41),(5884,'asiste',NULL,25,3,45),(5885,'asiste',NULL,25,3,46),(5886,'disculpa',NULL,25,3,47),(5887,'asiste',NULL,25,3,49),(5888,'asiste',NULL,25,3,51),(5889,'asiste',NULL,25,3,52),(5890,'asiste',NULL,25,3,54),(5891,'asiste',NULL,25,3,56),(5892,'asiste',NULL,25,3,57),(5893,'asiste',NULL,25,3,58),(5894,'asiste',NULL,25,3,59),(5895,'asiste',NULL,25,3,60),(5896,'asiste',NULL,25,3,61),(5897,'asiste',NULL,25,3,65),(5899,'asiste',NULL,25,3,67),(5900,'asiste',NULL,25,3,68),(5901,'asiste',NULL,25,3,69),(5902,'asiste',NULL,25,3,70),(5903,'asiste',NULL,25,3,71),(5904,'asiste',NULL,25,3,72),(5905,'asiste',NULL,25,3,73),(5906,'asiste',NULL,25,3,77),(5907,'asiste',NULL,25,3,78),(5908,'asiste',NULL,25,3,80),(5909,'asiste',NULL,25,3,81),(5910,'asiste',NULL,25,3,83),(5911,'asiste',NULL,25,3,85),(5912,'asiste',NULL,25,3,87),(5913,'falta',NULL,25,3,88),(5914,'asiste',NULL,25,3,92),(5915,'asiste',NULL,25,3,96),(5916,'asiste',NULL,25,3,97),(5917,'disculpa',NULL,25,3,99),(5918,'asiste',NULL,25,3,101),(5919,'asiste',NULL,25,3,105),(5920,'asiste',NULL,25,3,106),(5921,'asiste',NULL,25,3,108),(5922,'asiste',NULL,25,3,109),(5923,'asiste',NULL,25,3,110),(5924,'asiste',NULL,25,3,111),(5925,'asiste',NULL,25,3,113),(5926,'asiste',NULL,25,3,115),(5927,'asiste',NULL,25,3,117),(5928,'asiste',NULL,25,3,122),(5929,'asiste',NULL,25,3,123),(5930,'asiste',NULL,25,3,125),(5931,'asiste',NULL,25,3,126),(5932,'asiste',NULL,25,3,131),(5933,'asiste',NULL,25,3,134),(5934,'asiste',NULL,25,3,135),(5935,'asiste',NULL,25,3,136),(5936,'asiste',NULL,25,3,139),(5937,'asiste',NULL,25,3,140),(5938,'asiste',NULL,25,3,141),(5939,'asiste',NULL,25,3,143),(5940,'asiste',NULL,25,3,145),(5941,'asiste',NULL,25,3,146),(5942,'asiste',NULL,25,3,148),(5943,'asiste',NULL,25,3,149),(5944,'asiste',NULL,25,3,154),(5945,'asiste',NULL,25,3,155),(5946,'disculpa',NULL,25,3,155),(5947,'asiste',NULL,25,3,156),(5948,'asiste',NULL,25,3,157),(5949,'asiste',NULL,25,3,158),(5950,'asiste',NULL,25,3,159),(5951,'asiste',NULL,25,3,160),(5952,'asiste',NULL,25,3,162),(5953,'asiste',NULL,25,3,163),(5954,'asiste',NULL,25,3,166),(5955,'asiste',NULL,25,3,222),(5956,'asiste',NULL,25,3,233),(5957,'asiste',NULL,25,3,257),(5958,'asiste',NULL,25,3,258),(5959,'asiste',NULL,25,3,260),(5960,'asiste',NULL,25,3,263),(5961,'asiste',NULL,25,3,264),(5962,'asiste',NULL,25,3,277),(5963,'asiste',NULL,25,3,278),(5964,'asiste',NULL,25,3,290),(5965,'asiste',NULL,25,3,291),(5966,'asiste',NULL,25,3,295),(5967,'asiste',NULL,25,3,302),(5968,'asiste',NULL,25,3,309),(5969,'asiste',NULL,25,3,313),(5970,'asiste',NULL,25,3,318),(5971,'asiste',NULL,25,3,330),(5972,'asiste',NULL,25,3,334),(5973,'asiste',NULL,25,3,336),(5974,'asiste',NULL,25,3,344),(5975,'asiste',NULL,25,3,347),(5976,'asiste',NULL,25,3,349),(5977,'asiste',NULL,25,3,356),(5978,'asiste',NULL,25,3,357),(5979,'asiste',NULL,25,3,359),(5980,'asiste',NULL,26,1,151),(5981,'asiste',NULL,26,2,82),(5982,'asiste',NULL,26,3,5),(5983,'asiste',NULL,26,3,6),(5984,'asiste',NULL,26,3,7),(5985,'asiste',NULL,26,3,8),(5986,'asiste',NULL,26,3,9),(5987,'asiste',NULL,26,3,10),(5988,'asiste',NULL,26,3,11),(5989,'asiste',NULL,26,3,13),(5990,'asiste',NULL,26,3,14),(5991,'asiste',NULL,26,3,16),(5992,'asiste',NULL,26,3,19),(5993,'asiste',NULL,26,3,28),(5994,'asiste',NULL,26,3,29),(5995,'asiste',NULL,26,3,31),(5996,'asiste',NULL,26,3,34),(5997,'asiste',NULL,26,3,35),(5998,'asiste',NULL,26,3,36),(5999,'asiste',NULL,26,3,38),(6000,'asiste',NULL,26,3,40),(6001,'asiste',NULL,26,3,41),(6002,'disculpa',NULL,26,3,43),(6003,'asiste',NULL,26,3,44),(6004,'asiste',NULL,26,3,45),(6005,'asiste',NULL,26,3,49),(6006,'asiste',NULL,26,3,51),(6007,'asiste',NULL,26,3,52),(6008,'asiste',NULL,26,3,55),(6009,'asiste',NULL,26,3,56),(6010,'asiste',NULL,26,3,57),(6011,'asiste',NULL,26,3,58),(6012,'asiste',NULL,26,3,59),(6013,'asiste',NULL,26,3,62),(6014,'asiste',NULL,26,3,65),(6015,'asiste',NULL,26,3,66),(6016,'asiste',NULL,26,3,67),(6017,'asiste',NULL,26,3,68),(6018,'asiste',NULL,26,3,69),(6019,'asiste',NULL,26,3,70),(6020,'asiste',NULL,26,3,72),(6021,'asiste',NULL,26,3,73),(6022,'asiste',NULL,26,3,77),(6023,'asiste',NULL,26,3,78),(6024,'asiste',NULL,26,3,80),(6025,'asiste',NULL,26,3,83),(6026,'asiste',NULL,26,3,85),(6027,'asiste',NULL,26,3,87),(6028,'falta',NULL,26,3,88),(6029,'asiste',NULL,26,3,89),(6030,'asiste',NULL,26,3,92),(6031,'asiste',NULL,26,3,96),(6032,'asiste',NULL,26,3,97),(6033,'disculpa',NULL,26,3,99),(6034,'asiste',NULL,26,3,101),(6035,'asiste',NULL,26,3,104),(6036,'asiste',NULL,26,3,105),(6037,'asiste',NULL,26,3,106),(6038,'asiste',NULL,26,3,109),(6039,'asiste',NULL,26,3,111),(6040,'asiste',NULL,26,3,112),(6041,'asiste',NULL,26,3,115),(6042,'asiste',NULL,26,3,117),(6043,'asiste',NULL,26,3,122),(6044,'asiste',NULL,26,3,123),(6045,'asiste',NULL,26,3,125),(6046,'asiste',NULL,26,3,126),(6047,'asiste',NULL,26,3,129),(6048,'asiste',NULL,26,3,131),(6049,'asiste',NULL,26,3,133),(6050,'asiste',NULL,26,3,134),(6051,'asiste',NULL,26,3,136),(6052,'asiste',NULL,26,3,137),(6053,'asiste',NULL,26,3,139),(6054,'asiste',NULL,26,3,141),(6055,'asiste',NULL,26,3,143),(6056,'asiste',NULL,26,3,145),(6057,'asiste',NULL,26,3,146),(6058,'asiste',NULL,26,3,148),(6059,'asiste',NULL,26,3,153),(6060,'asiste',NULL,26,3,154),(6061,'asiste',NULL,26,3,155),(6062,'asiste',NULL,26,3,156),(6063,'asiste',NULL,26,3,159),(6064,'asiste',NULL,26,3,163),(6065,'asiste',NULL,26,3,166),(6066,'disculpa',NULL,26,3,214),(6067,'asiste',NULL,26,3,258),(6068,'asiste',NULL,26,3,263),(6069,'asiste',NULL,26,3,264),(6070,'asiste',NULL,26,3,278),(6071,'asiste',NULL,26,3,285),(6072,'asiste',NULL,26,3,291),(6073,'asiste',NULL,26,3,309),(6074,'asiste',NULL,26,3,318),(6075,'asiste',NULL,26,3,330),(6076,'asiste',NULL,26,3,340),(6077,'asiste',NULL,26,3,344),(6078,'asiste',NULL,26,3,356),(6079,'asiste',NULL,26,3,357),(6080,'asiste',NULL,27,1,151),(6081,'asiste',NULL,27,2,82),(6082,'asiste',NULL,27,2,82),(6083,'asiste',NULL,27,3,5),(6084,'asiste',NULL,27,3,6),(6085,'asiste',NULL,27,3,7),(6086,'asiste',NULL,27,3,8),(6087,'asiste',NULL,27,3,9),(6088,'asiste',NULL,27,3,10),(6089,'asiste',NULL,27,3,11),(6090,'asiste',NULL,27,3,13),(6091,'asiste',NULL,27,3,16),(6092,'asiste',NULL,27,3,19),(6093,'asiste',NULL,27,3,25),(6094,'asiste',NULL,27,3,28),(6095,'asiste',NULL,27,3,29),(6096,'asiste',NULL,27,3,31),(6097,'asiste',NULL,27,3,35),(6098,'asiste',NULL,27,3,41),(6099,'asiste',NULL,27,3,43),(6100,'asiste',NULL,27,3,44),(6101,'asiste',NULL,27,3,47),(6102,'asiste',NULL,27,3,49),(6103,'asiste',NULL,27,3,51),(6104,'asiste',NULL,27,3,52),(6105,'asiste',NULL,27,3,54),(6106,'asiste',NULL,27,3,55),(6107,'asiste',NULL,27,3,57),(6108,'asiste',NULL,27,3,58),(6109,'asiste',NULL,27,3,59),(6110,'asiste',NULL,27,3,60),(6111,'asiste',NULL,27,3,61),(6112,'asiste',NULL,27,3,62),(6113,'asiste',NULL,27,3,65),(6114,'asiste',NULL,27,3,66),(6115,'asiste',NULL,27,3,67),(6116,'asiste',NULL,27,3,68),(6117,'asiste',NULL,27,3,69),(6118,'asiste',NULL,27,3,70),(6119,'asiste',NULL,27,3,71),(6120,'asiste',NULL,27,3,72),(6121,'asiste',NULL,27,3,76),(6122,'asiste',NULL,27,3,77),(6123,'asiste',NULL,27,3,78),(6124,'asiste',NULL,27,3,79),(6125,'asiste',NULL,27,3,80),(6126,'asiste',NULL,27,3,81),(6127,'asiste',NULL,27,3,85),(6128,'asiste',NULL,27,3,87),(6129,'falta',NULL,27,3,88),(6130,'asiste',NULL,27,3,89),(6131,'asiste',NULL,27,3,92),(6132,'disculpa',NULL,27,3,96),(6133,'asiste',NULL,27,3,97),(6134,'asiste',NULL,27,3,99),(6135,'asiste',NULL,27,3,101),(6136,'asiste',NULL,27,3,102),(6137,'asiste',NULL,27,3,104),(6138,'asiste',NULL,27,3,105),(6139,'asiste',NULL,27,3,106),(6140,'asiste',NULL,27,3,108),(6141,'asiste',NULL,27,3,109),(6142,'asiste',NULL,27,3,110),(6143,'asiste',NULL,27,3,115),(6144,'asiste',NULL,27,3,117),(6145,'asiste',NULL,27,3,122),(6146,'asiste',NULL,27,3,123),(6147,'asiste',NULL,27,3,125),(6148,'asiste',NULL,27,3,129),(6149,'asiste',NULL,27,3,131),(6150,'asiste',NULL,27,3,133),(6151,'asiste',NULL,27,3,134),(6152,'disculpa',NULL,27,3,135),(6153,'asiste',NULL,27,3,139),(6154,'disculpa',NULL,27,3,143),(6155,'asiste',NULL,27,3,145),(6156,'asiste',NULL,27,3,146),(6157,'asiste',NULL,27,3,149),(6158,'asiste',NULL,27,3,153),(6159,'asiste',NULL,27,3,154),(6160,'asiste',NULL,27,3,155),(6161,'asiste',NULL,27,3,156),(6162,'asiste',NULL,27,3,157),(6163,'asiste',NULL,27,3,158),(6164,'asiste',NULL,27,3,159),(6165,'asiste',NULL,27,3,160),(6166,'asiste',NULL,27,3,166),(6167,'asiste',NULL,27,3,178),(6168,'asiste',NULL,27,3,188),(6169,'asiste',NULL,27,3,214),(6170,'asiste',NULL,27,3,220),(6171,'asiste',NULL,27,3,222),(6172,'asiste',NULL,27,3,227),(6173,'asiste',NULL,27,3,233),(6174,'asiste',NULL,27,3,260),(6175,'asiste',NULL,27,3,263),(6176,'asiste',NULL,27,3,264),(6177,'asiste',NULL,27,3,271),(6178,'asiste',NULL,27,3,275),(6179,'asiste',NULL,27,3,277),(6180,'asiste',NULL,27,3,285),(6181,'asiste',NULL,27,3,286),(6182,'asiste',NULL,27,3,290),(6183,'asiste',NULL,27,3,291),(6184,'asiste',NULL,27,3,307),(6185,'asiste',NULL,27,3,309),(6186,'asiste',NULL,27,3,312),(6187,'asiste',NULL,27,3,313),(6188,'asiste',NULL,27,3,334),(6189,'asiste',NULL,27,3,340),(6190,'asiste',NULL,27,3,344),(6191,'asiste',NULL,27,3,347),(6192,'asiste',NULL,27,3,356),(6193,'asiste',NULL,27,3,357),(6194,'asiste',NULL,28,3,79),(6195,'asiste',NULL,28,1,151),(6196,'asiste',NULL,28,2,82),(6197,'asiste',NULL,28,3,5),(6198,'asiste',NULL,28,3,6),(6199,'asiste',NULL,28,3,7),(6200,'asiste',NULL,28,3,8),(6201,'asiste',NULL,28,3,9),(6202,'asiste',NULL,28,3,9),(6203,'asiste',NULL,28,3,10),(6204,'asiste',NULL,28,3,11),(6205,'asiste',NULL,28,3,13),(6206,'asiste',NULL,28,3,14),(6207,'asiste',NULL,28,3,16),(6208,'asiste',NULL,28,3,17),(6209,'asiste',NULL,28,3,18),(6210,'asiste',NULL,28,3,19),(6211,'asiste',NULL,28,3,25),(6212,'asiste',NULL,28,3,28),(6213,'asiste',NULL,28,3,29),(6214,'asiste',NULL,28,3,30),(6215,'asiste',NULL,28,3,33),(6216,'asiste',NULL,28,3,35),(6217,'asiste',NULL,28,3,36),(6218,'asiste',NULL,28,3,38),(6219,'asiste',NULL,28,3,40),(6220,'asiste',NULL,28,3,41),(6221,'asiste',NULL,28,3,43),(6222,'asiste',NULL,28,3,44),(6223,'asiste',NULL,28,3,45),(6224,'asiste',NULL,28,3,46),(6225,'asiste',NULL,28,3,47),(6226,'asiste',NULL,28,3,49),(6227,'asiste',NULL,28,3,51),(6228,'asiste',NULL,28,3,52),(6229,'asiste',NULL,28,3,54),(6230,'asiste',NULL,28,3,55),(6231,'asiste',NULL,28,3,57),(6232,'asiste',NULL,28,3,58),(6233,'asiste',NULL,28,3,59),(6234,'asiste',NULL,28,3,60),(6235,'asiste',NULL,28,3,61),(6236,'asiste',NULL,28,3,62),(6237,'asiste',NULL,28,3,63),(6238,'asiste',NULL,28,3,65),(6239,'asiste',NULL,28,3,66),(6240,'asiste',NULL,28,3,67),(6241,'asiste',NULL,28,3,68),(6242,'disculpa',NULL,28,3,69),(6243,'asiste',NULL,28,3,70),(6244,'asiste',NULL,28,3,71),(6245,'asiste',NULL,28,3,72),(6246,'asiste',NULL,28,3,73),(6247,'asiste',NULL,28,3,76),(6248,'asiste',NULL,28,3,77),(6249,'asiste',NULL,28,3,78),(6250,'asiste',NULL,28,3,80),(6251,'asiste',NULL,28,3,81),(6252,'asiste',NULL,28,3,85),(6253,'asiste',NULL,28,3,86),(6254,'asiste',NULL,28,3,87),(6255,'asiste',NULL,28,3,88),(6256,'asiste',NULL,28,3,89),(6257,'asiste',NULL,28,3,92),(6258,'asiste',NULL,28,3,93),(6259,'disculpa',NULL,28,3,96),(6260,'asiste',NULL,28,3,97),(6261,'asiste',NULL,28,3,99),(6262,'asiste',NULL,28,3,101),(6263,'asiste',NULL,28,3,102),(6264,'asiste',NULL,28,3,104),(6265,'asiste',NULL,28,3,105),(6266,'asiste',NULL,28,3,106),(6267,'asiste',NULL,28,3,108),(6268,'asiste',NULL,28,3,109),(6269,'asiste',NULL,28,3,110),(6270,'asiste',NULL,28,3,111),(6271,'asiste',NULL,28,3,112),(6272,'asiste',NULL,28,3,113),(6273,'asiste',NULL,28,3,115),(6274,'asiste',NULL,28,3,119),(6275,'asiste',NULL,28,3,121),(6276,'asiste',NULL,28,3,122),(6277,'disculpa',NULL,28,3,122),(6278,'asiste',NULL,28,3,123),(6279,'asiste',NULL,28,3,125),(6280,'asiste',NULL,28,3,126),(6281,'asiste',NULL,28,3,129),(6282,'asiste',NULL,28,3,131),(6283,'disculpa',NULL,28,3,133),(6284,'asiste',NULL,28,3,134),(6285,'asiste',NULL,28,3,136),(6286,'asiste',NULL,28,3,137),(6287,'asiste',NULL,28,3,139),(6288,'asiste',NULL,28,3,140),(6289,'asiste',NULL,28,3,141),(6290,'asiste',NULL,28,3,143),(6291,'asiste',NULL,28,3,145),(6292,'asiste',NULL,28,3,148),(6293,'asiste',NULL,28,3,149),(6294,'asiste',NULL,28,3,153),(6295,'asiste',NULL,28,3,154),(6296,'asiste',NULL,28,3,155),(6297,'asiste',NULL,28,3,156),(6298,'asiste',NULL,28,3,157),(6299,'asiste',NULL,28,3,158),(6300,'asiste',NULL,28,3,159),(6301,'asiste',NULL,28,3,160),(6302,'asiste',NULL,28,3,162),(6303,'asiste',NULL,28,3,163),(6304,'asiste',NULL,28,3,166),(6305,'asiste',NULL,28,3,178),(6306,'asiste',NULL,28,3,188),(6307,'asiste',NULL,28,3,220),(6308,'asiste',NULL,28,3,222),(6309,'asiste',NULL,28,3,227),(6310,'asiste',NULL,28,3,258),(6311,'asiste',NULL,28,3,260),(6312,'asiste',NULL,28,3,263),(6313,'asiste',NULL,28,3,264),(6314,'asiste',NULL,28,3,268),(6315,'asiste',NULL,28,3,271),(6316,'asiste',NULL,28,3,273),(6317,'asiste',NULL,28,3,275),(6318,'asiste',NULL,28,3,277),(6319,'asiste',NULL,28,3,278),(6320,'asiste',NULL,28,3,286),(6321,'asiste',NULL,28,3,290),(6322,'asiste',NULL,28,3,291),(6323,'asiste',NULL,28,3,292),(6324,'asiste',NULL,28,3,302),(6325,'asiste',NULL,28,3,307),(6326,'asiste',NULL,28,3,309),(6327,'asiste',NULL,28,3,312),(6328,'asiste',NULL,28,3,313),(6329,'asiste',NULL,28,3,318),(6330,'asiste',NULL,28,3,327),(6331,'asiste',NULL,28,3,331),(6332,'asiste',NULL,28,3,332),(6333,'asiste',NULL,28,3,333),(6334,'asiste',NULL,28,3,334),(6335,'asiste',NULL,28,3,335),(6336,'asiste',NULL,28,3,336),(6337,'asiste',NULL,28,3,340),(6338,'asiste',NULL,28,3,341),(6339,'asiste',NULL,28,3,342),(6340,'asiste',NULL,28,3,343),(6341,'asiste',NULL,28,3,344),(6342,'asiste',NULL,28,3,347),(6343,'asiste',NULL,28,3,349),(6344,'asiste',NULL,28,3,351),(6345,'asiste',NULL,28,3,356),(6346,'asiste',NULL,28,3,357),(6347,'asiste',NULL,28,3,359),(6348,'asiste',NULL,29,1,151),(6349,'asiste',NULL,29,2,82),(6350,'asiste',NULL,29,3,5),(6351,'asiste',NULL,29,3,7),(6352,'asiste',NULL,29,3,8),(6353,'asiste',NULL,29,3,9),(6354,'asiste',NULL,29,3,10),(6355,'asiste',NULL,29,3,11),(6356,'asiste',NULL,29,3,13),(6357,'asiste',NULL,29,3,14),(6358,'asiste',NULL,29,3,16),(6359,'asiste',NULL,29,3,17),(6360,'asiste',NULL,29,3,19),(6361,'asiste',NULL,29,3,25),(6362,'asiste',NULL,29,3,28),(6363,'asiste',NULL,29,3,29),(6364,'asiste',NULL,29,3,31),(6365,'asiste',NULL,29,3,33),(6366,'asiste',NULL,29,3,34),(6367,'asiste',NULL,29,3,38),(6368,'asiste',NULL,29,3,40),(6369,'asiste',NULL,29,3,41),(6370,'asiste',NULL,29,3,43),(6371,'asiste',NULL,29,3,44),(6372,'asiste',NULL,29,3,45),(6373,'asiste',NULL,29,3,46),(6374,'asiste',NULL,29,3,47),(6375,'asiste',NULL,29,3,49),(6376,'asiste',NULL,29,3,51),(6377,'asiste',NULL,29,3,52),(6378,'asiste',NULL,29,3,54),(6379,'asiste',NULL,29,3,55),(6380,'asiste',NULL,29,3,57),(6381,'asiste',NULL,29,3,58),(6382,'asiste',NULL,29,3,59),(6383,'asiste',NULL,29,3,60),(6384,'asiste',NULL,29,3,61),(6385,'asiste',NULL,29,3,62),(6386,'asiste',NULL,29,3,63),(6387,'asiste',NULL,29,3,65),(6388,'asiste',NULL,29,3,66),(6389,'asiste',NULL,29,3,68),(6390,'asiste',NULL,29,3,69),(6391,'asiste',NULL,29,3,70),(6392,'asiste',NULL,29,3,71),(6393,'asiste',NULL,29,3,72),(6394,'asiste',NULL,29,3,73),(6395,'asiste',NULL,29,3,76),(6396,'asiste',NULL,29,3,77),(6397,'asiste',NULL,29,3,78),(6398,'asiste',NULL,29,3,79),(6399,'asiste',NULL,29,3,81),(6400,'asiste',NULL,29,3,83),(6401,'asiste',NULL,29,3,85),(6402,'asiste',NULL,29,3,86),(6403,'asiste',NULL,29,3,87),(6404,'asiste',NULL,29,3,88),(6405,'asiste',NULL,29,3,89),(6406,'asiste',NULL,29,3,92),(6407,'asiste',NULL,29,3,93),(6408,'asiste',NULL,29,3,95),(6409,'asiste',NULL,29,3,96),(6410,'asiste',NULL,29,3,97),(6411,'asiste',NULL,29,3,99),(6412,'asiste',NULL,29,3,101),(6413,'asiste',NULL,29,3,102),(6414,'asiste',NULL,29,3,104),(6415,'asiste',NULL,29,3,105),(6416,'asiste',NULL,29,3,106),(6417,'asiste',NULL,29,3,108),(6418,'asiste',NULL,29,3,109),(6419,'asiste',NULL,29,3,111),(6420,'asiste',NULL,29,3,112),(6421,'asiste',NULL,29,3,115),(6422,'asiste',NULL,29,3,117),(6423,'asiste',NULL,29,3,119),(6424,'asiste',NULL,29,3,122),(6425,'asiste',NULL,29,3,123),(6426,'asiste',NULL,29,3,125),(6427,'asiste',NULL,29,3,126),(6428,'asiste',NULL,29,3,129),(6429,'asiste',NULL,29,3,131),(6430,'asiste',NULL,29,3,133),(6431,'asiste',NULL,29,3,134),(6432,'asiste',NULL,29,3,135),(6433,'asiste',NULL,29,3,137),(6434,'asiste',NULL,29,3,139),(6435,'asiste',NULL,29,3,140),(6436,'asiste',NULL,29,3,141),(6437,'asiste',NULL,29,3,142),(6438,'asiste',NULL,29,3,143),(6439,'disculpa',NULL,29,3,143),(6440,'asiste',NULL,29,3,145),(6441,'asiste',NULL,29,3,146),(6442,'asiste',NULL,29,3,148),(6443,'asiste',NULL,29,3,149),(6444,'asiste',NULL,29,3,152),(6445,'asiste',NULL,29,3,153),(6446,'asiste',NULL,29,3,154),(6447,'asiste',NULL,29,3,155),(6448,'asiste',NULL,29,3,156),(6449,'asiste',NULL,29,3,158),(6450,'asiste',NULL,29,3,159),(6451,'asiste',NULL,29,3,160),(6452,'asiste',NULL,29,3,162),(6453,'asiste',NULL,29,3,163),(6454,'asiste',NULL,29,3,178),(6455,'asiste',NULL,29,3,179),(6456,'asiste',NULL,29,3,190),(6457,'asiste',NULL,29,3,222),(6458,'asiste',NULL,29,3,227),(6459,'asiste',NULL,29,3,233),(6460,'asiste',NULL,29,3,258),(6461,'asiste',NULL,29,3,260),(6462,'asiste',NULL,29,3,263),(6463,'asiste',NULL,29,3,268),(6464,'asiste',NULL,29,3,275),(6465,'asiste',NULL,29,3,277),(6466,'asiste',NULL,29,3,286),(6467,'asiste',NULL,29,3,290),(6468,'asiste',NULL,29,3,291),(6469,'asiste',NULL,29,3,302),(6470,'asiste',NULL,29,3,325),(6471,'asiste',NULL,29,3,327),(6472,'asiste',NULL,29,3,332),(6473,'asiste',NULL,29,3,334),(6474,'asiste',NULL,29,3,340),(6475,'asiste',NULL,29,3,342),(6476,'asiste',NULL,29,3,343),(6477,'asiste',NULL,29,3,344),(6478,'asiste',NULL,29,3,347),(6479,'asiste',NULL,29,3,349),(6480,'asiste',NULL,29,3,351),(6481,'asiste',NULL,29,3,359),(6482,'asiste',NULL,30,1,151),(6483,'asiste',NULL,30,2,82),(6484,'asiste',NULL,30,3,5),(6485,'asiste',NULL,30,3,6),(6486,'asiste',NULL,30,3,7),(6487,'asiste',NULL,30,3,8),(6488,'asiste',NULL,30,3,9),(6489,'asiste',NULL,30,3,10),(6490,'asiste',NULL,30,3,11),(6491,'asiste',NULL,30,3,13),(6492,'asiste',NULL,30,3,14),(6493,'asiste',NULL,30,3,16),(6494,'asiste',NULL,30,3,17),(6495,'asiste',NULL,30,3,19),(6496,'asiste',NULL,30,3,25),(6497,'asiste',NULL,30,3,28),(6498,'asiste',NULL,30,3,29),(6499,'asiste',NULL,30,3,30),(6500,'asiste',NULL,30,3,31),(6501,'asiste',NULL,30,3,34),(6502,'asiste',NULL,30,3,35),(6503,'asiste',NULL,30,3,36),(6504,'asiste',NULL,30,3,38),(6505,'asiste',NULL,30,3,40),(6506,'asiste',NULL,30,3,43),(6507,'asiste',NULL,30,3,45),(6508,'asiste',NULL,30,3,46),(6509,'asiste',NULL,30,3,47),(6510,'asiste',NULL,30,3,49),(6511,'asiste',NULL,30,3,51),(6512,'asiste',NULL,30,3,52),(6513,'asiste',NULL,30,3,54),(6514,'asiste',NULL,30,3,55),(6515,'asiste',NULL,30,3,57),(6516,'falta',NULL,30,3,58),(6517,'asiste',NULL,30,3,60),(6518,'asiste',NULL,30,3,61),(6519,'asiste',NULL,30,3,62),(6520,'asiste',NULL,30,3,63),(6521,'asiste',NULL,30,3,65),(6522,'asiste',NULL,30,3,66),(6523,'asiste',NULL,30,3,67),(6524,'asiste',NULL,30,3,69),(6525,'asiste',NULL,30,3,70),(6526,'asiste',NULL,30,3,71),(6527,'asiste',NULL,30,3,72),(6528,'asiste',NULL,30,3,73),(6529,'asiste',NULL,30,3,76),(6530,'asiste',NULL,30,3,77),(6531,'asiste',NULL,30,3,78),(6532,'asiste',NULL,30,3,80),(6533,'asiste',NULL,30,3,81),(6534,'asiste',NULL,30,3,83),(6535,'asiste',NULL,30,3,85),(6536,'asiste',NULL,30,3,86),(6537,'asiste',NULL,30,3,87),(6538,'asiste',NULL,30,3,88),(6539,'asiste',NULL,30,3,89),(6540,'asiste',NULL,30,3,92),(6541,'asiste',NULL,30,3,93),(6542,'asiste',NULL,30,3,96),(6543,'asiste',NULL,30,3,97),(6544,'asiste',NULL,30,3,99),(6545,'asiste',NULL,30,3,101),(6546,'asiste',NULL,30,3,102),(6547,'asiste',NULL,30,3,104),(6548,'asiste',NULL,30,3,105),(6549,'asiste',NULL,30,3,106),(6550,'asiste',NULL,30,3,108),(6551,'asiste',NULL,30,3,109),(6552,'asiste',NULL,30,3,111),(6553,'asiste',NULL,30,3,112),(6554,'asiste',NULL,30,3,113),(6555,'asiste',NULL,30,3,115),(6556,'asiste',NULL,30,3,117),(6557,'asiste',NULL,30,3,119),(6558,'asiste',NULL,30,3,122),(6559,'asiste',NULL,30,3,125),(6560,'asiste',NULL,30,3,126),(6561,'asiste',NULL,30,3,133),(6562,'asiste',NULL,30,3,135),(6563,'asiste',NULL,30,3,136),(6564,'asiste',NULL,30,3,139),(6565,'asiste',NULL,30,3,141),(6566,'asiste',NULL,30,3,142),(6567,'asiste',NULL,30,3,143),(6568,'asiste',NULL,30,3,145),(6569,'asiste',NULL,30,3,146),(6570,'asiste',NULL,30,3,148),(6571,'asiste',NULL,30,3,149),(6572,'asiste',NULL,30,3,152),(6573,'asiste',NULL,30,3,154),(6574,'asiste',NULL,30,3,155),(6575,'asiste',NULL,30,3,156),(6576,'asiste',NULL,30,3,157),(6577,'asiste',NULL,30,3,159),(6578,'asiste',NULL,30,3,160),(6579,'asiste',NULL,30,3,162),(6580,'asiste',NULL,30,3,163),(6581,'asiste',NULL,30,3,165),(6582,'asiste',NULL,30,3,166),(6583,'asiste',NULL,30,3,178),(6584,'asiste',NULL,30,3,179),(6585,'asiste',NULL,30,3,190),(6586,'asiste',NULL,30,3,222),(6587,'asiste',NULL,30,3,227),(6588,'asiste',NULL,30,3,233),(6589,'asiste',NULL,30,3,258),(6590,'asiste',NULL,30,3,260),(6591,'asiste',NULL,30,3,263),(6592,'asiste',NULL,30,3,264),(6593,'asiste',NULL,30,3,268),(6594,'asiste',NULL,30,3,269),(6595,'asiste',NULL,30,3,277),(6596,'asiste',NULL,30,3,278),(6597,'asiste',NULL,30,3,290),(6598,'asiste',NULL,30,3,291),(6599,'asiste',NULL,30,3,302),(6600,'asiste',NULL,30,3,318),(6601,'asiste',NULL,30,3,323),(6602,'asiste',NULL,30,3,325),(6603,'asiste',NULL,30,3,327),(6604,'asiste',NULL,30,3,332),(6605,'asiste',NULL,30,3,340),(6606,'asiste',NULL,30,3,342),(6607,'asiste',NULL,30,3,343),(6608,'asiste',NULL,30,3,344),(6609,'asiste',NULL,30,3,347),(6610,'asiste',NULL,30,3,349),(6611,'asiste',NULL,30,3,351),(6612,'asiste',NULL,30,3,353),(6613,'asiste',NULL,30,3,356),(6614,'asiste',NULL,30,3,359),(6615,'asiste',NULL,31,1,151),(6616,'asiste',NULL,31,2,82),(6617,'asiste',NULL,31,3,5),(6618,'asiste',NULL,31,3,6),(6619,'asiste',NULL,31,3,7),(6620,'asiste',NULL,31,3,8),(6621,'asiste',NULL,31,3,9),(6622,'asiste',NULL,31,3,10),(6623,'asiste',NULL,31,3,11),(6624,'asiste',NULL,31,3,12),(6625,'asiste',NULL,31,3,13),(6626,'asiste',NULL,31,3,16),(6627,'asiste',NULL,31,3,17),(6628,'asiste',NULL,31,3,19),(6629,'asiste',NULL,31,3,25),(6630,'asiste',NULL,31,3,28),(6631,'asiste',NULL,31,3,29),(6632,'asiste',NULL,31,3,30),(6633,'asiste',NULL,31,3,31),(6634,'asiste',NULL,31,3,33),(6635,'disculpa',NULL,31,3,34),(6636,'disculpa',NULL,31,3,35),(6637,'asiste',NULL,31,3,36),(6638,'asiste',NULL,31,3,40),(6639,'asiste',NULL,31,3,41),(6640,'asiste',NULL,31,3,43),(6641,'asiste',NULL,31,3,45),(6642,'asiste',NULL,31,3,46),(6643,'asiste',NULL,31,3,47),(6644,'asiste',NULL,31,3,49),(6645,'asiste',NULL,31,3,51),(6646,'asiste',NULL,31,3,52),(6647,'asiste',NULL,31,3,54),(6648,'asiste',NULL,31,3,55),(6649,'asiste',NULL,31,3,57),(6650,'asiste',NULL,31,3,58),(6651,'asiste',NULL,31,3,60),(6652,'asiste',NULL,31,3,61),(6653,'asiste',NULL,31,3,62),(6654,'asiste',NULL,31,3,63),(6655,'asiste',NULL,31,3,65),(6656,'asiste',NULL,31,3,66),(6657,'asiste',NULL,31,3,67),(6658,'asiste',NULL,31,3,69),(6659,'asiste',NULL,31,3,71),(6660,'asiste',NULL,31,3,72),(6661,'asiste',NULL,31,3,73),(6662,'asiste',NULL,31,3,76),(6663,'asiste',NULL,31,3,77),(6664,'asiste',NULL,31,3,78),(6665,'asiste',NULL,31,3,79),(6666,'asiste',NULL,31,3,80),(6667,'asiste',NULL,31,3,83),(6668,'asiste',NULL,31,3,85),(6669,'asiste',NULL,31,3,87),(6670,'falta',NULL,31,3,88),(6671,'asiste',NULL,31,3,92),(6672,'asiste',NULL,31,3,93),(6673,'asiste',NULL,31,3,96),(6674,'asiste',NULL,31,3,97),(6675,'asiste',NULL,31,3,99),(6676,'asiste',NULL,31,3,101),(6677,'asiste',NULL,31,3,102),(6678,'asiste',NULL,31,3,104),(6679,'asiste',NULL,31,3,105),(6680,'asiste',NULL,31,3,106),(6681,'asiste',NULL,31,3,108),(6682,'asiste',NULL,31,3,109),(6683,'asiste',NULL,31,3,111),(6684,'asiste',NULL,31,3,112),(6685,'asiste',NULL,31,3,113),(6686,'asiste',NULL,31,3,115),(6687,'asiste',NULL,31,3,117),(6688,'asiste',NULL,31,3,119),(6689,'asiste',NULL,31,3,122),(6690,'asiste',NULL,31,3,123),(6691,'asiste',NULL,31,3,125),(6692,'asiste',NULL,31,3,126),(6693,'asiste',NULL,31,3,129),(6694,'asiste',NULL,31,3,133),(6695,'asiste',NULL,31,3,135),(6696,'asiste',NULL,31,3,136),(6697,'asiste',NULL,31,3,137),(6698,'asiste',NULL,31,3,139),(6699,'asiste',NULL,31,3,141),(6700,'asiste',NULL,31,3,143),(6701,'asiste',NULL,31,3,145),(6702,'asiste',NULL,31,3,146),(6703,'asiste',NULL,31,3,147),(6704,'asiste',NULL,31,3,148),(6705,'asiste',NULL,31,3,149),(6706,'asiste',NULL,31,3,152),(6707,'asiste',NULL,31,3,153),(6708,'asiste',NULL,31,3,154),(6709,'asiste',NULL,31,3,155),(6710,'asiste',NULL,31,3,156),(6711,'asiste',NULL,31,3,157),(6712,'asiste',NULL,31,3,160),(6713,'asiste',NULL,31,3,162),(6714,'asiste',NULL,31,3,163),(6715,'asiste',NULL,31,3,166),(6716,'asiste',NULL,31,3,179),(6717,'asiste',NULL,31,3,190),(6718,'asiste',NULL,31,3,222),(6719,'asiste',NULL,31,3,227),(6720,'asiste',NULL,31,3,258),(6721,'asiste',NULL,31,3,263),(6722,'asiste',NULL,31,3,264),(6723,'asiste',NULL,31,3,268),(6724,'asiste',NULL,31,3,269),(6725,'asiste',NULL,31,3,273),(6726,'asiste',NULL,31,3,277),(6727,'asiste',NULL,31,3,278),(6728,'asiste',NULL,31,3,290),(6729,'asiste',NULL,31,3,291),(6730,'asiste',NULL,31,3,302),(6731,'asiste',NULL,31,3,309),(6732,'asiste',NULL,31,3,318),(6733,'asiste',NULL,31,3,325),(6734,'asiste',NULL,31,3,327),(6735,'asiste',NULL,31,3,340),(6736,'asiste',NULL,31,3,342),(6737,'asiste',NULL,31,3,343),(6738,'asiste',NULL,31,3,344),(6739,'asiste',NULL,31,3,349),(6740,'asiste',NULL,31,3,351),(6741,'asiste',NULL,31,3,353),(6742,'asiste',NULL,31,3,356),(6743,'asiste',NULL,32,1,151),(6744,'asiste',NULL,32,2,82),(6745,'asiste',NULL,32,3,5),(6746,'asiste',NULL,32,3,6),(6747,'asiste',NULL,32,3,7),(6748,'asiste',NULL,32,3,8),(6749,'asiste',NULL,32,3,9),(6750,'asiste',NULL,32,3,10),(6751,'asiste',NULL,32,3,11),(6752,'asiste',NULL,32,3,12),(6753,'asiste',NULL,32,3,13),(6754,'asiste',NULL,32,3,14),(6755,'asiste',NULL,32,3,16),(6756,'asiste',NULL,32,3,17),(6757,'asiste',NULL,32,3,19),(6758,'asiste',NULL,32,3,25),(6759,'asiste',NULL,32,3,28),(6760,'asiste',NULL,32,3,29),(6761,'asiste',NULL,32,3,30),(6762,'asiste',NULL,32,3,31),(6763,'asiste',NULL,32,3,33),(6764,'disculpa',NULL,32,3,35),(6765,'asiste',NULL,32,3,36),(6766,'asiste',NULL,32,3,38),(6767,'asiste',NULL,32,3,40),(6768,'asiste',NULL,32,3,41),(6769,'asiste',NULL,32,3,43),(6770,'asiste',NULL,32,3,45),(6771,'asiste',NULL,32,3,46),(6772,'asiste',NULL,32,3,49),(6773,'asiste',NULL,32,3,51),(6774,'asiste',NULL,32,3,52),(6775,'asiste',NULL,32,3,54),(6776,'asiste',NULL,32,3,57),(6777,'asiste',NULL,32,3,58),(6778,'asiste',NULL,32,3,60),(6779,'asiste',NULL,32,3,61),(6780,'asiste',NULL,32,3,65),(6781,'asiste',NULL,32,3,66),(6782,'asiste',NULL,32,3,67),(6783,'asiste',NULL,32,3,68),(6784,'asiste',NULL,32,3,69),(6785,'asiste',NULL,32,3,70),(6786,'asiste',NULL,32,3,71),(6787,'asiste',NULL,32,3,72),(6788,'asiste',NULL,32,3,73),(6789,'asiste',NULL,32,3,76),(6790,'asiste',NULL,32,3,77),(6791,'asiste',NULL,32,3,78),(6792,'asiste',NULL,32,3,79),(6793,'asiste',NULL,32,3,80),(6794,'asiste',NULL,32,3,81),(6795,'asiste',NULL,32,3,83),(6796,'asiste',NULL,32,3,85),(6797,'asiste',NULL,32,3,86),(6798,'asiste',NULL,32,3,87),(6799,'falta',NULL,32,3,88),(6800,'asiste',NULL,32,3,89),(6801,'asiste',NULL,32,3,93),(6802,'asiste',NULL,32,3,96),(6803,'asiste',NULL,32,3,97),(6804,'asiste',NULL,32,3,99),(6805,'asiste',NULL,32,3,101),(6806,'asiste',NULL,32,3,102),(6807,'asiste',NULL,32,3,104),(6808,'asiste',NULL,32,3,105),(6809,'asiste',NULL,32,3,106),(6810,'asiste',NULL,32,3,108),(6811,'asiste',NULL,32,3,109),(6812,'asiste',NULL,32,3,111),(6813,'asiste',NULL,32,3,112),(6814,'asiste',NULL,32,3,113),(6815,'asiste',NULL,32,3,115),(6816,'asiste',NULL,32,3,117),(6817,'asiste',NULL,32,3,119),(6818,'asiste',NULL,32,3,122),(6819,'asiste',NULL,32,3,123),(6820,'asiste',NULL,32,3,125),(6821,'asiste',NULL,32,3,129),(6822,'asiste',NULL,32,3,131),(6823,'asiste',NULL,32,3,133),(6824,'asiste',NULL,32,3,135),(6825,'asiste',NULL,32,3,136),(6826,'asiste',NULL,32,3,139),(6827,'asiste',NULL,32,3,141),(6828,'asiste',NULL,32,3,143),(6829,'asiste',NULL,32,3,145),(6830,'asiste',NULL,32,3,146),(6831,'asiste',NULL,32,3,147),(6832,'asiste',NULL,32,3,148),(6833,'asiste',NULL,32,3,149),(6834,'asiste',NULL,32,3,152),(6835,'asiste',NULL,32,3,153),(6836,'asiste',NULL,32,3,154),(6837,'asiste',NULL,32,3,155),(6838,'asiste',NULL,32,3,156),(6839,'asiste',NULL,32,3,157),(6840,'asiste',NULL,32,3,159),(6841,'asiste',NULL,32,3,160),(6842,'asiste',NULL,32,3,162),(6843,'asiste',NULL,32,3,163),(6844,'asiste',NULL,32,3,166),(6845,'asiste',NULL,32,3,179),(6846,'asiste',NULL,32,3,188),(6847,'asiste',NULL,32,3,190),(6848,'asiste',NULL,32,3,222),(6849,'asiste',NULL,32,3,258),(6850,'asiste',NULL,32,3,263),(6851,'asiste',NULL,32,3,264),(6852,'asiste',NULL,32,3,269),(6853,'asiste',NULL,32,3,277),(6854,'asiste',NULL,32,3,278),(6855,'asiste',NULL,32,3,290),(6856,'asiste',NULL,32,3,291),(6857,'asiste',NULL,32,3,302),(6858,'asiste',NULL,32,3,309),(6859,'asiste',NULL,32,3,318),(6860,'asiste',NULL,32,3,325),(6861,'asiste',NULL,32,3,332),(6862,'asiste',NULL,32,3,340),(6863,'asiste',NULL,32,3,342),(6864,'asiste',NULL,32,3,343),(6865,'asiste',NULL,32,3,344),(6866,'asiste',NULL,32,3,349),(6867,'asiste',NULL,32,3,350),(6868,'asiste',NULL,32,3,353),(6869,'asiste',NULL,32,3,356),(6870,'asiste',NULL,33,1,151),(6871,'asiste',NULL,33,2,82),(6872,'asiste',NULL,33,2,82),(6873,'asiste',NULL,33,3,5),(6874,'asiste',NULL,33,3,6),(6875,'asiste',NULL,33,3,7),(6876,'asiste',NULL,33,3,8),(6877,'asiste',NULL,33,3,9),(6878,'asiste',NULL,33,3,10),(6879,'asiste',NULL,33,3,11),(6880,'asiste',NULL,33,3,12),(6881,'asiste',NULL,33,3,13),(6882,'asiste',NULL,33,3,14),(6883,'asiste',NULL,33,3,16),(6884,'asiste',NULL,33,3,19),(6885,'asiste',NULL,33,3,25),(6886,'asiste',NULL,33,3,28),(6887,'asiste',NULL,33,3,29),(6888,'asiste',NULL,33,3,31),(6889,'asiste',NULL,33,3,33),(6890,'asiste',NULL,33,3,34),(6891,'asiste',NULL,33,3,35),(6892,'asiste',NULL,33,3,36),(6893,'disculpa',NULL,33,3,38),(6894,'disculpa',NULL,33,3,41),(6895,'disculpa',NULL,33,3,43),(6896,'disculpa',NULL,33,3,46),(6897,'asiste',NULL,33,3,47),(6898,'asiste',NULL,33,3,49),(6899,'asiste',NULL,33,3,51),(6900,'asiste',NULL,33,3,52),(6901,'asiste',NULL,33,3,54),(6902,'asiste',NULL,33,3,55),(6903,'asiste',NULL,33,3,57),(6904,'asiste',NULL,33,3,58),(6905,'asiste',NULL,33,3,59),(6906,'asiste',NULL,33,3,60),(6907,'asiste',NULL,33,3,61),(6908,'asiste',NULL,33,3,65),(6909,'asiste',NULL,33,3,66),(6910,'asiste',NULL,33,3,67),(6911,'asiste',NULL,33,3,68),(6912,'asiste',NULL,33,3,70),(6913,'asiste',NULL,33,3,71),(6914,'asiste',NULL,33,3,72),(6915,'asiste',NULL,33,3,73),(6916,'asiste',NULL,33,3,76),(6917,'asiste',NULL,33,3,77),(6918,'asiste',NULL,33,3,78),(6919,'disculpa',NULL,33,3,81),(6920,'asiste',NULL,33,3,83),(6921,'asiste',NULL,33,3,85),(6922,'asiste',NULL,33,3,87),(6923,'falta',NULL,33,3,88),(6924,'asiste',NULL,33,3,92),(6925,'asiste',NULL,33,3,93),(6926,'asiste',NULL,33,3,96),(6927,'asiste',NULL,33,3,97),(6928,'asiste',NULL,33,3,99),(6929,'asiste',NULL,33,3,102),(6930,'asiste',NULL,33,3,105),(6931,'asiste',NULL,33,3,106),(6932,'asiste',NULL,33,3,108),(6933,'asiste',NULL,33,3,109),(6934,'asiste',NULL,33,3,111),(6935,'asiste',NULL,33,3,113),(6936,'asiste',NULL,33,3,115),(6937,'asiste',NULL,33,3,117),(6938,'asiste',NULL,33,3,119),(6939,'asiste',NULL,33,3,122),(6940,'asiste',NULL,33,3,123),(6941,'asiste',NULL,33,3,125),(6942,'asiste',NULL,33,3,126),(6943,'asiste',NULL,33,3,131),(6944,'asiste',NULL,33,3,135),(6945,'asiste',NULL,33,3,137),(6946,'asiste',NULL,33,3,139),(6947,'asiste',NULL,33,3,140),(6948,'asiste',NULL,33,3,141),(6949,'asiste',NULL,33,3,143),(6950,'asiste',NULL,33,3,145),(6951,'asiste',NULL,33,3,146),(6952,'asiste',NULL,33,3,148),(6953,'asiste',NULL,33,3,149),(6954,'asiste',NULL,33,3,152),(6955,'asiste',NULL,33,3,154),(6956,'asiste',NULL,33,3,155),(6957,'asiste',NULL,33,3,156),(6958,'asiste',NULL,33,3,157),(6959,'asiste',NULL,33,3,158),(6960,'asiste',NULL,33,3,159),(6961,'asiste',NULL,33,3,160),(6962,'asiste',NULL,33,3,163),(6963,'asiste',NULL,33,3,166),(6964,'asiste',NULL,33,3,178),(6965,'asiste',NULL,33,3,188),(6966,'asiste',NULL,33,3,190),(6967,'asiste',NULL,33,3,220),(6968,'asiste',NULL,33,3,227),(6969,'asiste',NULL,33,3,260),(6970,'asiste',NULL,33,3,263),(6971,'asiste',NULL,33,3,264),(6972,'asiste',NULL,33,3,268),(6973,'asiste',NULL,33,3,271),(6974,'asiste',NULL,33,3,277),(6975,'asiste',NULL,33,3,278),(6976,'asiste',NULL,33,3,286),(6977,'asiste',NULL,33,3,291),(6978,'asiste',NULL,33,3,312),(6979,'asiste',NULL,33,3,318),(6980,'asiste',NULL,33,3,319),(6981,'asiste',NULL,33,3,325),(6982,'asiste',NULL,33,3,332),(6983,'asiste',NULL,33,3,334),(6984,'asiste',NULL,33,3,343),(6985,'asiste',NULL,33,3,344),(6986,'asiste',NULL,33,3,350),(6987,'asiste',NULL,33,3,351),(6988,'asiste',NULL,33,3,359),(6989,'asiste',NULL,34,1,151),(6990,'asiste',NULL,34,2,82),(6991,'asiste',NULL,34,2,82),(6992,'asiste',NULL,34,3,5),(6993,'asiste',NULL,34,3,6),(6994,'asiste',NULL,34,3,8),(6995,'asiste',NULL,34,3,9),(6996,'disculpa',NULL,34,3,10),(6997,'asiste',NULL,34,3,12),(6998,'asiste',NULL,34,3,13),(6999,'asiste',NULL,34,3,14),(7000,'asiste',NULL,34,3,16),(7001,'disculpa',NULL,34,3,19),(7002,'asiste',NULL,34,3,28),(7003,'asiste',NULL,34,3,30),(7004,'asiste',NULL,34,3,31),(7005,'asiste',NULL,34,3,34),(7006,'asiste',NULL,34,3,35),(7007,'asiste',NULL,34,3,36),(7008,'disculpa',NULL,34,3,38),(7009,'asiste',NULL,34,3,41),(7010,'disculpa',NULL,34,3,43),(7011,'asiste',NULL,34,3,45),(7012,'asiste',NULL,34,3,46),(7013,'asiste',NULL,34,3,47),(7014,'asiste',NULL,34,3,49),(7015,'asiste',NULL,34,3,51),(7016,'asiste',NULL,34,3,54),(7017,'asiste',NULL,34,3,57),(7018,'asiste',NULL,34,3,58),(7019,'asiste',NULL,34,3,60),(7020,'asiste',NULL,34,3,61),(7021,'asiste',NULL,34,3,63),(7022,'asiste',NULL,34,3,65),(7023,'asiste',NULL,34,3,66),(7024,'asiste',NULL,34,3,68),(7025,'asiste',NULL,34,3,70),(7026,'asiste',NULL,34,3,71),(7027,'asiste',NULL,34,3,72),(7028,'asiste',NULL,34,3,73),(7029,'asiste',NULL,34,3,76),(7030,'asiste',NULL,34,3,77),(7031,'asiste',NULL,34,3,78),(7032,'asiste',NULL,34,3,79),(7033,'asiste',NULL,34,3,80),(7034,'asiste',NULL,34,3,83),(7035,'asiste',NULL,34,3,85),(7036,'asiste',NULL,34,3,86),(7037,'asiste',NULL,34,3,87),(7038,'asiste',NULL,34,3,88),(7039,'asiste',NULL,34,3,93),(7040,'asiste',NULL,34,3,95),(7041,'asiste',NULL,34,3,96),(7042,'disculpa',NULL,34,3,97),(7043,'asiste',NULL,34,3,99),(7044,'asiste',NULL,34,3,101),(7045,'asiste',NULL,34,3,102),(7046,'asiste',NULL,34,3,104),(7047,'asiste',NULL,34,3,105),(7048,'disculpa',NULL,34,3,105),(7049,'asiste',NULL,34,3,108),(7050,'asiste',NULL,34,3,109),(7051,'asiste',NULL,34,3,111),(7052,'asiste',NULL,34,3,113),(7053,'disculpa',NULL,34,3,115),(7054,'asiste',NULL,34,3,117),(7055,'asiste',NULL,34,3,122),(7056,'asiste',NULL,34,3,123),(7057,'asiste',NULL,34,3,126),(7058,'asiste',NULL,34,3,129),(7059,'asiste',NULL,34,3,131),(7060,'asiste',NULL,34,3,135),(7061,'asiste',NULL,34,3,137),(7062,'asiste',NULL,34,3,139),(7063,'asiste',NULL,34,3,140),(7064,'asiste',NULL,34,3,141),(7065,'asiste',NULL,34,3,142),(7066,'asiste',NULL,34,3,143),(7067,'asiste',NULL,34,3,145),(7068,'asiste',NULL,34,3,146),(7069,'asiste',NULL,34,3,147),(7070,'asiste',NULL,34,3,148),(7071,'asiste',NULL,34,3,149),(7072,'asiste',NULL,34,3,152),(7073,'asiste',NULL,34,3,154),(7074,'asiste',NULL,34,3,155),(7075,'asiste',NULL,34,3,160),(7076,'asiste',NULL,34,3,163),(7077,'asiste',NULL,34,3,166),(7078,'asiste',NULL,34,3,178),(7079,'asiste',NULL,34,3,190),(7080,'asiste',NULL,34,3,222),(7081,'asiste',NULL,34,3,258),(7082,'asiste',NULL,34,3,260),(7083,'asiste',NULL,34,3,263),(7084,'asiste',NULL,34,3,264),(7085,'asiste',NULL,34,3,277),(7086,'asiste',NULL,34,3,291),(7087,'asiste',NULL,34,3,325),(7088,'asiste',NULL,34,3,327),(7089,'asiste',NULL,34,3,332),(7090,'asiste',NULL,34,3,335),(7091,'asiste',NULL,34,3,342),(7092,'asiste',NULL,34,3,343),(7093,'asiste',NULL,34,3,344),(7094,'disculpa',NULL,34,3,350),(7095,'asiste',NULL,34,3,351),(7096,'asiste',NULL,34,3,359),(7097,'asiste',NULL,35,1,151),(7098,'asiste',NULL,35,1,151),(7099,'asiste',NULL,35,2,82),(7100,'asiste',NULL,35,2,82),(7101,'asiste',NULL,35,3,5),(7102,'asiste',NULL,35,3,6),(7103,'asiste',NULL,35,3,8),(7104,'asiste',NULL,35,3,9),(7105,'asiste',NULL,35,3,10),(7106,'asiste',NULL,35,3,11),(7107,'asiste',NULL,35,3,12),(7108,'asiste',NULL,35,3,13),(7109,'asiste',NULL,35,3,14),(7110,'asiste',NULL,35,3,16),(7111,'asiste',NULL,35,3,17),(7112,'asiste',NULL,35,3,18),(7113,'asiste',NULL,35,3,19),(7114,'asiste',NULL,35,3,25),(7115,'asiste',NULL,35,3,28),(7116,'asiste',NULL,35,3,29),(7117,'asiste',NULL,35,3,31),(7118,'asiste',NULL,35,3,34),(7119,'asiste',NULL,35,3,35),(7120,'asiste',NULL,35,3,36),(7121,'disculpa',NULL,35,3,38),(7122,'asiste',NULL,35,3,40),(7123,'asiste',NULL,35,3,41),(7124,'asiste',NULL,35,3,43),(7125,'disculpa',NULL,35,3,44),(7126,'asiste',NULL,35,3,45),(7127,'asiste',NULL,35,3,47),(7128,'asiste',NULL,35,3,49),(7129,'asiste',NULL,35,3,51),(7130,'asiste',NULL,35,3,55),(7131,'disculpa',NULL,35,3,57),(7132,'asiste',NULL,35,3,58),(7133,'asiste',NULL,35,3,60),(7134,'asiste',NULL,35,3,61),(7135,'asiste',NULL,35,3,63),(7136,'asiste',NULL,35,3,65),(7137,'asiste',NULL,35,3,66),(7138,'asiste',NULL,35,3,68),(7139,'asiste',NULL,35,3,69),(7140,'asiste',NULL,35,3,71),(7141,'asiste',NULL,35,3,72),(7142,'disculpa',NULL,35,3,76),(7143,'asiste',NULL,35,3,77),(7144,'asiste',NULL,35,3,79),(7145,'asiste',NULL,35,3,80),(7146,'asiste',NULL,35,3,81),(7147,'asiste',NULL,35,3,83),(7148,'asiste',NULL,35,3,85),(7149,'asiste',NULL,35,3,86),(7150,'asiste',NULL,35,3,87),(7151,'asiste',NULL,35,3,88),(7152,'asiste',NULL,35,3,89),(7153,'asiste',NULL,35,3,91),(7154,'asiste',NULL,35,3,92),(7155,'asiste',NULL,35,3,93),(7156,'asiste',NULL,35,3,95),(7157,'asiste',NULL,35,3,96),(7158,'asiste',NULL,35,3,97),(7159,'asiste',NULL,35,3,99),(7160,'asiste',NULL,35,3,101),(7161,'asiste',NULL,35,3,102),(7162,'asiste',NULL,35,3,106),(7163,'asiste',NULL,35,3,108),(7164,'asiste',NULL,35,3,109),(7165,'asiste',NULL,35,3,111),(7166,'asiste',NULL,35,3,113),(7167,'asiste',NULL,35,3,115),(7168,'asiste',NULL,35,3,117),(7169,'asiste',NULL,35,3,119),(7170,'asiste',NULL,35,3,122),(7171,'asiste',NULL,35,3,123),(7172,'asiste',NULL,35,3,125),(7173,'asiste',NULL,35,3,126),(7174,'asiste',NULL,35,3,129),(7175,'asiste',NULL,35,3,131),(7176,'asiste',NULL,35,3,133),(7177,'asiste',NULL,35,3,134),(7178,'asiste',NULL,35,3,135),(7179,'asiste',NULL,35,3,136),(7180,'asiste',NULL,35,3,137),(7181,'asiste',NULL,35,3,138),(7182,'asiste',NULL,35,3,139),(7183,'asiste',NULL,35,3,140),(7184,'asiste',NULL,35,3,141),(7185,'asiste',NULL,35,3,142),(7186,'disculpa',NULL,35,3,143),(7187,'asiste',NULL,35,3,145),(7188,'asiste',NULL,35,3,148),(7189,'asiste',NULL,35,3,149),(7190,'asiste',NULL,35,3,152),(7191,'asiste',NULL,35,3,154),(7192,'asiste',NULL,35,3,155),(7193,'asiste',NULL,35,3,160),(7194,'asiste',NULL,35,3,163),(7195,'asiste',NULL,35,3,166),(7196,'asiste',NULL,35,3,178),(7197,'asiste',NULL,35,3,188),(7198,'asiste',NULL,35,3,190),(7199,'asiste',NULL,35,3,233),(7200,'asiste',NULL,35,3,258),(7201,'asiste',NULL,35,3,268),(7202,'asiste',NULL,35,3,273),(7203,'asiste',NULL,35,3,274),(7204,'asiste',NULL,35,3,277),(7205,'asiste',NULL,35,3,278),(7206,'disculpa',NULL,35,3,290),(7207,'disculpa',NULL,35,3,309),(7208,'asiste',NULL,35,3,318),(7209,'asiste',NULL,35,3,325),(7210,'asiste',NULL,35,3,327),(7211,'asiste',NULL,35,3,342),(7212,'asiste',NULL,35,3,343),(7213,'asiste',NULL,35,3,344),(7214,'asiste',NULL,35,3,349),(7215,'asiste',NULL,35,3,350),(7216,'asiste',NULL,35,3,351),(7217,'asiste',NULL,35,3,359),(7218,'asiste',NULL,36,1,151),(7219,'asiste',NULL,36,1,151),(7220,'asiste',NULL,36,2,82),(7221,'asiste',NULL,36,2,82),(7222,'asiste',NULL,36,3,5),(7223,'asiste',NULL,36,3,6),(7224,'asiste',NULL,36,3,7),(7225,'asiste',NULL,36,3,8),(7226,'asiste',NULL,36,3,9),(7227,'asiste',NULL,36,3,10),(7228,'asiste',NULL,36,3,11),(7229,'asiste',NULL,36,3,12),(7230,'asiste',NULL,36,3,13),(7231,'asiste',NULL,36,3,14),(7232,'asiste',NULL,36,3,16),(7233,'asiste',NULL,36,3,17),(7234,'asiste',NULL,36,3,18),(7235,'asiste',NULL,36,3,19),(7236,'asiste',NULL,36,3,23),(7237,'asiste',NULL,36,3,25),(7238,'asiste',NULL,36,3,28),(7239,'asiste',NULL,36,3,29),(7240,'asiste',NULL,36,3,30),(7241,'asiste',NULL,36,3,31),(7242,'asiste',NULL,36,3,33),(7243,'asiste',NULL,36,3,34),(7244,'asiste',NULL,36,3,35),(7245,'asiste',NULL,36,3,36),(7246,'asiste',NULL,36,3,38),(7247,'asiste',NULL,36,3,40),(7248,'asiste',NULL,36,3,41),(7249,'asiste',NULL,36,3,43),(7250,'asiste',NULL,36,3,44),(7251,'asiste',NULL,36,3,45),(7252,'asiste',NULL,36,3,46),(7253,'asiste',NULL,36,3,47),(7254,'asiste',NULL,36,3,49),(7255,'asiste',NULL,36,3,51),(7256,'asiste',NULL,36,3,52),(7257,'asiste',NULL,36,3,55),(7258,'asiste',NULL,36,3,57),(7259,'asiste',NULL,36,3,58),(7260,'asiste',NULL,36,3,60),(7261,'asiste',NULL,36,3,61),(7262,'asiste',NULL,36,3,62),(7263,'asiste',NULL,36,3,65),(7264,'asiste',NULL,36,3,66),(7265,'asiste',NULL,36,3,67),(7266,'asiste',NULL,36,3,68),(7267,'asiste',NULL,36,3,69),(7268,'asiste',NULL,36,3,70),(7269,'asiste',NULL,36,3,71),(7270,'asiste',NULL,36,3,72),(7271,'asiste',NULL,36,3,73),(7272,'asiste',NULL,36,3,74),(7273,'asiste',NULL,36,3,75),(7274,'asiste',NULL,36,3,76),(7275,'asiste',NULL,36,3,77),(7276,'asiste',NULL,36,3,78),(7277,'asiste',NULL,36,3,80),(7278,'asiste',NULL,36,3,81),(7279,'asiste',NULL,36,3,81),(7280,'asiste',NULL,36,3,83),(7281,'asiste',NULL,36,3,85),(7282,'asiste',NULL,36,3,86),(7283,'asiste',NULL,36,3,87),(7284,'falta',NULL,36,3,88),(7285,'disculpa',NULL,36,3,91),(7286,'asiste',NULL,36,3,92),(7287,'asiste',NULL,36,3,93),(7288,'asiste',NULL,36,3,95),(7289,'asiste',NULL,36,3,96),(7290,'asiste',NULL,36,3,97),(7291,'asiste',NULL,36,3,99),(7292,'asiste',NULL,36,3,101),(7293,'asiste',NULL,36,3,102),(7294,'asiste',NULL,36,3,104),(7295,'asiste',NULL,36,3,105),(7296,'asiste',NULL,36,3,106),(7297,'asiste',NULL,36,3,107),(7298,'asiste',NULL,36,3,108),(7299,'asiste',NULL,36,3,109),(7300,'asiste',NULL,36,3,110),(7301,'asiste',NULL,36,3,111),(7302,'asiste',NULL,36,3,112),(7303,'asiste',NULL,36,3,113),(7304,'asiste',NULL,36,3,114),(7305,'asiste',NULL,36,3,115),(7306,'asiste',NULL,36,3,116),(7307,'disculpa',NULL,36,3,119),(7308,'asiste',NULL,36,3,122),(7309,'asiste',NULL,36,3,123),(7310,'asiste',NULL,36,3,125),(7311,'asiste',NULL,36,3,129),(7312,'asiste',NULL,36,3,131),(7313,'asiste',NULL,36,3,132),(7314,'asiste',NULL,36,3,133),(7315,'asiste',NULL,36,3,134),(7316,'asiste',NULL,36,3,138),(7317,'asiste',NULL,36,3,139),(7318,'asiste',NULL,36,3,140),(7319,'asiste',NULL,36,3,141),(7320,'asiste',NULL,36,3,142),(7321,'asiste',NULL,36,3,143),(7322,'asiste',NULL,36,3,145),(7323,'asiste',NULL,36,3,146),(7324,'asiste',NULL,36,3,147),(7325,'asiste',NULL,36,3,148),(7326,'asiste',NULL,36,3,149),(7327,'asiste',NULL,36,3,150),(7328,'asiste',NULL,36,3,152),(7329,'asiste',NULL,36,3,153),(7330,'asiste',NULL,36,3,154),(7331,'asiste',NULL,36,3,155),(7332,'asiste',NULL,36,3,156),(7333,'asiste',NULL,36,3,157),(7334,'asiste',NULL,36,3,159),(7335,'asiste',NULL,36,3,160),(7336,'asiste',NULL,36,3,162),(7337,'asiste',NULL,36,3,163),(7338,'asiste',NULL,36,3,164),(7339,'asiste',NULL,36,3,166),(7340,'asiste',NULL,36,3,168),(7341,'asiste',NULL,36,3,170),(7342,'asiste',NULL,36,3,174),(7343,'asiste',NULL,36,3,178),(7344,'asiste',NULL,36,3,179),(7345,'asiste',NULL,36,3,187),(7346,'asiste',NULL,36,3,188),(7347,'asiste',NULL,36,3,189),(7348,'asiste',NULL,36,3,190),(7349,'asiste',NULL,36,3,195),(7350,'asiste',NULL,36,3,196),(7351,'asiste',NULL,36,3,197),(7352,'asiste',NULL,36,3,199),(7353,'asiste',NULL,36,3,205),(7354,'asiste',NULL,36,3,214),(7355,'asiste',NULL,36,3,215),(7356,'asiste',NULL,36,3,219),(7357,'asiste',NULL,36,3,220),(7358,'asiste',NULL,36,3,221),(7359,'asiste',NULL,36,3,223),(7360,'asiste',NULL,36,3,227),(7361,'asiste',NULL,36,3,233),(7362,'asiste',NULL,36,3,236),(7363,'asiste',NULL,36,3,255),(7364,'asiste',NULL,36,3,258),(7365,'asiste',NULL,36,3,260),(7366,'asiste',NULL,36,3,268),(7367,'asiste',NULL,36,3,271),(7368,'asiste',NULL,36,3,273),(7369,'asiste',NULL,36,3,274),(7370,'asiste',NULL,36,3,277),(7371,'asiste',NULL,36,3,280),(7372,'asiste',NULL,36,3,308),(7373,'asiste',NULL,36,3,311),(7374,'asiste',NULL,36,3,314),(7375,'asiste',NULL,36,3,318),(7376,'asiste',NULL,36,3,320),(7377,'asiste',NULL,36,3,321),(7378,'asiste',NULL,36,3,324),(7379,'asiste',NULL,36,3,328),(7380,'asiste',NULL,36,3,335),(7381,'asiste',NULL,36,3,339),(7382,'asiste',NULL,36,3,343),(7383,'asiste',NULL,36,3,347),(7384,'asiste',NULL,36,3,348),(7385,'asiste',NULL,36,3,350),(7386,'asiste',NULL,36,3,351),(7387,'asiste',NULL,36,3,354),(7388,'asiste',NULL,36,3,355),(7389,'asiste',NULL,36,3,357),(7390,'asiste',NULL,36,3,359),(7391,'asiste',NULL,37,1,151),(7392,'asiste',NULL,37,2,82),(7393,'asiste',NULL,37,3,5),(7394,'asiste',NULL,37,3,6),(7395,'asiste',NULL,37,3,7),(7396,'disculpa',NULL,37,3,8),(7397,'asiste',NULL,37,3,9),(7398,'asiste',NULL,37,3,10),(7399,'asiste',NULL,37,3,11),(7400,'asiste',NULL,37,3,12),(7401,'disculpa',NULL,37,3,13),(7402,'asiste',NULL,37,3,14),(7403,'asiste',NULL,37,3,16),(7404,'asiste',NULL,37,3,17),(7405,'asiste',NULL,37,3,18),(7406,'asiste',NULL,37,3,19),(7407,'asiste',NULL,37,3,23),(7408,'asiste',NULL,37,3,25),(7409,'asiste',NULL,37,3,29),(7410,'asiste',NULL,37,3,30),(7411,'asiste',NULL,37,3,31),(7412,'asiste',NULL,37,3,34),(7413,'asiste',NULL,37,3,35),(7414,'asiste',NULL,37,3,36),(7415,'asiste',NULL,37,3,38),(7416,'asiste',NULL,37,3,40),(7417,'asiste',NULL,37,3,41),(7418,'asiste',NULL,37,3,43),(7419,'asiste',NULL,37,3,44),(7420,'asiste',NULL,37,3,45),(7421,'asiste',NULL,37,3,46),(7422,'asiste',NULL,37,3,47),(7423,'asiste',NULL,37,3,49),(7424,'asiste',NULL,37,3,51),(7425,'asiste',NULL,37,3,52),(7426,'asiste',NULL,37,3,55),(7427,'asiste',NULL,37,3,57),(7428,'asiste',NULL,37,3,58),(7429,'asiste',NULL,37,3,60),(7430,'asiste',NULL,37,3,61),(7431,'asiste',NULL,37,3,62),(7432,'asiste',NULL,37,3,65),(7433,'asiste',NULL,37,3,66),(7434,'asiste',NULL,37,3,67),(7435,'disculpa',NULL,37,3,68),(7436,'asiste',NULL,37,3,69),(7437,'disculpa',NULL,37,3,71),(7438,'asiste',NULL,37,3,72),(7439,'asiste',NULL,37,3,73),(7440,'asiste',NULL,37,3,74),(7441,'asiste',NULL,37,3,75),(7442,'asiste',NULL,37,3,76),(7443,'asiste',NULL,37,3,77),(7444,'asiste',NULL,37,3,78),(7445,'asiste',NULL,37,3,79),(7446,'asiste',NULL,37,3,80),(7447,'asiste',NULL,37,3,81),(7448,'asiste',NULL,37,3,83),(7449,'asiste',NULL,37,3,85),(7450,'asiste',NULL,37,3,86),(7451,'asiste',NULL,37,3,87),(7452,'asiste',NULL,37,3,88),(7453,'falta',NULL,37,3,88),(7454,'asiste',NULL,37,3,91),(7455,'asiste',NULL,37,3,93),(7456,'asiste',NULL,37,3,95),(7457,'disculpa',NULL,37,3,96),(7458,'asiste',NULL,37,3,97),(7459,'asiste',NULL,37,3,99),(7460,'asiste',NULL,37,3,101),(7461,'asiste',NULL,37,3,102),(7462,'asiste',NULL,37,3,104),(7463,'asiste',NULL,37,3,105),(7464,'asiste',NULL,37,3,106),(7465,'asiste',NULL,37,3,107),(7466,'asiste',NULL,37,3,108),(7467,'asiste',NULL,37,3,109),(7468,'asiste',NULL,37,3,110),(7469,'asiste',NULL,37,3,111),(7470,'asiste',NULL,37,3,112),(7471,'asiste',NULL,37,3,113),(7472,'asiste',NULL,37,3,114),(7473,'asiste',NULL,37,3,115),(7474,'asiste',NULL,37,3,116),(7475,'asiste',NULL,37,3,119),(7476,'asiste',NULL,37,3,121),(7477,'asiste',NULL,37,3,122),(7478,'asiste',NULL,37,3,123),(7479,'asiste',NULL,37,3,125),(7480,'asiste',NULL,37,3,126),(7481,'asiste',NULL,37,3,131),(7482,'asiste',NULL,37,3,132),(7483,'asiste',NULL,37,3,133),(7484,'asiste',NULL,37,3,134),(7485,'asiste',NULL,37,3,135),(7486,'asiste',NULL,37,3,136),(7487,'asiste',NULL,37,3,138),(7488,'asiste',NULL,37,3,139),(7489,'asiste',NULL,37,3,140),(7490,'asiste',NULL,37,3,141),(7491,'asiste',NULL,37,3,142),(7492,'asiste',NULL,37,3,143),(7493,'asiste',NULL,37,3,145),(7494,'asiste',NULL,37,3,146),(7495,'asiste',NULL,37,3,147),(7496,'asiste',NULL,37,3,148),(7497,'asiste',NULL,37,3,149),(7498,'asiste',NULL,37,3,150),(7499,'asiste',NULL,37,3,152),(7500,'asiste',NULL,37,3,153),(7501,'asiste',NULL,37,3,154),(7502,'asiste',NULL,37,3,155),(7503,'asiste',NULL,37,3,156),(7504,'asiste',NULL,37,3,157),(7505,'asiste',NULL,37,3,158),(7506,'asiste',NULL,37,3,159),(7507,'asiste',NULL,37,3,160),(7508,'asiste',NULL,37,3,166),(7509,'asiste',NULL,37,3,168),(7510,'asiste',NULL,37,3,170),(7511,'asiste',NULL,37,3,174),(7512,'asiste',NULL,37,3,178),(7513,'asiste',NULL,37,3,187),(7514,'asiste',NULL,37,3,188),(7515,'asiste',NULL,37,3,189),(7516,'asiste',NULL,37,3,190),(7517,'asiste',NULL,37,3,195),(7518,'asiste',NULL,37,3,196),(7519,'asiste',NULL,37,3,197),(7520,'asiste',NULL,37,3,199),(7521,'asiste',NULL,37,3,205),(7522,'disculpa',NULL,37,3,221),(7523,'asiste',NULL,37,3,222),(7524,'asiste',NULL,37,3,223),(7525,'asiste',NULL,37,3,227),(7526,'asiste',NULL,37,3,255),(7527,'asiste',NULL,37,3,260),(7528,'disculpa',NULL,37,3,277),(7529,'asiste',NULL,37,3,280),(7530,'asiste',NULL,37,3,308),(7531,'asiste',NULL,37,3,318),(7532,'asiste',NULL,37,3,321),(7533,'asiste',NULL,37,3,324),(7534,'asiste',NULL,37,3,337),(7535,'asiste',NULL,37,3,339),(7536,'asiste',NULL,37,3,343),(7537,'asiste',NULL,37,3,347),(7538,'asiste',NULL,37,3,348),(7539,'asiste',NULL,37,3,350),(7540,'asiste',NULL,37,3,355),(7541,'asiste',NULL,37,3,359),(7542,'disculpa',NULL,38,1,151),(7543,'asiste',NULL,38,2,82),(7544,'asiste',NULL,38,3,5),(7545,'asiste',NULL,38,3,6),(7546,'asiste',NULL,38,3,7),(7547,'asiste',NULL,38,3,8),(7548,'asiste',NULL,38,3,9),(7549,'asiste',NULL,38,3,11),(7550,'asiste',NULL,38,3,12),(7551,'asiste',NULL,38,3,13),(7552,'asiste',NULL,38,3,14),(7553,'asiste',NULL,38,3,16),(7554,'asiste',NULL,38,3,17),(7555,'asiste',NULL,38,3,23),(7556,'asiste',NULL,38,3,25),(7557,'asiste',NULL,38,3,28),(7558,'asiste',NULL,38,3,29),(7559,'asiste',NULL,38,3,31),(7560,'asiste',NULL,38,3,34),(7561,'asiste',NULL,38,3,35),(7562,'disculpa',NULL,38,3,38),(7563,'disculpa',NULL,38,3,40),(7564,'asiste',NULL,38,3,41),(7565,'asiste',NULL,38,3,44),(7566,'asiste',NULL,38,3,45),(7567,'asiste',NULL,38,3,46),(7568,'asiste',NULL,38,3,47),(7569,'asiste',NULL,38,3,48),(7570,'asiste',NULL,38,3,49),(7571,'asiste',NULL,38,3,51),(7572,'disculpa',NULL,38,3,52),(7573,'asiste',NULL,38,3,54),(7574,'asiste',NULL,38,3,57),(7575,'disculpa',NULL,38,3,58),(7576,'asiste',NULL,38,3,61),(7577,'asiste',NULL,38,3,62),(7578,'asiste',NULL,38,3,65),(7579,'asiste',NULL,38,3,66),(7580,'asiste',NULL,38,3,69),(7581,'asiste',NULL,38,3,70),(7582,'asiste',NULL,38,3,71),(7583,'asiste',NULL,38,3,73),(7584,'asiste',NULL,38,3,74),(7585,'asiste',NULL,38,3,75),(7586,'asiste',NULL,38,3,76),(7587,'asiste',NULL,38,3,77),(7588,'asiste',NULL,38,3,78),(7589,'asiste',NULL,38,1,79),(7590,'asiste',NULL,38,3,80),(7591,'asiste',NULL,38,3,81),(7592,'asiste',NULL,38,3,83),(7593,'asiste',NULL,38,3,85),(7594,'asiste',NULL,38,3,86),(7595,'asiste',NULL,38,3,87),(7596,'asiste',NULL,38,3,88),(7597,'asiste',NULL,38,3,89),(7598,'asiste',NULL,38,3,91),(7599,'asiste',NULL,38,3,93),(7600,'asiste',NULL,38,3,95),(7601,'disculpa',NULL,38,3,96),(7602,'asiste',NULL,38,3,97),(7603,'asiste',NULL,38,3,101),(7604,'asiste',NULL,38,3,102),(7605,'asiste',NULL,38,3,104),(7606,'asiste',NULL,38,3,105),(7607,'asiste',NULL,38,3,106),(7608,'asiste',NULL,38,3,107),(7609,'asiste',NULL,38,3,108),(7610,'asiste',NULL,38,3,109),(7611,'asiste',NULL,38,3,110),(7612,'asiste',NULL,38,3,111),(7613,'disculpa',NULL,38,3,113),(7614,'asiste',NULL,38,3,114),(7615,'asiste',NULL,38,3,115),(7616,'asiste',NULL,38,3,117),(7617,'asiste',NULL,38,3,119),(7618,'asiste',NULL,38,3,122),(7619,'asiste',NULL,38,3,123),(7620,'asiste',NULL,38,3,125),(7621,'asiste',NULL,38,3,126),(7622,'asiste',NULL,38,3,129),(7623,'asiste',NULL,38,3,131),(7624,'asiste',NULL,38,3,132),(7625,'disculpa',NULL,38,3,133),(7626,'asiste',NULL,38,3,134),(7627,'asiste',NULL,38,3,135),(7628,'asiste',NULL,38,3,138),(7629,'asiste',NULL,38,3,140),(7630,'asiste',NULL,38,3,141),(7631,'asiste',NULL,38,3,142),(7632,'asiste',NULL,38,3,143),(7633,'asiste',NULL,38,3,145),(7634,'asiste',NULL,38,3,146),(7635,'asiste',NULL,38,3,147),(7636,'asiste',NULL,38,3,148),(7637,'asiste',NULL,38,3,149),(7638,'asiste',NULL,38,3,150),(7639,'asiste',NULL,38,3,152),(7640,'asiste',NULL,38,3,154),(7641,'asiste',NULL,38,3,155),(7642,'asiste',NULL,38,3,157),(7643,'asiste',NULL,38,3,158),(7644,'asiste',NULL,38,3,159),(7645,'asiste',NULL,38,3,160),(7646,'asiste',NULL,38,3,162),(7647,'asiste',NULL,38,3,163),(7648,'asiste',NULL,38,3,166),(7649,'asiste',NULL,38,3,168),(7650,'asiste',NULL,38,3,170),(7651,'asiste',NULL,38,3,178),(7652,'asiste',NULL,38,3,187),(7653,'asiste',NULL,38,3,188),(7654,'asiste',NULL,38,3,190),(7655,'asiste',NULL,38,3,195),(7656,'asiste',NULL,38,3,197),(7657,'asiste',NULL,38,3,199),(7658,'asiste',NULL,38,3,205),(7659,'asiste',NULL,38,3,212),(7660,'disculpa',NULL,38,3,221),(7661,'asiste',NULL,38,3,222),(7662,'asiste',NULL,38,3,223),(7663,'asiste',NULL,38,3,227),(7664,'asiste',NULL,38,3,255),(7665,'asiste',NULL,38,3,258),(7666,'asiste',NULL,38,3,260),(7667,'asiste',NULL,38,3,274),(7668,'asiste',NULL,38,3,277),(7669,'asiste',NULL,38,3,309),(7670,'asiste',NULL,38,3,317),(7671,'asiste',NULL,38,3,321),(7672,'asiste',NULL,38,3,324),(7673,'asiste',NULL,38,3,335),(7674,'asiste',NULL,38,3,337),(7675,'asiste',NULL,38,3,339),(7676,'asiste',NULL,38,3,348),(7677,'asiste',NULL,38,3,354),(7678,'asiste',NULL,38,3,355),(7679,'asiste',NULL,38,3,359),(7680,'asiste',NULL,39,1,151),(7681,'asiste',NULL,39,2,82),(7682,'asiste',NULL,39,3,5),(7683,'disculpa',NULL,39,3,6),(7684,'asiste',NULL,39,3,7),(7685,'asiste',NULL,39,3,8),(7686,'asiste',NULL,39,3,9),(7687,'asiste',NULL,39,3,10),(7688,'asiste',NULL,39,3,11),(7689,'asiste',NULL,39,3,12),(7690,'asiste',NULL,39,3,13),(7691,'asiste',NULL,39,3,14),(7692,'asiste',NULL,39,3,16),(7693,'asiste',NULL,39,3,17),(7694,'asiste',NULL,39,3,19),(7695,'asiste',NULL,39,3,23),(7696,'asiste',NULL,39,3,25),(7697,'asiste',NULL,39,3,28),(7698,'asiste',NULL,39,3,29),(7699,'asiste',NULL,39,3,30),(7700,'asiste',NULL,39,3,31),(7701,'asiste',NULL,39,3,32),(7702,'asiste',NULL,39,3,33),(7703,'asiste',NULL,39,3,34),(7704,'asiste',NULL,39,3,35),(7705,'asiste',NULL,39,3,40),(7706,'asiste',NULL,39,3,41),(7707,'asiste',NULL,39,3,43),(7708,'asiste',NULL,39,3,44),(7709,'asiste',NULL,39,3,45),(7710,'asiste',NULL,39,3,46),(7711,'asiste',NULL,39,3,47),(7712,'asiste',NULL,39,3,48),(7713,'asiste',NULL,39,3,49),(7714,'asiste',NULL,39,3,51),(7715,'asiste',NULL,39,3,52),(7716,'asiste',NULL,39,3,54),(7717,'asiste',NULL,39,3,57),(7718,'asiste',NULL,39,3,58),(7719,'asiste',NULL,39,3,61),(7720,'asiste',NULL,39,3,62),(7721,'asiste',NULL,39,3,65),(7722,'asiste',NULL,39,3,66),(7723,'asiste',NULL,39,3,67),(7724,'asiste',NULL,39,3,68),(7725,'asiste',NULL,39,3,69),(7726,'asiste',NULL,39,3,70),(7727,'asiste',NULL,39,3,71),(7728,'asiste',NULL,39,3,72),(7729,'asiste',NULL,39,3,73),(7730,'asiste',NULL,39,3,74),(7731,'asiste',NULL,39,3,75),(7732,'asiste',NULL,39,3,76),(7733,'asiste',NULL,39,3,77),(7734,'asiste',NULL,39,3,78),(7735,'asiste',NULL,39,3,79),(7736,'asiste',NULL,39,3,80),(7737,'asiste',NULL,39,3,83),(7738,'asiste',NULL,39,3,85),(7739,'asiste',NULL,39,3,86),(7740,'asiste',NULL,39,3,87),(7741,'falta',NULL,39,3,88),(7742,'asiste',NULL,39,3,89),(7743,'asiste',NULL,39,3,91),(7744,'asiste',NULL,39,3,92),(7745,'asiste',NULL,39,3,95),(7746,'asiste',NULL,39,3,96),(7747,'asiste',NULL,39,3,97),(7748,'asiste',NULL,39,3,99),(7749,'asiste',NULL,39,3,101),(7750,'asiste',NULL,39,3,104),(7751,'asiste',NULL,39,3,105),(7752,'asiste',NULL,39,3,106),(7753,'asiste',NULL,39,3,108),(7754,'asiste',NULL,39,3,109),(7755,'asiste',NULL,39,3,110),(7756,'asiste',NULL,39,3,111),(7757,'asiste',NULL,39,3,112),(7758,'asiste',NULL,39,3,113),(7759,'asiste',NULL,39,3,115),(7760,'asiste',NULL,39,3,116),(7761,'asiste',NULL,39,3,117),(7762,'asiste',NULL,39,3,119),(7763,'asiste',NULL,39,3,122),(7764,'asiste',NULL,39,3,123),(7765,'asiste',NULL,39,3,125),(7766,'disculpa',NULL,39,3,126),(7767,'asiste',NULL,39,3,131),(7768,'asiste',NULL,39,3,132),(7769,'asiste',NULL,39,3,133),(7770,'asiste',NULL,39,3,134),(7771,'asiste',NULL,39,3,135),(7772,'asiste',NULL,39,3,137),(7773,'asiste',NULL,39,3,138),(7774,'asiste',NULL,39,3,139),(7775,'asiste',NULL,39,3,140),(7776,'asiste',NULL,39,3,141),(7777,'asiste',NULL,39,3,142),(7778,'asiste',NULL,39,3,143),(7779,'asiste',NULL,39,3,145),(7780,'asiste',NULL,39,3,146),(7781,'asiste',NULL,39,3,147),(7782,'asiste',NULL,39,3,149),(7783,'asiste',NULL,39,3,152),(7784,'asiste',NULL,39,3,153),(7785,'asiste',NULL,39,3,154),(7786,'asiste',NULL,39,3,155),(7787,'asiste',NULL,39,3,156),(7788,'asiste',NULL,39,3,157),(7789,'asiste',NULL,39,3,159),(7790,'asiste',NULL,39,3,160),(7791,'asiste',NULL,39,3,162),(7792,'asiste',NULL,39,3,163),(7793,'asiste',NULL,39,3,164),(7794,'asiste',NULL,39,3,166),(7795,'asiste',NULL,39,3,168),(7796,'asiste',NULL,39,3,170),(7797,'asiste',NULL,39,3,174),(7798,'asiste',NULL,39,3,178),(7799,'asiste',NULL,39,3,179),(7800,'asiste',NULL,39,3,187),(7801,'asiste',NULL,39,3,188),(7802,'asiste',NULL,39,3,189),(7803,'asiste',NULL,39,3,197),(7804,'asiste',NULL,39,3,199),(7805,'asiste',NULL,39,3,205),(7806,'asiste',NULL,39,3,212),(7807,'asiste',NULL,39,3,219),(7808,'asiste',NULL,39,3,220),(7809,'asiste',NULL,39,3,222),(7810,'asiste',NULL,39,3,223),(7811,'asiste',NULL,39,3,227),(7812,'asiste',NULL,39,3,234),(7813,'asiste',NULL,39,3,236),(7814,'asiste',NULL,39,3,258),(7815,'asiste',NULL,39,3,274),(7816,'asiste',NULL,39,3,310),(7817,'asiste',NULL,39,3,321),(7818,'asiste',NULL,39,3,324),(7819,'asiste',NULL,39,3,337),(7820,'asiste',NULL,39,3,339),(7821,'asiste',NULL,39,3,345),(7822,'asiste',NULL,39,3,350),(7823,'asiste',NULL,39,3,354),(7824,'asiste',NULL,39,3,355),(7825,'asiste',NULL,39,3,357),(7826,'asiste',NULL,40,1,151),(7827,'asiste',NULL,40,2,82),(7828,'asiste',NULL,40,3,5),(7829,'asiste',NULL,40,3,6),(7830,'asiste',NULL,40,3,7),(7831,'asiste',NULL,40,3,8),(7832,'asiste',NULL,40,3,9),(7833,'asiste',NULL,40,3,10),(7834,'asiste',NULL,40,3,11),(7835,'asiste',NULL,40,3,12),(7836,'asiste',NULL,40,3,13),(7837,'asiste',NULL,40,3,14),(7838,'asiste',NULL,40,3,16),(7839,'asiste',NULL,40,3,18),(7840,'disculpa',NULL,40,3,19),(7841,'asiste',NULL,40,3,22),(7842,'asiste',NULL,40,3,23),(7843,'asiste',NULL,40,3,25),(7844,'asiste',NULL,40,3,28),(7845,'asiste',NULL,40,3,29),(7846,'asiste',NULL,40,3,31),(7847,'asiste',NULL,40,3,32),(7848,'asiste',NULL,40,3,33),(7849,'asiste',NULL,40,3,34),(7850,'asiste',NULL,40,3,35),(7851,'asiste',NULL,40,3,36),(7852,'asiste',NULL,40,3,40),(7853,'asiste',NULL,40,3,41),(7854,'asiste',NULL,40,3,44),(7855,'asiste',NULL,40,3,45),(7856,'asiste',NULL,40,3,46),(7857,'asiste',NULL,40,3,47),(7858,'asiste',NULL,40,3,48),(7859,'asiste',NULL,40,3,49),(7860,'asiste',NULL,40,3,51),(7861,'asiste',NULL,40,3,52),(7862,'asiste',NULL,40,3,54),(7863,'asiste',NULL,40,3,55),(7864,'asiste',NULL,40,3,57),(7865,'asiste',NULL,40,3,58),(7866,'asiste',NULL,40,3,61),(7867,'asiste',NULL,40,3,62),(7868,'asiste',NULL,40,3,65),(7869,'asiste',NULL,40,3,66),(7870,'asiste',NULL,40,3,68),(7871,'disculpa',NULL,40,3,69),(7872,'asiste',NULL,40,3,70),(7873,'asiste',NULL,40,3,71),(7874,'asiste',NULL,40,3,72),(7875,'asiste',NULL,40,3,73),(7876,'asiste',NULL,40,3,74),(7877,'asiste',NULL,40,3,75),(7878,'asiste',NULL,40,3,76),(7879,'asiste',NULL,40,3,77),(7880,'asiste',NULL,40,3,78),(7881,'asiste',NULL,40,3,79),(7882,'asiste',NULL,40,3,80),(7883,'asiste',NULL,40,3,83),(7884,'asiste',NULL,40,3,85),(7885,'asiste',NULL,40,3,86),(7886,'asiste',NULL,40,3,87),(7887,'asiste',NULL,40,3,88),(7888,'asiste',NULL,40,3,89),(7889,'asiste',NULL,40,3,91),(7890,'asiste',NULL,40,3,92),(7891,'asiste',NULL,40,3,93),(7892,'asiste',NULL,40,3,96),(7893,'asiste',NULL,40,3,97),(7894,'asiste',NULL,40,3,99),(7895,'asiste',NULL,40,3,102),(7896,'asiste',NULL,40,3,104),(7897,'asiste',NULL,40,3,105),(7898,'asiste',NULL,40,3,106),(7899,'asiste',NULL,40,3,108),(7900,'asiste',NULL,40,3,109),(7901,'asiste',NULL,40,3,110),(7902,'asiste',NULL,40,3,111),(7903,'asiste',NULL,40,3,112),(7904,'asiste',NULL,40,3,113),(7905,'asiste',NULL,40,3,115),(7906,'asiste',NULL,40,3,116),(7907,'asiste',NULL,40,3,118),(7908,'asiste',NULL,40,3,122),(7909,'asiste',NULL,40,3,123),(7910,'asiste',NULL,40,3,125),(7911,'asiste',NULL,40,3,126),(7912,'asiste',NULL,40,3,127),(7913,'asiste',NULL,40,3,129),(7914,'asiste',NULL,40,3,131),(7915,'asiste',NULL,40,3,132),(7916,'asiste',NULL,40,3,133),(7917,'asiste',NULL,40,3,134),(7918,'asiste',NULL,40,3,135),(7919,'disculpa',NULL,40,3,137),(7920,'asiste',NULL,40,3,138),(7921,'asiste',NULL,40,3,139),(7922,'asiste',NULL,40,3,140),(7923,'asiste',NULL,40,3,141),(7924,'asiste',NULL,40,3,142),(7925,'asiste',NULL,40,3,143),(7926,'asiste',NULL,40,3,145),(7927,'asiste',NULL,40,3,146),(7928,'asiste',NULL,40,3,148),(7929,'asiste',NULL,40,3,149),(7930,'asiste',NULL,40,3,152),(7931,'asiste',NULL,40,3,153),(7932,'asiste',NULL,40,3,154),(7933,'asiste',NULL,40,3,155),(7934,'asiste',NULL,40,3,156),(7935,'asiste',NULL,40,3,157),(7936,'asiste',NULL,40,3,160),(7937,'asiste',NULL,40,3,162),(7938,'asiste',NULL,40,3,168),(7939,'asiste',NULL,40,3,170),(7940,'asiste',NULL,40,3,178),(7941,'asiste',NULL,40,3,188),(7942,'asiste',NULL,40,3,190),(7943,'asiste',NULL,40,3,196),(7944,'asiste',NULL,40,3,197),(7945,'asiste',NULL,40,3,199),(7946,'asiste',NULL,40,3,205),(7947,'asiste',NULL,40,3,212),(7948,'asiste',NULL,40,3,221),(7949,'disculpa',NULL,40,3,223),(7950,'asiste',NULL,40,3,227),(7951,'asiste',NULL,40,3,234),(7952,'asiste',NULL,40,3,271),(7953,'asiste',NULL,40,3,273),(7954,'asiste',NULL,40,3,274),(7955,'asiste',NULL,40,3,275),(7956,'asiste',NULL,40,3,310),(7957,'asiste',NULL,40,3,314),(7958,'asiste',NULL,40,3,318),(7959,'asiste',NULL,40,3,321),(7960,'asiste',NULL,40,3,324),(7961,'asiste',NULL,40,3,335),(7962,'asiste',NULL,40,3,339),(7963,'asiste',NULL,40,3,345),(7964,'asiste',NULL,40,3,350),(7965,'asiste',NULL,40,3,354),(7966,'asiste',NULL,40,3,355),(7967,'asiste',NULL,40,3,357),(7968,'asiste',NULL,41,1,151),(7969,'asiste',NULL,41,2,82),(7970,'asiste',NULL,41,3,5),(7971,'asiste',NULL,41,3,6),(7972,'asiste',NULL,41,3,8),(7973,'asiste',NULL,41,3,9),(7974,'asiste',NULL,41,3,10),(7975,'asiste',NULL,41,3,11),(7976,'asiste',NULL,41,3,12),(7977,'asiste',NULL,41,3,13),(7978,'asiste',NULL,41,3,16),(7979,'asiste',NULL,41,3,17),(7980,'asiste',NULL,41,3,18),(7981,'asiste',NULL,41,3,19),(7982,'asiste',NULL,41,3,21),(7983,'asiste',NULL,41,3,22),(7984,'asiste',NULL,41,3,23),(7985,'asiste',NULL,41,3,25),(7986,'asiste',NULL,41,3,28),(7987,'asiste',NULL,41,3,29),(7988,'asiste',NULL,41,3,31),(7989,'asiste',NULL,41,3,32),(7990,'asiste',NULL,41,3,33),(7991,'asiste',NULL,41,3,34),(7992,'asiste',NULL,41,3,35),(7993,'asiste',NULL,41,3,36),(7994,'asiste',NULL,41,3,40),(7995,'asiste',NULL,41,3,41),(7996,'asiste',NULL,41,3,43),(7997,'asiste',NULL,41,3,44),(7998,'asiste',NULL,41,3,45),(7999,'asiste',NULL,41,3,46),(8000,'asiste',NULL,41,3,48),(8001,'asiste',NULL,41,3,49),(8002,'asiste',NULL,41,3,51),(8003,'asiste',NULL,41,3,52),(8004,'asiste',NULL,41,3,54),(8005,'asiste',NULL,41,3,55),(8006,'asiste',NULL,41,3,57),(8007,'asiste',NULL,41,3,58),(8008,'asiste',NULL,41,3,60),(8009,'asiste',NULL,41,3,61),(8010,'asiste',NULL,41,3,62),(8011,'disculpa',NULL,41,3,65),(8012,'asiste',NULL,41,3,66),(8013,'asiste',NULL,41,3,67),(8014,'asiste',NULL,41,3,68),(8015,'disculpa',NULL,41,3,69),(8016,'asiste',NULL,41,3,70),(8017,'asiste',NULL,41,3,71),(8018,'asiste',NULL,41,3,72),(8019,'asiste',NULL,41,3,73),(8020,'asiste',NULL,41,3,75),(8021,'asiste',NULL,41,3,76),(8022,'asiste',NULL,41,3,77),(8023,'asiste',NULL,41,3,78),(8024,'asiste',NULL,41,3,79),(8025,'asiste',NULL,41,3,80),(8026,'asiste',NULL,41,3,85),(8027,'asiste',NULL,41,3,86),(8028,'asiste',NULL,41,3,87),(8029,'asiste',NULL,41,3,88),(8030,'asiste',NULL,41,3,89),(8031,'asiste',NULL,41,3,91),(8032,'asiste',NULL,41,3,92),(8033,'asiste',NULL,41,3,93),(8034,'asiste',NULL,41,3,95),(8035,'disculpa',NULL,41,3,96),(8036,'asiste',NULL,41,3,97),(8037,'asiste',NULL,41,3,99),(8038,'asiste',NULL,41,3,101),(8039,'asiste',NULL,41,3,102),(8040,'asiste',NULL,41,3,104),(8041,'asiste',NULL,41,3,105),(8042,'asiste',NULL,41,3,106),(8043,'asiste',NULL,41,3,108),(8044,'asiste',NULL,41,3,109),(8045,'asiste',NULL,41,3,110),(8046,'asiste',NULL,41,3,111),(8047,'asiste',NULL,41,3,112),(8048,'asiste',NULL,41,3,113),(8049,'asiste',NULL,41,3,115),(8050,'asiste',NULL,41,3,116),(8051,'asiste',NULL,41,3,118),(8052,'asiste',NULL,41,3,122),(8053,'asiste',NULL,41,3,123),(8054,'asiste',NULL,41,3,125),(8055,'asiste',NULL,41,3,126),(8056,'asiste',NULL,41,3,127),(8057,'asiste',NULL,41,3,131),(8058,'asiste',NULL,41,3,132),(8059,'asiste',NULL,41,3,133),(8060,'asiste',NULL,41,3,134),(8061,'asiste',NULL,41,3,135),(8062,'asiste',NULL,41,3,138),(8063,'asiste',NULL,41,3,139),(8064,'asiste',NULL,41,3,140),(8065,'asiste',NULL,41,3,141),(8066,'asiste',NULL,41,3,142),(8067,'asiste',NULL,41,3,143),(8068,'asiste',NULL,41,3,145),(8069,'asiste',NULL,41,3,146),(8070,'asiste',NULL,41,3,147),(8071,'asiste',NULL,41,3,148),(8072,'asiste',NULL,41,3,149),(8073,'asiste',NULL,41,3,150),(8074,'asiste',NULL,41,3,152),(8075,'asiste',NULL,41,3,153),(8076,'asiste',NULL,41,3,154),(8077,'asiste',NULL,41,3,155),(8078,'asiste',NULL,41,3,156),(8079,'asiste',NULL,41,3,157),(8080,'asiste',NULL,41,3,159),(8081,'asiste',NULL,41,3,160),(8082,'asiste',NULL,41,3,162),(8083,'asiste',NULL,41,3,163),(8084,'asiste',NULL,41,3,166),(8085,'asiste',NULL,41,3,168),(8086,'asiste',NULL,41,3,170),(8087,'asiste',NULL,41,3,174),(8088,'asiste',NULL,41,3,178),(8089,'asiste',NULL,41,3,187),(8090,'asiste',NULL,41,3,188),(8091,'asiste',NULL,41,3,189),(8092,'asiste',NULL,41,3,190),(8093,'asiste',NULL,41,3,205),(8094,'asiste',NULL,41,3,220),(8095,'asiste',NULL,41,3,221),(8096,'asiste',NULL,41,3,222),(8097,'asiste',NULL,41,3,223),(8098,'asiste',NULL,41,3,227),(8099,'asiste',NULL,41,3,232),(8100,'asiste',NULL,41,3,234),(8101,'asiste',NULL,41,3,248),(8102,'asiste',NULL,41,3,271),(8103,'asiste',NULL,41,3,310),(8104,'asiste',NULL,41,3,314),(8105,'asiste',NULL,41,3,321),(8106,'asiste',NULL,41,3,324),(8107,'asiste',NULL,41,3,339),(8108,'asiste',NULL,41,3,354),(8109,'asiste',NULL,41,3,355),(8110,'asiste',NULL,42,1,151),(8111,'asiste',NULL,42,2,82),(8112,'asiste',NULL,42,3,5),(8113,'asiste',NULL,42,3,6),(8114,'asiste',NULL,42,3,8),(8115,'asiste',NULL,42,3,9),(8116,'asiste',NULL,42,3,10),(8117,'asiste',NULL,42,3,11),(8118,'asiste',NULL,42,3,12),(8119,'asiste',NULL,42,3,13),(8120,'asiste',NULL,42,3,14),(8121,'asiste',NULL,42,3,21),(8122,'asiste',NULL,42,3,22),(8123,'disculpa',NULL,42,3,23),(8124,'asiste',NULL,42,3,25),(8125,'asiste',NULL,42,3,28),(8126,'asiste',NULL,42,3,29),(8127,'disculpa',NULL,42,3,32),(8128,'asiste',NULL,42,3,33),(8129,'asiste',NULL,42,3,34),(8130,'asiste',NULL,42,3,35),(8131,'asiste',NULL,42,3,36),(8132,'asiste',NULL,42,3,40),(8133,'disculpa',NULL,42,3,41),(8134,'asiste',NULL,42,3,43),(8135,'asiste',NULL,42,3,44),(8136,'asiste',NULL,42,3,45),(8137,'asiste',NULL,42,3,46),(8138,'asiste',NULL,42,3,47),(8139,'asiste',NULL,42,3,48),(8140,'asiste',NULL,42,3,49),(8141,'asiste',NULL,42,3,51),(8142,'asiste',NULL,42,3,52),(8143,'asiste',NULL,42,3,54),(8144,'asiste',NULL,42,3,55),(8145,'asiste',NULL,42,3,57),(8146,'disculpa',NULL,42,3,58),(8147,'asiste',NULL,42,3,60),(8148,'asiste',NULL,42,3,62),(8149,'asiste',NULL,42,3,65),(8150,'asiste',NULL,42,3,66),(8151,'asiste',NULL,42,3,67),(8152,'disculpa',NULL,42,3,68),(8153,'asiste',NULL,42,3,69),(8154,'asiste',NULL,42,3,71),(8155,'asiste',NULL,42,3,72),(8156,'asiste',NULL,42,3,73),(8157,'asiste',NULL,42,3,74),(8158,'asiste',NULL,42,3,75),(8159,'asiste',NULL,42,3,76),(8160,'disculpa',NULL,42,3,77),(8161,'asiste',NULL,42,3,78),(8162,'disculpa',NULL,42,3,79),(8163,'asiste',NULL,42,3,80),(8164,'disculpa',NULL,42,3,83),(8165,'asiste',NULL,42,3,85),(8166,'asiste',NULL,42,3,87),(8167,'asiste',NULL,42,3,88),(8168,'asiste',NULL,42,3,89),(8169,'asiste',NULL,42,3,91),(8170,'asiste',NULL,42,3,92),(8171,'asiste',NULL,42,3,93),(8172,'asiste',NULL,42,3,95),(8173,'asiste',NULL,42,3,96),(8174,'asiste',NULL,42,3,97),(8175,'asiste',NULL,42,3,99),(8176,'asiste',NULL,42,3,101),(8177,'asiste',NULL,42,3,102),(8178,'asiste',NULL,42,3,105),(8179,'asiste',NULL,42,3,106),(8180,'asiste',NULL,42,3,108),(8181,'asiste',NULL,42,3,110),(8182,'asiste',NULL,42,3,111),(8183,'asiste',NULL,42,3,115),(8184,'asiste',NULL,42,3,116),(8185,'asiste',NULL,42,3,118),(8186,'asiste',NULL,42,3,122),(8187,'asiste',NULL,42,3,123),(8188,'asiste',NULL,42,3,125),(8189,'asiste',NULL,42,3,127),(8190,'asiste',NULL,42,3,129),(8191,'disculpa',NULL,42,3,131),(8192,'asiste',NULL,42,3,132),(8193,'asiste',NULL,42,3,133),(8194,'asiste',NULL,42,3,134),(8195,'asiste',NULL,42,3,135),(8196,'asiste',NULL,42,3,137),(8197,'asiste',NULL,42,3,139),(8198,'asiste',NULL,42,3,140),(8199,'asiste',NULL,42,3,141),(8200,'asiste',NULL,42,3,142),(8201,'asiste',NULL,42,3,143),(8202,'asiste',NULL,42,3,145),(8203,'asiste',NULL,42,3,146),(8204,'asiste',NULL,42,3,148),(8205,'asiste',NULL,42,3,149),(8206,'asiste',NULL,42,3,150),(8207,'asiste',NULL,42,3,152),(8208,'asiste',NULL,42,3,153),(8209,'asiste',NULL,42,3,154),(8210,'asiste',NULL,42,3,155),(8211,'asiste',NULL,42,3,156),(8212,'asiste',NULL,42,3,157),(8213,'asiste',NULL,42,3,159),(8214,'asiste',NULL,42,3,160),(8215,'asiste',NULL,42,3,162),(8216,'asiste',NULL,42,3,166),(8217,'asiste',NULL,42,3,168),(8218,'asiste',NULL,42,3,170),(8219,'asiste',NULL,42,3,190),(8220,'asiste',NULL,42,3,199),(8221,'asiste',NULL,42,3,205),(8222,'asiste',NULL,42,3,221),(8223,'asiste',NULL,42,3,223),(8224,'asiste',NULL,42,3,227),(8225,'asiste',NULL,42,3,232),(8226,'asiste',NULL,42,3,233),(8227,'asiste',NULL,42,3,234),(8228,'asiste',NULL,42,3,248),(8229,'asiste',NULL,42,3,260),(8230,'asiste',NULL,42,3,310),(8231,'asiste',NULL,42,3,315),(8232,'asiste',NULL,42,3,339),(8233,'asiste',NULL,42,3,354),(8234,'asiste',NULL,42,3,355),(8235,'asiste',NULL,43,1,151),(8236,'asiste',NULL,43,2,82),(8237,'asiste',NULL,43,3,5),(8238,'asiste',NULL,43,3,6),(8239,'asiste',NULL,43,3,7),(8240,'asiste',NULL,43,3,8),(8241,'asiste',NULL,43,3,9),(8242,'asiste',NULL,43,3,10),(8243,'asiste',NULL,43,3,11),(8244,'asiste',NULL,43,3,12),(8245,'asiste',NULL,43,3,13),(8246,'asiste',NULL,43,3,16),(8247,'asiste',NULL,43,3,17),(8248,'asiste',NULL,43,3,18),(8249,'asiste',NULL,43,3,19),(8250,'asiste',NULL,43,3,21),(8251,'asiste',NULL,43,3,22),(8252,'asiste',NULL,43,3,23),(8253,'asiste',NULL,43,3,28),(8254,'asiste',NULL,43,3,29),(8255,'asiste',NULL,43,3,31),(8256,'asiste',NULL,43,3,32),(8257,'asiste',NULL,43,3,33),(8258,'asiste',NULL,43,3,34),(8259,'asiste',NULL,43,3,35),(8260,'asiste',NULL,43,3,40),(8261,'disculpa',NULL,43,3,41),(8262,'asiste',NULL,43,3,43),(8263,'asiste',NULL,43,3,44),(8264,'asiste',NULL,43,3,45),(8265,'asiste',NULL,43,3,46),(8266,'asiste',NULL,43,3,47),(8267,'asiste',NULL,43,3,49),(8268,'disculpa',NULL,43,3,51),(8269,'asiste',NULL,43,3,54),(8270,'asiste',NULL,43,3,57),(8271,'asiste',NULL,43,3,58),(8272,'asiste',NULL,43,3,60),(8273,'asiste',NULL,43,3,61),(8274,'asiste',NULL,43,3,62),(8275,'asiste',NULL,43,3,65),(8276,'asiste',NULL,43,3,66),(8277,'asiste',NULL,43,3,67),(8278,'asiste',NULL,43,3,68),(8279,'asiste',NULL,43,3,69),(8280,'asiste',NULL,43,3,71),(8281,'asiste',NULL,43,3,72),(8282,'asiste',NULL,43,3,73),(8283,'asiste',NULL,43,3,74),(8284,'asiste',NULL,43,3,75),(8285,'asiste',NULL,43,3,76),(8286,'asiste',NULL,43,3,78),(8287,'asiste',NULL,43,3,80),(8288,'asiste',NULL,43,3,81),(8289,'asiste',NULL,43,3,83),(8290,'asiste',NULL,43,3,85),(8291,'asiste',NULL,43,3,86),(8292,'asiste',NULL,43,3,87),(8293,'asiste',NULL,43,3,88),(8294,'asiste',NULL,43,3,89),(8295,'asiste',NULL,43,3,91),(8296,'asiste',NULL,43,3,92),(8297,'asiste',NULL,43,3,93),(8298,'asiste',NULL,43,3,95),(8299,'asiste',NULL,43,3,96),(8300,'asiste',NULL,43,3,97),(8301,'disculpa',NULL,43,3,99),(8302,'asiste',NULL,43,3,101),(8303,'asiste',NULL,43,3,102),(8304,'asiste',NULL,43,3,104),(8305,'asiste',NULL,43,3,105),(8306,'asiste',NULL,43,3,106),(8307,'asiste',NULL,43,3,107),(8308,'disculpa',NULL,43,3,110),(8309,'asiste',NULL,43,3,112),(8310,'asiste',NULL,43,3,113),(8311,'asiste',NULL,43,3,116),(8312,'asiste',NULL,43,3,117),(8313,'asiste',NULL,43,3,118),(8314,'asiste',NULL,43,3,122),(8315,'asiste',NULL,43,3,123),(8316,'disculpa',NULL,43,3,125),(8317,'asiste',NULL,43,3,126),(8318,'asiste',NULL,43,3,127),(8319,'asiste',NULL,43,3,131),(8320,'disculpa',NULL,43,3,132),(8321,'asiste',NULL,43,3,133),(8322,'asiste',NULL,43,3,134),(8323,'disculpa',NULL,43,3,135),(8324,'disculpa',NULL,43,3,137),(8325,'asiste',NULL,43,3,138),(8326,'asiste',NULL,43,3,139),(8327,'asiste',NULL,43,3,140),(8328,'asiste',NULL,43,3,141),(8329,'asiste',NULL,43,3,145),(8330,'asiste',NULL,43,3,146),(8331,'asiste',NULL,43,3,148),(8332,'asiste',NULL,43,3,149),(8333,'asiste',NULL,43,3,150),(8334,'asiste',NULL,43,3,152),(8335,'asiste',NULL,43,3,153),(8336,'asiste',NULL,43,3,154),(8337,'asiste',NULL,43,3,155),(8338,'asiste',NULL,43,3,156),(8339,'asiste',NULL,43,3,157),(8340,'asiste',NULL,43,3,160),(8341,'asiste',NULL,43,3,162),(8342,'asiste',NULL,43,3,166),(8343,'asiste',NULL,43,3,168),(8344,'asiste',NULL,43,3,174),(8345,'asiste',NULL,43,3,178),(8346,'asiste',NULL,43,3,189),(8347,'asiste',NULL,43,3,190),(8348,'asiste',NULL,43,3,196),(8349,'asiste',NULL,43,3,197),(8350,'asiste',NULL,43,3,199),(8351,'asiste',NULL,43,3,205),(8352,'asiste',NULL,43,3,220),(8353,'asiste',NULL,43,3,221),(8354,'asiste',NULL,43,3,222),(8355,'asiste',NULL,43,3,223),(8356,'asiste',NULL,43,3,233),(8357,'asiste',NULL,43,3,248),(8358,'asiste',NULL,43,3,315),(8359,'asiste',NULL,43,3,333),(8360,'asiste',NULL,43,3,339),(8361,'asiste',NULL,43,3,354),(8362,'asiste',NULL,44,1,151),(8363,'asiste',NULL,44,2,82),(8364,'asiste',NULL,44,3,5),(8365,'asiste',NULL,44,3,6),(8366,'asiste',NULL,44,3,7),(8367,'asiste',NULL,44,3,8),(8368,'asiste',NULL,44,3,9),(8369,'asiste',NULL,44,3,10),(8370,'asiste',NULL,44,3,11),(8371,'disculpa',NULL,44,3,12),(8372,'asiste',NULL,44,3,13),(8373,'asiste',NULL,44,3,16),(8374,'disculpa',NULL,44,3,19),(8375,'asiste',NULL,44,3,21),(8376,'asiste',NULL,44,3,22),(8377,'asiste',NULL,44,3,23),(8378,'asiste',NULL,44,3,28),(8379,'asiste',NULL,44,3,29),(8380,'asiste',NULL,44,3,30),(8381,'asiste',NULL,44,3,31),(8382,'disculpa',NULL,44,3,32),(8383,'asiste',NULL,44,3,33),(8384,'asiste',NULL,44,3,34),(8385,'asiste',NULL,44,3,35),(8386,'asiste',NULL,44,3,36),(8387,'disculpa',NULL,44,3,38),(8388,'disculpa',NULL,44,3,40),(8389,'asiste',NULL,44,3,41),(8390,'asiste',NULL,44,3,44),(8391,'asiste',NULL,44,3,45),(8392,'asiste',NULL,44,3,46),(8393,'asiste',NULL,44,3,47),(8394,'asiste',NULL,44,3,49),(8395,'asiste',NULL,44,3,51),(8396,'asiste',NULL,44,3,52),(8397,'asiste',NULL,44,3,57),(8398,'asiste',NULL,44,3,58),(8399,'asiste',NULL,44,3,60),(8400,'asiste',NULL,44,3,61),(8401,'asiste',NULL,44,3,62),(8402,'asiste',NULL,44,3,63),(8403,'disculpa',NULL,44,3,65),(8404,'asiste',NULL,44,3,66),(8405,'asiste',NULL,44,3,67),(8406,'asiste',NULL,44,3,68),(8407,'asiste',NULL,44,3,69),(8408,'asiste',NULL,44,3,70),(8409,'asiste',NULL,44,3,71),(8410,'asiste',NULL,44,3,72),(8411,'asiste',NULL,44,3,73),(8412,'asiste',NULL,44,3,74),(8413,'asiste',NULL,44,3,75),(8414,'asiste',NULL,44,3,76),(8415,'asiste',NULL,44,3,78),(8416,'asiste',NULL,44,3,79),(8417,'asiste',NULL,44,3,80),(8418,'asiste',NULL,44,3,83),(8419,'asiste',NULL,44,3,85),(8420,'disculpa',NULL,44,3,86),(8421,'asiste',NULL,44,3,87),(8422,'asiste',NULL,44,3,88),(8423,'asiste',NULL,44,3,89),(8424,'asiste',NULL,44,3,91),(8425,'asiste',NULL,44,3,93),(8426,'asiste',NULL,44,3,95),(8427,'disculpa',NULL,44,3,96),(8428,'asiste',NULL,44,3,97),(8429,'asiste',NULL,44,3,99),(8430,'asiste',NULL,44,3,101),(8431,'asiste',NULL,44,3,102),(8432,'asiste',NULL,44,3,104),(8433,'disculpa',NULL,44,3,105),(8434,'asiste',NULL,44,3,106),(8435,'asiste',NULL,44,3,107),(8436,'asiste',NULL,44,3,109),(8437,'asiste',NULL,44,3,110),(8438,'asiste',NULL,44,3,111),(8439,'asiste',NULL,44,3,113),(8440,'asiste',NULL,44,3,115),(8441,'asiste',NULL,44,3,116),(8442,'asiste',NULL,44,3,117),(8443,'asiste',NULL,44,3,118),(8444,'asiste',NULL,44,3,122),(8445,'asiste',NULL,44,3,123),(8446,'asiste',NULL,44,3,125),(8447,'asiste',NULL,44,3,126),(8448,'asiste',NULL,44,3,131),(8449,'asiste',NULL,44,3,132),(8450,'asiste',NULL,44,3,133),(8451,'asiste',NULL,44,3,134),(8452,'asiste',NULL,44,3,135),(8453,'asiste',NULL,44,3,137),(8454,'asiste',NULL,44,3,138),(8455,'asiste',NULL,44,3,139),(8456,'asiste',NULL,44,3,140),(8457,'asiste',NULL,44,3,142),(8458,'asiste',NULL,44,3,143),(8459,'asiste',NULL,44,3,145),(8460,'asiste',NULL,44,3,146),(8461,'asiste',NULL,44,3,147),(8462,'asiste',NULL,44,3,148),(8463,'asiste',NULL,44,3,149),(8464,'asiste',NULL,44,3,150),(8465,'asiste',NULL,44,3,152),(8466,'asiste',NULL,44,3,153),(8467,'asiste',NULL,44,3,154),(8468,'asiste',NULL,44,3,155),(8469,'asiste',NULL,44,3,156),(8470,'asiste',NULL,44,3,157),(8471,'asiste',NULL,44,3,160),(8472,'asiste',NULL,44,3,162),(8473,'asiste',NULL,44,3,163),(8474,'asiste',NULL,44,3,164),(8475,'asiste',NULL,44,3,166),(8476,'asiste',NULL,44,3,168),(8477,'asiste',NULL,44,3,170),(8478,'asiste',NULL,44,3,174),(8479,'asiste',NULL,44,3,179),(8480,'asiste',NULL,44,3,188),(8481,'asiste',NULL,44,3,199),(8482,'asiste',NULL,44,3,205),(8483,'asiste',NULL,44,3,221),(8484,'asiste',NULL,44,3,222),(8485,'asiste',NULL,44,3,223),(8486,'asiste',NULL,44,3,227),(8487,'asiste',NULL,44,3,233),(8488,'asiste',NULL,44,3,234),(8489,'asiste',NULL,44,3,315),(8490,'asiste',NULL,44,3,321),(8491,'asiste',NULL,45,1,151),(8492,'asiste',NULL,45,2,82),(8493,'asiste',NULL,45,3,5),(8494,'asiste',NULL,45,3,6),(8495,'asiste',NULL,45,3,7),(8496,'asiste',NULL,45,3,8),(8497,'asiste',NULL,45,3,9),(8498,'asiste',NULL,45,3,10),(8499,'asiste',NULL,45,3,11),(8500,'asiste',NULL,45,3,12),(8501,'asiste',NULL,45,3,13),(8502,'asiste',NULL,45,3,14),(8503,'asiste',NULL,45,3,16),(8504,'asiste',NULL,45,3,17),(8505,'asiste',NULL,45,3,18),(8506,'asiste',NULL,45,3,19),(8507,'asiste',NULL,45,3,21),(8508,'asiste',NULL,45,3,22),(8509,'asiste',NULL,45,3,23),(8510,'asiste',NULL,45,3,24),(8511,'asiste',NULL,45,3,25),(8512,'asiste',NULL,45,3,28),(8513,'asiste',NULL,45,3,29),(8514,'asiste',NULL,45,3,31),(8515,'asiste',NULL,45,3,32),(8516,'asiste',NULL,45,3,33),(8517,'asiste',NULL,45,3,34),(8518,'asiste',NULL,45,3,35),(8519,'asiste',NULL,45,3,36),(8520,'asiste',NULL,45,3,38),(8521,'asiste',NULL,45,3,40),(8522,'asiste',NULL,45,3,41),(8523,'asiste',NULL,45,3,43),(8524,'asiste',NULL,45,3,44),(8525,'asiste',NULL,45,3,47),(8526,'asiste',NULL,45,3,49),(8527,'asiste',NULL,45,3,51),(8528,'asiste',NULL,45,3,52),(8529,'asiste',NULL,45,3,54),(8530,'asiste',NULL,45,3,55),(8531,'asiste',NULL,45,3,57),(8532,'asiste',NULL,45,3,58),(8533,'asiste',NULL,45,3,60),(8534,'asiste',NULL,45,3,61),(8535,'asiste',NULL,45,3,62),(8536,'asiste',NULL,45,3,63),(8537,'asiste',NULL,45,3,65),(8538,'asiste',NULL,45,3,66),(8539,'asiste',NULL,45,3,67),(8540,'asiste',NULL,45,3,68),(8541,'asiste',NULL,45,3,69),(8542,'disculpa',NULL,45,3,70),(8543,'asiste',NULL,45,3,71),(8544,'asiste',NULL,45,3,72),(8545,'asiste',NULL,45,3,73),(8546,'asiste',NULL,45,3,75),(8547,'asiste',NULL,45,3,76),(8548,'asiste',NULL,45,3,77),(8549,'asiste',NULL,45,3,78),(8550,'asiste',NULL,45,3,79),(8551,'asiste',NULL,45,3,83),(8552,'asiste',NULL,45,3,84),(8553,'asiste',NULL,45,3,85),(8554,'asiste',NULL,45,3,86),(8555,'asiste',NULL,45,3,87),(8556,'asiste',NULL,45,3,88),(8557,'asiste',NULL,45,3,89),(8558,'asiste',NULL,45,3,91),(8559,'asiste',NULL,45,3,92),(8560,'asiste',NULL,45,3,93),(8561,'asiste',NULL,45,3,95),(8562,'asiste',NULL,45,3,96),(8563,'asiste',NULL,45,3,97),(8564,'asiste',NULL,45,3,98),(8565,'asiste',NULL,45,3,99),(8566,'asiste',NULL,45,3,101),(8567,'asiste',NULL,45,3,102),(8568,'asiste',NULL,45,3,104),(8569,'asiste',NULL,45,3,105),(8570,'asiste',NULL,45,3,106),(8571,'asiste',NULL,45,3,107),(8572,'asiste',NULL,45,3,109),(8573,'asiste',NULL,45,3,110),(8574,'asiste',NULL,45,3,111),(8575,'asiste',NULL,45,3,112),(8576,'asiste',NULL,45,3,113),(8577,'asiste',NULL,45,3,115),(8578,'asiste',NULL,45,3,117),(8579,'asiste',NULL,45,3,118),(8580,'falta',NULL,45,3,121),(8581,'asiste',NULL,45,3,122),(8582,'asiste',NULL,45,3,123),(8583,'asiste',NULL,45,3,124),(8584,'asiste',NULL,45,3,125),(8585,'asiste',NULL,45,3,126),(8586,'asiste',NULL,45,3,129),(8587,'asiste',NULL,45,3,131),(8588,'asiste',NULL,45,3,132),(8589,'asiste',NULL,45,3,133),(8590,'asiste',NULL,45,3,134),(8591,'asiste',NULL,45,3,135),(8592,'asiste',NULL,45,3,136),(8593,'asiste',NULL,45,3,137),(8594,'asiste',NULL,45,3,138),(8595,'asiste',NULL,45,3,139),(8596,'asiste',NULL,45,3,140),(8597,'asiste',NULL,45,3,141),(8598,'asiste',NULL,45,3,142),(8599,'asiste',NULL,45,3,143),(8600,'asiste',NULL,45,3,145),(8601,'asiste',NULL,45,3,146),(8602,'falta',NULL,45,3,147),(8603,'asiste',NULL,45,3,148),(8604,'asiste',NULL,45,3,149),(8605,'asiste',NULL,45,3,150),(8606,'asiste',NULL,45,3,152),(8607,'asiste',NULL,45,3,153),(8608,'asiste',NULL,45,3,154),(8609,'asiste',NULL,45,3,155),(8610,'asiste',NULL,45,3,156),(8611,'asiste',NULL,45,3,157),(8612,'asiste',NULL,45,3,158),(8613,'asiste',NULL,45,3,159),(8614,'asiste',NULL,45,3,160),(8615,'asiste',NULL,45,3,162),(8616,'asiste',NULL,45,3,163),(8617,'asiste',NULL,45,3,164),(8618,'asiste',NULL,45,3,165),(8619,'asiste',NULL,45,3,166),(8620,'asiste',NULL,45,3,167),(8621,'asiste',NULL,45,3,168),(8622,'asiste',NULL,45,3,170),(8623,'asiste',NULL,45,3,174),(8624,'asiste',NULL,45,3,176),(8625,'asiste',NULL,45,3,177),(8626,'asiste',NULL,45,3,178),(8627,'asiste',NULL,45,3,179),(8628,'asiste',NULL,45,3,181),(8629,'asiste',NULL,45,3,183),(8630,'asiste',NULL,45,3,184),(8631,'asiste',NULL,45,3,185),(8632,'asiste',NULL,45,3,186),(8633,'asiste',NULL,45,3,187),(8634,'asiste',NULL,45,3,188),(8635,'asiste',NULL,45,3,189),(8636,'asiste',NULL,45,3,190),(8637,'asiste',NULL,45,3,195),(8638,'asiste',NULL,45,3,196),(8639,'asiste',NULL,45,3,197),(8640,'asiste',NULL,45,3,198),(8641,'falta',NULL,45,3,199),(8642,'asiste',NULL,45,3,200),(8643,'asiste',NULL,45,3,202),(8644,'asiste',NULL,45,3,203),(8645,'asiste',NULL,45,3,205),(8646,'asiste',NULL,45,3,207),(8647,'asiste',NULL,45,3,208),(8648,'asiste',NULL,45,3,209),(8649,'falta',NULL,45,3,212),(8650,'asiste',NULL,45,3,213),(8651,'asiste',NULL,45,3,214),(8652,'asiste',NULL,45,3,215),(8653,'asiste',NULL,45,3,218),(8654,'asiste',NULL,45,3,219),(8655,'asiste',NULL,45,3,221),(8656,'falta',NULL,45,3,222),(8657,'asiste',NULL,45,3,223),(8658,'falta',NULL,45,3,225),(8659,'asiste',NULL,45,3,227),(8660,'falta',NULL,45,3,231),(8661,'asiste',NULL,45,3,232),(8662,'asiste',NULL,45,3,233),(8663,'asiste',NULL,45,3,234),(8664,'asiste',NULL,45,3,236),(8665,'asiste',NULL,45,3,238),(8666,'asiste',NULL,45,3,239),(8667,'asiste',NULL,45,3,241),(8668,'asiste',NULL,45,3,242),(8669,'asiste',NULL,45,3,243),(8670,'asiste',NULL,45,3,244),(8671,'asiste',NULL,45,3,245),(8672,'asiste',NULL,45,3,247),(8673,'asiste',NULL,45,3,248),(8674,'asiste',NULL,45,3,249),(8675,'asiste',NULL,45,3,250),(8676,'asiste',NULL,45,3,251),(8677,'asiste',NULL,45,3,253),(8678,'falta',NULL,45,3,254),(8679,'asiste',NULL,45,3,291),(8680,'falta',NULL,45,3,292),(8681,'asiste',NULL,45,3,316),(8682,'asiste',NULL,45,3,322),(8683,'asiste',NULL,45,3,326),(8684,'asiste',NULL,45,3,329),(8685,'asiste',NULL,45,3,346),(8686,'falta',NULL,45,3,354),(8687,'asiste',NULL,46,3,85),(8688,'asiste',NULL,46,3,18),(8689,'asiste',NULL,46,3,5),(8690,'asiste',NULL,46,3,6),(8691,'asiste',NULL,46,3,7),(8692,'asiste',NULL,46,3,8),(8693,'asiste',NULL,46,3,9),(8694,'asiste',NULL,46,3,10),(8695,'asiste',NULL,46,3,11),(8696,'asiste',NULL,46,3,12),(8697,'asiste',NULL,46,3,13),(8698,'asiste',NULL,46,3,14),(8699,'asiste',NULL,46,3,16),(8700,'falta',NULL,46,3,17),(8701,'asiste',NULL,46,2,19),(8702,'falta',NULL,46,3,21),(8703,'asiste',NULL,46,3,22),(8704,'asiste',NULL,46,3,23),(8705,'asiste',NULL,46,3,24),(8706,'asiste',NULL,46,3,25),(8707,'asiste',NULL,46,3,28),(8708,'asiste',NULL,46,3,29),(8709,'asiste',NULL,46,3,31),(8710,'asiste',NULL,46,3,32),(8711,'asiste',NULL,46,3,33),(8712,'asiste',NULL,46,3,34),(8713,'asiste',NULL,46,3,35),(8714,'disculpa',NULL,46,3,36),(8715,'asiste',NULL,46,3,38),(8716,'disculpa',NULL,46,3,40),(8717,'asiste',NULL,46,3,41),(8718,'asiste',NULL,46,3,43),(8719,'asiste',NULL,46,3,44),(8720,'asiste',NULL,46,3,47),(8721,'asiste',NULL,46,3,49),(8722,'asiste',NULL,46,3,51),(8723,'asiste',NULL,46,3,52),(8724,'asiste',NULL,46,3,54),(8725,'asiste',NULL,46,3,55),(8726,'asiste',NULL,46,3,57),(8727,'disculpa',NULL,46,3,58),(8728,'asiste',NULL,46,3,60),(8729,'asiste',NULL,46,3,61),(8730,'disculpa',NULL,46,3,62),(8731,'disculpa',NULL,46,3,63),(8732,'asiste',NULL,46,3,65),(8733,'asiste',NULL,46,3,66),(8734,'falta',NULL,46,3,67),(8735,'asiste',NULL,46,3,68),(8736,'asiste',NULL,46,3,69),(8737,'asiste',NULL,46,3,70),(8738,'asiste',NULL,46,3,71),(8739,'asiste',NULL,46,3,72),(8740,'asiste',NULL,46,3,75),(8741,'asiste',NULL,46,3,76),(8742,'asiste',NULL,46,3,77),(8743,'asiste',NULL,46,3,78),(8744,'asiste',NULL,46,3,79),(8745,'disculpa',NULL,46,3,82),(8746,'asiste',NULL,46,3,83),(8747,'falta',NULL,46,3,84),(8748,'asiste',NULL,46,1,86),(8749,'asiste',NULL,46,3,87),(8750,'asiste',NULL,46,3,88),(8751,'asiste',NULL,46,3,89),(8752,'asiste',NULL,46,3,91),(8753,'asiste',NULL,46,3,92),(8754,'asiste',NULL,46,3,93),(8755,'asiste',NULL,46,3,95),(8756,'falta',NULL,46,3,96),(8757,'asiste',NULL,46,3,97),(8758,'asiste',NULL,46,3,98),(8759,'asiste',NULL,46,3,99),(8760,'asiste',NULL,46,3,101),(8761,'asiste',NULL,46,3,102),(8762,'asiste',NULL,46,3,104),(8763,'asiste',NULL,46,3,105),(8764,'falta',NULL,46,3,106),(8765,'falta',NULL,46,3,107),(8766,'falta',NULL,46,3,109),(8767,'asiste',NULL,46,3,110),(8768,'asiste',NULL,46,3,111),(8769,'falta',NULL,46,3,112),(8770,'asiste',NULL,46,3,113),(8771,'asiste',NULL,46,3,115),(8772,'asiste',NULL,46,3,117),(8773,'asiste',NULL,46,3,118),(8774,'falta',NULL,46,3,121),(8775,'asiste',NULL,46,3,122),(8776,'asiste',NULL,46,3,123),(8777,'falta',NULL,46,3,124),(8778,'asiste',NULL,46,3,125),(8779,'asiste',NULL,46,3,126),(8780,'asiste',NULL,46,3,129),(8781,'disculpa',NULL,46,3,131),(8782,'asiste',NULL,46,3,132),(8783,'asiste',NULL,46,3,133),(8784,'asiste',NULL,46,3,134),(8785,'asiste',NULL,46,3,135),(8786,'falta',NULL,46,3,136),(8787,'asiste',NULL,46,3,137),(8788,'asiste',NULL,46,3,138),(8789,'asiste',NULL,46,3,139),(8790,'asiste',NULL,46,3,140),(8791,'asiste',NULL,46,3,141),(8792,'falta',NULL,46,3,142),(8793,'asiste',NULL,46,3,143),(8794,'asiste',NULL,46,3,145),(8795,'asiste',NULL,46,3,146),(8796,'asiste',NULL,46,3,147),(8797,'asiste',NULL,46,3,148),(8798,'asiste',NULL,46,3,149),(8799,'asiste',NULL,46,3,150),(8800,'asiste',NULL,46,3,151),(8801,'asiste',NULL,46,3,152),(8802,'asiste',NULL,46,3,153),(8803,'asiste',NULL,46,3,154),(8804,'disculpa',NULL,46,3,155),(8805,'asiste',NULL,46,3,156),(8806,'asiste',NULL,46,3,157),(8807,'asiste',NULL,46,3,158),(8808,'asiste',NULL,46,3,159),(8809,'asiste',NULL,46,3,160),(8810,'asiste',NULL,46,3,162),(8811,'asiste',NULL,46,3,163),(8812,'asiste',NULL,46,3,164),(8813,'asiste',NULL,46,3,165),(8814,'asiste',NULL,46,3,166),(8815,'asiste',NULL,46,3,167),(8816,'asiste',NULL,46,3,168),(8817,'asiste',NULL,46,3,170),(8818,'asiste',NULL,46,3,174),(8819,'asiste',NULL,46,3,176),(8820,'falta',NULL,46,3,177),(8821,'asiste',NULL,46,3,178),(8822,'asiste',NULL,46,3,179),(8823,'asiste',NULL,46,3,181),(8824,'asiste',NULL,46,3,183),(8825,'asiste',NULL,46,3,184),(8826,'asiste',NULL,46,3,185),(8827,'asiste',NULL,46,3,186),(8828,'falta',NULL,46,3,187),(8829,'asiste',NULL,46,3,188),(8830,'asiste',NULL,46,3,189),(8831,'asiste',NULL,46,3,190),(8832,'falta',NULL,46,3,195),(8833,'asiste',NULL,46,3,196),(8834,'asiste',NULL,46,3,197),(8835,'asiste',NULL,46,3,198),(8836,'asiste',NULL,46,3,199),(8837,'falta',NULL,46,3,200),(8838,'falta',NULL,46,3,202),(8839,'falta',NULL,46,3,203),(8840,'asiste',NULL,46,3,205),(8841,'asiste',NULL,46,3,207),(8842,'falta',NULL,46,3,208),(8843,'falta',NULL,46,3,209),(8844,'falta',NULL,46,3,212),(8845,'asiste',NULL,46,3,213),(8846,'asiste',NULL,46,3,214),(8847,'falta',NULL,46,3,215),(8848,'asiste',NULL,46,3,218),(8849,'falta',NULL,46,3,219),(8850,'asiste',NULL,46,3,221),(8851,'falta',NULL,46,3,222),(8852,'falta',NULL,46,3,223),(8853,'falta',NULL,46,3,225),(8854,'asiste',NULL,46,3,227),(8855,'falta',NULL,46,3,231),(8856,'asiste',NULL,46,3,232),(8857,'asiste',NULL,46,3,233),(8858,'falta',NULL,46,3,234),(8859,'asiste',NULL,46,3,236),(8860,'falta',NULL,46,3,238),(8861,'asiste',NULL,46,3,239),(8862,'falta',NULL,46,3,241),(8863,'falta',NULL,46,3,242),(8864,'falta',NULL,46,3,243),(8865,'asiste',NULL,46,3,244),(8866,'asiste',NULL,46,3,245),(8867,'asiste',NULL,46,3,247),(8868,'asiste',NULL,46,3,248),(8869,'falta',NULL,46,3,249),(8870,'asiste',NULL,46,3,250),(8871,'falta',NULL,46,3,251),(8872,'asiste',NULL,46,3,253),(8873,'falta',NULL,46,3,254),(8874,'asiste',NULL,46,3,291),(8875,'falta',NULL,46,3,292),(8876,'falta',NULL,46,3,316),(8877,'asiste',NULL,46,3,322),(8878,'asiste',NULL,46,3,326),(8879,'falta',NULL,46,3,329),(8880,'falta',NULL,46,3,346),(8881,'falta',NULL,46,3,354),(8882,'asiste',NULL,311,3,85),(8883,'falta',NULL,311,3,18),(8884,'asiste',NULL,311,3,5),(8885,'asiste',NULL,311,3,6),(8886,'asiste',NULL,311,3,7),(8887,'asiste',NULL,311,3,8),(8888,'asiste',NULL,311,3,9),(8889,'asiste',NULL,311,3,10),(8890,'asiste',NULL,311,3,11),(8891,'asiste',NULL,311,3,12),(8892,'asiste',NULL,311,3,13),(8893,'falta',NULL,311,3,14),(8894,'asiste',NULL,311,3,16),(8895,'falta',NULL,311,3,17),(8896,'disculpa',NULL,311,2,19),(8897,'falta',NULL,311,3,21),(8898,'asiste',NULL,311,3,22),(8899,'asiste',NULL,311,3,23),(8900,'asiste',NULL,311,3,24),(8901,'asiste',NULL,311,3,25),(8902,'asiste',NULL,311,3,28),(8903,'asiste',NULL,311,3,29),(8904,'asiste',NULL,311,3,31),(8905,'asiste',NULL,311,3,32),(8906,'falta',NULL,311,3,33),(8907,'asiste',NULL,311,3,34),(8908,'disculpa',NULL,311,3,35),(8909,'asiste',NULL,311,3,36),(8910,'falta',NULL,311,3,38),(8911,'falta',NULL,311,3,40),(8912,'asiste',NULL,311,3,41),(8913,'asiste',NULL,311,3,43),(8914,'asiste',NULL,311,3,44),(8915,'falta',NULL,311,3,47),(8916,'asiste',NULL,311,3,49),(8917,'asiste',NULL,311,3,51),(8918,'asiste',NULL,311,3,52),(8919,'asiste',NULL,311,3,54),(8920,'asiste',NULL,311,3,55),(8921,'asiste',NULL,311,3,57),(8922,'asiste',NULL,311,3,58),(8923,'asiste',NULL,311,3,60),(8924,'asiste',NULL,311,3,61),(8925,'asiste',NULL,311,3,62),(8926,'asiste',NULL,311,3,63),(8927,'asiste',NULL,311,2,65),(8928,'asiste',NULL,311,3,66),(8929,'falta',NULL,311,3,67),(8930,'disculpa',NULL,311,3,68),(8931,'asiste',NULL,311,3,69),(8932,'falta',NULL,311,3,70),(8933,'disculpa',NULL,311,3,71),(8934,'asiste',NULL,311,3,72),(8935,'asiste',NULL,311,3,75),(8936,'asiste',NULL,311,3,76),(8937,'asiste',NULL,311,3,77),(8938,'asiste',NULL,311,3,78),(8939,'asiste',NULL,311,3,79),(8940,'asiste',NULL,311,3,82),(8941,'falta',NULL,311,3,83),(8942,'falta',NULL,311,3,84),(8943,'asiste',NULL,311,1,86),(8944,'asiste',NULL,311,3,87),(8945,'falta',NULL,311,3,88),(8946,'asiste',NULL,311,3,89),(8947,'asiste',NULL,311,3,91),(8948,'falta',NULL,311,3,92),(8949,'asiste',NULL,311,3,93),(8950,'asiste',NULL,311,3,95),(8951,'asiste',NULL,311,3,96),(8952,'asiste',NULL,311,3,97),(8953,'falta',NULL,311,3,98),(8954,'asiste',NULL,311,3,99),(8955,'asiste',NULL,311,3,101),(8956,'asiste',NULL,311,3,102),(8957,'falta',NULL,311,3,104),(8958,'disculpa',NULL,311,3,105),(8959,'asiste',NULL,311,3,106),(8960,'falta',NULL,311,3,107),(8961,'asiste',NULL,311,3,109),(8962,'asiste',NULL,311,3,110),(8963,'asiste',NULL,311,3,111),(8964,'asiste',NULL,311,3,112),(8965,'asiste',NULL,311,3,113),(8966,'asiste',NULL,311,3,114),(8967,'falta',NULL,311,3,115),(8968,'falta',NULL,311,3,117),(8969,'asiste',NULL,311,3,118),(8970,'falta',NULL,311,3,121),(8971,'asiste',NULL,311,3,122),(8972,'asiste',NULL,311,3,123),(8973,'falta',NULL,311,3,124),(8974,'asiste',NULL,311,3,125),(8975,'asiste',NULL,311,3,126),(8976,'asiste',NULL,311,3,129),(8977,'disculpa',NULL,311,3,131),(8978,'asiste',NULL,311,3,132),(8979,'asiste',NULL,311,3,133),(8980,'asiste',NULL,311,3,134),(8981,'asiste',NULL,311,3,135),(8982,'falta',NULL,311,3,136),(8983,'asiste',NULL,311,3,137),(8984,'asiste',NULL,311,3,138),(8985,'asiste',NULL,311,3,139),(8986,'falta',NULL,311,3,140),(8987,'asiste',NULL,311,3,141),(8988,'falta',NULL,311,3,142),(8989,'asiste',NULL,311,3,143),(8990,'asiste',NULL,311,3,145),(8991,'asiste',NULL,311,3,146),(8992,'falta',NULL,311,3,147),(8993,'asiste',NULL,311,3,148),(8994,'disculpa',NULL,311,3,149),(8995,'asiste',NULL,311,3,150),(8996,'asiste',NULL,311,3,151),(8997,'asiste',NULL,311,3,152),(8998,'asiste',NULL,311,3,153),(8999,'asiste',NULL,311,3,154),(9000,'asiste',NULL,311,3,155),(9001,'asiste',NULL,311,3,156),(9002,'asiste',NULL,311,3,157),(9003,'falta',NULL,311,3,158),(9004,'asiste',NULL,311,3,159),(9005,'asiste',NULL,311,3,160),(9006,'asiste',NULL,311,3,162),(9007,'asiste',NULL,311,3,163),(9008,'falta',NULL,311,3,164),(9009,'falta',NULL,311,3,165),(9010,'asiste',NULL,311,3,166),(9011,'asiste',NULL,311,3,167),(9012,'asiste',NULL,311,3,168),(9013,'asiste',NULL,311,3,170),(9014,'falta',NULL,311,3,174),(9015,'asiste',NULL,311,3,176),(9016,'falta',NULL,311,3,177),(9017,'falta',NULL,311,3,178),(9018,'asiste',NULL,311,3,179),(9019,'asiste',NULL,311,3,181),(9020,'asiste',NULL,311,3,183),(9021,'asiste',NULL,311,3,184),(9022,'asiste',NULL,311,3,185),(9023,'asiste',NULL,311,3,186),(9024,'falta',NULL,311,3,187),(9025,'asiste',NULL,311,3,188),(9026,'asiste',NULL,311,3,189),(9027,'asiste',NULL,311,3,190),(9028,'asiste',NULL,311,3,195),(9029,'falta',NULL,311,3,196),(9030,'asiste',NULL,311,3,197),(9031,'asiste',NULL,311,3,198),(9032,'asiste',NULL,311,3,199),(9033,'falta',NULL,311,3,200),(9034,'asiste',NULL,311,3,202),(9035,'falta',NULL,311,3,203),(9036,'asiste',NULL,311,3,205),(9037,'falta',NULL,311,3,207),(9038,'falta',NULL,311,3,208),(9039,'falta',NULL,311,3,209),(9040,'falta',NULL,311,3,212),(9041,'falta',NULL,311,3,213),(9042,'falta',NULL,311,3,214),(9043,'falta',NULL,311,3,215),(9044,'asiste',NULL,311,3,218),(9045,'falta',NULL,311,3,219),(9046,'disculpa',NULL,311,3,221),(9047,'asiste',NULL,311,3,222),(9048,'falta',NULL,311,3,223),(9049,'falta',NULL,311,3,225),(9050,'asiste',NULL,311,3,227),(9051,'asiste',NULL,311,3,229),(9052,'falta',NULL,311,3,231),(9053,'asiste',NULL,311,3,232),(9054,'asiste',NULL,311,3,233),(9055,'asiste',NULL,311,3,234),(9056,'falta',NULL,311,3,235),(9057,'falta',NULL,311,3,236),(9058,'falta',NULL,311,3,238),(9059,'asiste',NULL,311,3,239),(9060,'falta',NULL,311,3,241),(9061,'falta',NULL,311,3,242),(9062,'falta',NULL,311,3,243),(9063,'falta',NULL,311,3,244),(9064,'asiste',NULL,311,3,245),(9065,'falta',NULL,311,3,247),(9066,'falta',NULL,311,3,248),(9067,'falta',NULL,311,3,249),(9068,'asiste',NULL,311,3,250),(9069,'falta',NULL,311,3,251),(9070,'asiste',NULL,311,3,252),(9071,'asiste',NULL,311,3,253),(9072,'falta',NULL,311,3,254),(9073,'falta',NULL,311,3,316),(9074,'asiste',NULL,311,3,322),(9075,'asiste',NULL,311,3,326),(9076,'falta',NULL,311,3,329),(9077,'falta',NULL,311,3,346),(9078,'falta',NULL,311,3,354),(9079,'asiste',NULL,312,3,85),(9080,'asiste',NULL,312,3,18),(9081,'asiste',NULL,312,3,5),(9082,'asiste',NULL,312,3,6),(9083,'asiste',NULL,312,3,7),(9084,'asiste',NULL,312,3,8),(9085,'asiste',NULL,312,3,9),(9086,'asiste',NULL,312,3,10),(9087,'asiste',NULL,312,3,11),(9088,'asiste',NULL,312,3,12),(9089,'asiste',NULL,312,3,13),(9090,'disculpa',NULL,312,3,14),(9091,'disculpa',NULL,312,3,16),(9092,'asiste',NULL,312,3,17),(9093,'asiste',NULL,312,2,19),(9094,'asiste',NULL,312,3,21),(9095,'asiste',NULL,312,3,22),(9096,'asiste',NULL,312,3,23),(9097,'asiste',NULL,312,3,24),(9098,'asiste',NULL,312,3,25),(9099,'asiste',NULL,312,3,28),(9100,'asiste',NULL,312,3,29),(9101,'asiste',NULL,312,3,31),(9102,'asiste',NULL,312,3,32),(9103,'falta',NULL,312,3,33),(9104,'falta',NULL,312,3,34),(9105,'asiste',NULL,312,3,35),(9106,'asiste',NULL,312,3,36),(9107,'falta',NULL,312,3,38),(9108,'disculpa',NULL,312,3,40),(9109,'asiste',NULL,312,3,41),(9110,'falta',NULL,312,3,42),(9111,'disculpa',NULL,312,3,43),(9112,'asiste',NULL,312,3,44),(9113,'asiste',NULL,312,3,47),(9114,'asiste',NULL,312,3,49),(9115,'asiste',NULL,312,3,51),(9116,'asiste',NULL,312,3,52),(9117,'falta',NULL,312,3,54),(9118,'asiste',NULL,312,3,55),(9119,'asiste',NULL,312,3,57),(9120,'asiste',NULL,312,3,58),(9121,'asiste',NULL,312,3,60),(9122,'asiste',NULL,312,3,61),(9123,'asiste',NULL,312,3,62),(9124,'disculpa',NULL,312,3,63),(9125,'asiste',NULL,312,3,65),(9126,'asiste',NULL,312,3,66),(9127,'falta',NULL,312,3,67),(9128,'asiste',NULL,312,3,68),(9129,'asiste',NULL,312,3,69),(9130,'asiste',NULL,312,3,70),(9131,'asiste',NULL,312,3,71),(9132,'asiste',NULL,312,3,72),(9133,'asiste',NULL,312,3,75),(9134,'asiste',NULL,312,3,76),(9135,'asiste',NULL,312,3,77),(9136,'asiste',NULL,312,3,78),(9137,'falta',NULL,312,3,79),(9138,'falta',NULL,312,3,82),(9139,'disculpa',NULL,312,3,83),(9140,'falta',NULL,312,3,84),(9141,'asiste',NULL,312,1,86),(9142,'asiste',NULL,312,3,87),(9143,'asiste',NULL,312,3,88),(9144,'asiste',NULL,312,3,89),(9145,'asiste',NULL,312,3,91),(9146,'asiste',NULL,312,3,92),(9147,'asiste',NULL,312,3,93),(9148,'asiste',NULL,312,3,95),(9149,'asiste',NULL,312,3,96),(9150,'asiste',NULL,312,3,97),(9151,'falta',NULL,312,3,98),(9152,'asiste',NULL,312,3,99),(9153,'asiste',NULL,312,3,101),(9154,'disculpa',NULL,312,3,102),(9155,'falta',NULL,312,3,104),(9156,'asiste',NULL,312,3,105),(9157,'asiste',NULL,312,3,106),(9158,'falta',NULL,312,3,107),(9159,'asiste',NULL,312,3,109),(9160,'asiste',NULL,312,3,110),(9161,'asiste',NULL,312,3,111),(9162,'asiste',NULL,312,3,112),(9163,'asiste',NULL,312,3,113),(9164,'asiste',NULL,312,3,114),(9165,'asiste',NULL,312,3,115),(9166,'falta',NULL,312,3,117),(9167,'asiste',NULL,312,3,118),(9168,'falta',NULL,312,3,121),(9169,'disculpa',NULL,312,3,122),(9170,'asiste',NULL,312,3,123),(9171,'falta',NULL,312,3,124),(9172,'asiste',NULL,312,3,125),(9173,'asiste',NULL,312,3,126),(9174,'asiste',NULL,312,3,129),(9175,'asiste',NULL,312,3,131),(9176,'asiste',NULL,312,3,132),(9177,'asiste',NULL,312,3,133),(9178,'asiste',NULL,312,3,134),(9179,'asiste',NULL,312,3,135),(9180,'asiste',NULL,312,3,136),(9181,'falta',NULL,312,3,137),(9182,'asiste',NULL,312,3,138),(9183,'asiste',NULL,312,3,139),(9184,'asiste',NULL,312,3,140),(9185,'asiste',NULL,312,3,141),(9186,'asiste',NULL,312,3,142),(9187,'disculpa',NULL,312,3,143),(9188,'asiste',NULL,312,3,145),(9189,'asiste',NULL,312,3,146),(9190,'falta',NULL,312,3,147),(9191,'asiste',NULL,312,3,148),(9192,'disculpa',NULL,312,3,149),(9193,'asiste',NULL,312,3,150),(9194,'disculpa',NULL,312,3,151),(9195,'asiste',NULL,312,3,152),(9196,'disculpa',NULL,312,3,153),(9197,'asiste',NULL,312,3,154),(9198,'asiste',NULL,312,3,155),(9199,'asiste',NULL,312,3,156),(9200,'asiste',NULL,312,3,157),(9201,'falta',NULL,312,3,158),(9202,'asiste',NULL,312,3,159),(9203,'asiste',NULL,312,3,160),(9204,'asiste',NULL,312,3,162),(9205,'falta',NULL,312,3,163),(9206,'falta',NULL,312,3,164),(9207,'falta',NULL,312,3,165),(9208,'asiste',NULL,312,3,166),(9209,'falta',NULL,312,3,167),(9210,'asiste',NULL,312,3,168),(9211,'asiste',NULL,312,3,170),(9212,'asiste',NULL,312,3,174),(9213,'asiste',NULL,312,3,176),(9214,'falta',NULL,312,3,177),(9215,'falta',NULL,312,3,178),(9216,'falta',NULL,312,3,179),(9217,'falta',NULL,312,3,181),(9218,'asiste',NULL,312,3,183),(9219,'asiste',NULL,312,3,184),(9220,'falta',NULL,312,3,185),(9221,'disculpa',NULL,312,3,186),(9222,'falta',NULL,312,3,187),(9223,'asiste',NULL,312,3,188),(9224,'asiste',NULL,312,3,189),(9225,'asiste',NULL,312,3,190),(9226,'falta',NULL,312,3,195),(9227,'falta',NULL,312,3,196),(9228,'asiste',NULL,312,3,197),(9229,'asiste',NULL,312,3,198),(9230,'disculpa',NULL,312,3,199),(9231,'falta',NULL,312,3,200),(9232,'falta',NULL,312,3,202),(9233,'falta',NULL,312,3,203),(9234,'asiste',NULL,312,3,205),(9235,'asiste',NULL,312,3,207),(9236,'falta',NULL,312,3,208),(9237,'falta',NULL,312,3,209),(9238,'falta',NULL,312,3,212),(9239,'falta',NULL,312,3,213),(9240,'falta',NULL,312,3,214),(9241,'asiste',NULL,312,3,215),(9242,'asiste',NULL,312,3,218),(9243,'falta',NULL,312,3,219),(9244,'disculpa',NULL,312,3,221),(9245,'falta',NULL,312,3,222),(9246,'asiste',NULL,312,3,223),(9247,'falta',NULL,312,3,225),(9248,'falta',NULL,312,3,227),(9249,'asiste',NULL,312,3,229),(9250,'falta',NULL,312,3,231),(9251,'falta',NULL,312,3,232),(9252,'falta',NULL,312,3,233),(9253,'asiste',NULL,312,3,234),(9254,'falta',NULL,312,3,235),(9255,'falta',NULL,312,3,236),(9256,'falta',NULL,312,3,238),(9257,'asiste',NULL,312,3,239),(9258,'falta',NULL,312,3,241),(9259,'falta',NULL,312,3,242),(9260,'falta',NULL,312,3,243),(9261,'falta',NULL,312,3,244),(9262,'asiste',NULL,312,3,245),(9263,'falta',NULL,312,3,247),(9264,'asiste',NULL,312,3,248),(9265,'falta',NULL,312,3,249),(9266,'asiste',NULL,312,3,250),(9267,'falta',NULL,312,3,251),(9268,'asiste',NULL,312,3,252),(9269,'asiste',NULL,312,3,253),(9270,'falta',NULL,312,3,254),(9271,'falta',NULL,312,3,316),(9272,'asiste',NULL,312,3,322),(9273,'asiste',NULL,312,3,326),(9274,'falta',NULL,312,3,329),(9275,'falta',NULL,312,3,346),(9276,'falta',NULL,312,3,354),(9277,'asiste',NULL,313,1,86),(9278,'asiste',NULL,313,2,19),(9279,'asiste',NULL,313,3,54),(9280,'asiste',NULL,313,3,29),(9281,'asiste',NULL,313,3,14),(9282,'asiste',NULL,313,3,165),(9283,'asiste',NULL,313,3,172),(9284,'asiste',NULL,303,1,86),(9285,'asiste',NULL,303,2,110),(9286,'asiste',NULL,303,3,12),(9287,'asiste',NULL,303,3,13),(9288,'asiste',NULL,303,3,25),(9289,'asiste',NULL,303,3,35),(9290,'asiste',NULL,303,3,36),(9291,'asiste',NULL,303,3,40),(9292,'disculpa',NULL,303,3,72),(9293,'asiste',NULL,303,3,141),(9294,'asiste',NULL,303,3,102),(9295,'asiste',NULL,303,3,106),(9296,'disculpa',NULL,303,3,112),(9297,'asiste',NULL,303,3,133),(9298,'disculpa',NULL,303,3,113),(9299,'asiste',NULL,303,3,125),(9300,'disculpa',NULL,303,3,135),(9301,'asiste',NULL,303,3,146),(9302,'disculpa',NULL,303,3,151),(9303,'disculpa',NULL,314,1,91),(9304,'asiste',NULL,314,1,65),(9305,'asiste',NULL,314,2,19),(9306,'asiste',NULL,314,3,68),(9307,'asiste',NULL,314,3,122),(9308,'asiste',NULL,314,3,141),(9309,'asiste',NULL,314,3,155),(9310,'falta',NULL,314,3,202),(9311,'falta',NULL,314,3,244),(9312,'asiste',NULL,314,3,169),(9313,'falta',NULL,314,3,237),(9314,'asiste',NULL,315,3,16),(9315,'asiste',NULL,315,2,19),(9316,'asiste',NULL,315,3,29),(9317,'falta',NULL,315,3,175),(9318,'asiste',NULL,315,3,52),(9319,'disculpa',NULL,315,3,57),(9320,'asiste',NULL,315,3,191),(9321,'asiste',NULL,315,3,76),(9322,'asiste',NULL,315,1,86),(9323,'asiste',NULL,315,3,101),(9324,'falta',NULL,315,3,250),(9325,'asiste',NULL,315,3,159),(9326,'disculpa',NULL,316,1,91),(9327,'asiste',NULL,316,2,19),(9328,'asiste',NULL,316,1,65),(9329,'asiste',NULL,316,3,155),(9330,'disculpa',NULL,316,3,141),(9331,'disculpa',NULL,316,3,68),(9332,'disculpa',NULL,316,3,122),(9333,'asiste',NULL,316,3,237),(9334,'asiste',NULL,316,3,202),(9335,'asiste',NULL,316,3,244),(9336,'asiste',NULL,316,3,169),(9337,'asiste',NULL,158,1,86),(9338,'asiste',NULL,158,2,19),(9339,'asiste',NULL,158,3,16),(9340,'disculpa',NULL,158,3,29),(9341,'asiste',NULL,158,3,52),(9342,'asiste',NULL,158,3,57),(9343,'asiste',NULL,158,3,76),(9344,'falta',NULL,158,3,101),(9345,'falta',NULL,158,3,159),(9346,'falta',NULL,158,3,175),(9347,'asiste',NULL,158,3,191),(9348,'asiste',NULL,158,3,250),(9349,'asiste',NULL,261,1,86),(9350,'asiste',NULL,261,2,19),(9351,'asiste',NULL,261,3,16),(9352,'asiste',NULL,261,3,29),(9353,'asiste',NULL,261,3,52),(9354,'asiste',NULL,261,3,57),(9355,'asiste',NULL,261,3,76),(9356,'falta',NULL,261,3,101),(9357,'asiste',NULL,261,3,159),(9358,'falta',NULL,261,3,175),(9359,'asiste',NULL,261,3,191),(9360,'asiste',NULL,261,3,250),(9361,'asiste',NULL,317,1,86),(9362,'asiste',NULL,317,2,19),(9363,'asiste',NULL,317,3,16),(9364,'asiste',NULL,317,3,29),(9365,'asiste',NULL,317,3,52),(9366,'asiste',NULL,317,3,57),(9367,'asiste',NULL,317,3,76),(9368,'asiste',NULL,317,3,101),(9369,'asiste',NULL,317,3,159),(9370,'falta',NULL,317,3,175),(9371,'asiste',NULL,317,3,191),(9372,'asiste',NULL,317,3,250),(9373,'asiste',NULL,318,1,76),(9374,'asiste',NULL,318,2,19),(9375,'falta',NULL,318,3,25),(9376,'asiste',NULL,318,3,51),(9377,'asiste',NULL,318,3,52),(9378,'asiste',NULL,318,3,115),(9379,'disculpa',NULL,318,3,140),(9380,'asiste',NULL,319,1,91),(9381,'asiste',NULL,319,2,19),(9382,'disculpa',NULL,319,3,65),(9383,'disculpa',NULL,319,3,68),(9384,'asiste',NULL,319,3,122),(9385,'asiste',NULL,319,3,141),(9386,'disculpa',NULL,319,3,155),(9387,'asiste',NULL,320,1,91),(9388,'asiste',NULL,320,2,19),(9389,'asiste',NULL,320,3,65),(9390,'disculpa',NULL,320,3,68),(9391,'asiste',NULL,320,3,122),(9392,'disculpa',NULL,320,3,141),(9393,'disculpa',NULL,320,3,155),(9394,'asiste',NULL,320,3,169),(9395,'asiste',NULL,321,1,91),(9396,'asiste',NULL,321,2,19),(9397,'asiste',NULL,321,3,65),(9398,'disculpa',NULL,321,3,68),(9399,'asiste',NULL,321,3,122),(9400,'asiste',NULL,321,3,141),(9401,'asiste',NULL,321,3,155),(9402,'asiste',NULL,321,3,169),(9403,'asiste',NULL,322,1,91),(9404,'asiste',NULL,322,2,19),(9405,'asiste',NULL,322,3,65),(9406,'asiste',NULL,322,3,68),(9407,'disculpa',NULL,322,3,122),(9408,'asiste',NULL,322,3,141),(9409,'asiste',NULL,322,3,155),(9410,'asiste',NULL,322,3,169),(9411,'asiste',NULL,322,3,202),(9412,'asiste',NULL,322,3,237),(9413,'asiste',NULL,322,3,244),(9414,'asiste',NULL,323,1,91),(9415,'asiste',NULL,323,2,19),(9416,'disculpa',NULL,323,3,65),(9417,'asiste',NULL,323,3,68),(9418,'asiste',NULL,323,3,122),(9419,'asiste',NULL,323,3,141),(9420,'disculpa',NULL,323,3,155),(9421,'asiste',NULL,323,3,169),(9422,'asiste',NULL,323,3,202),(9423,'asiste',NULL,323,3,237),(9424,'asiste',NULL,323,3,244),(9425,'asiste',NULL,324,1,91),(9426,'asiste',NULL,324,2,19),(9427,'asiste',NULL,324,3,65),(9428,'falta',NULL,324,3,68),(9429,'asiste',NULL,324,3,122),(9430,'asiste',NULL,324,3,141),(9431,'disculpa',NULL,324,3,155),(9432,'asiste',NULL,324,3,169),(9433,'asiste',NULL,324,3,202),(9434,'asiste',NULL,324,3,237),(9435,'asiste',NULL,324,3,244),(9436,'asiste',NULL,325,1,65),(9437,'disculpa',NULL,325,1,91),(9438,'disculpa',NULL,325,2,19),(9439,'asiste',NULL,325,2,122),(9440,'asiste',NULL,325,3,68),(9441,'asiste',NULL,325,3,141),(9442,'asiste',NULL,325,3,155),(9443,'asiste',NULL,325,3,169),(9444,NULL,NULL,325,3,202),(9445,'asiste',NULL,325,3,237),(9446,NULL,NULL,325,3,244),(9447,'asiste',NULL,326,1,65),(9448,'disculpa',NULL,326,1,91),(9449,'asiste',NULL,326,2,19),(9450,'asiste',NULL,326,3,68),(9451,'asiste',NULL,326,3,122),(9452,'disculpa',NULL,326,3,141),(9453,'asiste',NULL,326,3,155),(9454,'asiste',NULL,326,3,169),(9455,'asiste',NULL,326,3,202),(9456,NULL,NULL,326,3,237),(9457,'asiste',NULL,326,3,244),(9458,'asiste',NULL,327,1,91),(9459,'asiste',NULL,327,2,19),(9460,'asiste',NULL,327,3,5),(9461,'asiste',NULL,327,3,47),(9462,'asiste',NULL,327,3,65),(9463,'asiste',NULL,327,3,141),(9464,'asiste',NULL,327,3,155),(9465,'asiste',NULL,327,3,200),(9466,'asiste',NULL,328,1,91),(9467,'asiste',NULL,328,2,19),(9468,'asiste',NULL,328,3,65),(9469,'asiste',NULL,328,3,68),(9470,'asiste',NULL,328,3,122),(9471,'asiste',NULL,328,3,141),(9472,'falta',NULL,328,3,155),(9473,'asiste',NULL,329,1,86),(9474,'asiste',NULL,329,2,91),(9475,'asiste',NULL,329,3,66),(9476,'asiste',NULL,329,3,182),(9477,'asiste',NULL,329,3,219),(9478,'asiste',NULL,330,1,86),(9479,'asiste',NULL,330,2,91),(9480,'asiste',NULL,330,3,66),(9481,'asiste',NULL,330,3,182),(9482,'asiste',NULL,331,1,86),(9483,'asiste',NULL,331,2,91),(9484,'asiste',NULL,331,3,66),(9485,'asiste',NULL,331,3,182),(9486,'asiste',NULL,332,1,86),(9487,'asiste',NULL,332,2,91),(9488,'asiste',NULL,332,3,66),(9489,'asiste',NULL,333,1,86),(9490,'asiste',NULL,333,2,91),(9491,'asiste',NULL,333,3,66),(9492,'asiste',NULL,334,1,86),(9493,'asiste',NULL,334,2,91),(9494,'asiste',NULL,334,3,66),(9495,'asiste',NULL,334,3,169),(9496,'asiste',NULL,334,3,171),(9497,'falta',NULL,334,3,173),(9498,'asiste',NULL,336,1,52),(9499,'asiste',NULL,336,2,97),(9500,'disculpa',NULL,336,3,76),(9501,'asiste',NULL,336,3,141),(9502,'asiste',NULL,336,3,233),(9503,'asiste',NULL,336,3,250),(9504,'asiste',NULL,337,1,52),(9505,'asiste',NULL,337,2,97),(9506,'asiste',NULL,337,3,76),(9507,'asiste',NULL,337,3,141),(9508,'disculpa',NULL,337,3,233),(9509,'asiste',NULL,337,3,250),(9510,'asiste',NULL,338,1,52),(9511,'asiste',NULL,338,2,97),(9512,'asiste',NULL,338,3,76),(9513,'disculpa',NULL,338,3,141),(9514,'asiste',NULL,338,3,233),(9515,'asiste',NULL,338,3,250),(9516,'asiste',NULL,339,1,52),(9517,'asiste',NULL,339,2,97),(9518,'asiste',NULL,339,3,76),(9519,'asiste',NULL,339,3,141),(9520,'asiste',NULL,339,3,233),(9521,'asiste',NULL,339,3,250),(9522,'asiste',NULL,340,1,52),(9523,'asiste',NULL,340,2,97),(9524,'asiste',NULL,340,3,76),(9525,'asiste',NULL,340,3,141),(9526,'asiste',NULL,340,3,233),(9527,'asiste',NULL,340,3,250),(9528,'asiste',NULL,341,1,52),(9529,'asiste',NULL,341,2,97),(9530,'asiste',NULL,341,3,76),(9531,'asiste',NULL,341,3,141),(9532,'asiste',NULL,341,3,233),(9533,'falta',NULL,341,3,250),(9534,'asiste',NULL,342,1,52),(9535,'asiste',NULL,342,2,97),(9536,'asiste',NULL,342,3,76),(9537,'asiste',NULL,342,3,141),(9538,'asiste',NULL,342,3,201),(9539,'asiste',NULL,342,3,204),(9540,'asiste',NULL,317,3,16),(9541,'asiste',NULL,317,2,19),(9542,'asiste',NULL,318,2,19),(9543,'falta',NULL,318,3,25),(9544,'asiste',NULL,317,3,29),(9545,'falta',NULL,317,3,175),(9546,'asiste',NULL,318,3,51),(9547,'asiste',NULL,317,3,52),(9548,'asiste',NULL,318,3,52),(9549,'asiste',NULL,317,3,57),(9550,'asiste',NULL,317,3,191),(9551,'asiste',NULL,318,1,76),(9552,'asiste',NULL,317,1,86),(9553,'asiste',NULL,317,3,101),(9554,'asiste',NULL,318,3,115),(9555,'disculpa',NULL,318,3,140),(9556,'asiste',NULL,317,3,250),(9557,'asiste',NULL,317,3,159),(9558,'asiste',NULL,343,1,86),(9559,'asiste',NULL,343,2,19),(9560,'asiste',NULL,343,4,65),(9561,'asiste',NULL,343,3,191),(9562,'asiste',NULL,343,3,77),(9563,'asiste',NULL,343,3,76),(9564,'asiste',NULL,343,3,110),(9565,'asiste',NULL,343,3,131),(9566,'falta',NULL,343,3,137),(9567,'asiste',NULL,343,3,151),(9568,'falta',NULL,343,3,153),(9569,'asiste',NULL,343,3,158),(9570,'disculpa',NULL,344,3,22),(9571,'disculpa',NULL,344,3,36),(9572,'disculpa',NULL,344,3,38),(9573,'disculpa',NULL,344,3,40),(9574,'disculpa',NULL,344,3,41),(9575,'disculpa',NULL,344,3,48),(9576,'disculpa',NULL,344,3,68),(9577,'disculpa',NULL,344,3,91),(9578,'disculpa',NULL,344,3,115),(9579,'disculpa',NULL,344,3,122),(9580,'disculpa',NULL,344,3,137),(9581,'disculpa',NULL,344,3,140),(9582,'disculpa',NULL,344,3,156),(9583,'asiste',NULL,344,3,5),(9584,'asiste',NULL,344,3,6),(9585,'asiste',NULL,344,3,7),(9586,'asiste',NULL,344,3,150),(9587,'asiste',NULL,344,3,9),(9588,'asiste',NULL,344,3,10),(9589,'asiste',NULL,344,3,11),(9590,'asiste',NULL,344,3,12),(9591,'asiste',NULL,344,3,13),(9592,'asiste',NULL,344,3,14),(9593,'asiste',NULL,344,3,16),(9594,'asiste',NULL,344,3,18),(9595,'asiste',NULL,344,2,19),(9596,'asiste',NULL,344,3,21),(9597,'asiste',NULL,344,3,23),(9598,'asiste',NULL,344,3,25),(9599,'asiste',NULL,344,3,28),(9600,'asiste',NULL,344,3,29),(9601,'asiste',NULL,344,3,30),(9602,'asiste',NULL,344,3,31),(9603,'asiste',NULL,344,3,33),(9604,'asiste',NULL,344,3,34),(9605,'asiste',NULL,344,3,35),(9606,'asiste',NULL,344,3,44),(9607,'asiste',NULL,344,3,45),(9608,'asiste',NULL,344,3,46),(9609,'asiste',NULL,344,3,47),(9610,'asiste',NULL,344,3,49),(9611,'asiste',NULL,344,3,50),(9612,'asiste',NULL,344,3,51),(9613,'asiste',NULL,344,3,52),(9614,'asiste',NULL,344,3,180),(9615,'asiste',NULL,344,3,54),(9616,'asiste',NULL,344,3,56),(9617,'asiste',NULL,344,3,57),(9618,'asiste',NULL,344,3,58),(9619,'asiste',NULL,344,3,59),(9620,'asiste',NULL,344,3,60),(9621,'asiste',NULL,344,3,61),(9622,'asiste',NULL,344,3,185),(9623,'asiste',NULL,344,3,65),(9624,'asiste',NULL,344,3,66),(9625,'asiste',NULL,344,3,192),(9626,'asiste',NULL,344,3,69),(9627,'asiste',NULL,344,3,70),(9628,'asiste',NULL,344,3,71),(9629,'asiste',NULL,344,3,72),(9630,'asiste',NULL,344,3,73),(9631,'asiste',NULL,344,3,75),(9632,'asiste',NULL,344,3,76),(9633,'asiste',NULL,344,3,77),(9634,'asiste',NULL,344,3,78),(9635,'asiste',NULL,344,3,79),(9636,'asiste',NULL,344,3,81),(9637,'asiste',NULL,344,3,83),(9638,'asiste',NULL,344,3,85),(9639,'asiste',NULL,344,1,86),(9640,'asiste',NULL,344,3,87),(9641,'asiste',NULL,344,3,88),(9642,'asiste',NULL,344,3,89),(9643,'asiste',NULL,344,3,92),(9644,'asiste',NULL,344,3,204),(9645,'asiste',NULL,344,3,93),(9646,'asiste',NULL,344,3,206),(9647,'asiste',NULL,344,3,95),(9648,'asiste',NULL,344,3,96),(9649,'asiste',NULL,344,3,97),(9650,'asiste',NULL,344,3,99),(9651,'asiste',NULL,344,3,100),(9652,'asiste',NULL,344,3,101),(9653,'asiste',NULL,344,3,102),(9654,'asiste',NULL,344,3,104),(9655,'asiste',NULL,344,3,106),(9656,'asiste',NULL,344,3,107),(9657,'asiste',NULL,344,3,109),(9658,'asiste',NULL,344,3,110),(9659,'asiste',NULL,344,3,111),(9660,'asiste',NULL,344,3,112),(9661,'asiste',NULL,344,3,114),(9662,'asiste',NULL,344,3,117),(9663,'asiste',NULL,344,3,118),(9664,'asiste',NULL,344,3,123),(9665,'asiste',NULL,344,3,125),(9666,'asiste',NULL,344,3,126),(9667,'asiste',NULL,344,3,131),(9668,'asiste',NULL,344,3,133),(9669,'asiste',NULL,344,3,228),(9670,'asiste',NULL,344,3,134),(9671,'asiste',NULL,344,3,135),(9672,'asiste',NULL,344,3,138),(9673,'asiste',NULL,344,3,139),(9674,'asiste',NULL,344,3,239),(9675,'asiste',NULL,344,3,240),(9676,'asiste',NULL,344,3,141),(9677,'asiste',NULL,344,3,143),(9678,'asiste',NULL,344,3,245),(9679,'asiste',NULL,344,3,145),(9680,'asiste',NULL,344,3,146),(9681,'asiste',NULL,344,3,148),(9682,'asiste',NULL,344,3,149),(9683,'asiste',NULL,344,3,8),(9684,'asiste',NULL,344,3,151),(9685,'asiste',NULL,344,3,152),(9686,'asiste',NULL,344,3,250),(9687,'asiste',NULL,344,3,153),(9688,'asiste',NULL,344,3,154),(9689,'asiste',NULL,344,3,155),(9690,'asiste',NULL,344,3,157),(9691,'asiste',NULL,344,3,160),(9692,'asiste',NULL,344,3,255),(9693,'asiste',NULL,344,3,162),(9694,'falta',NULL,344,3,165),(9695,'falta',NULL,344,3,17),(9696,'falta',NULL,344,3,167),(9697,'falta',NULL,344,3,171),(9698,'falta',NULL,344,3,172),(9699,'falta',NULL,344,3,173),(9700,'falta',NULL,344,3,175),(9701,'falta',NULL,344,3,43),(9702,'falta',NULL,344,3,55),(9703,'falta',NULL,344,3,82),(9704,'falta',NULL,344,3,201),(9705,'falta',NULL,344,3,202),(9706,'falta',NULL,344,3,210),(9707,'falta',NULL,344,3,211),(9708,'falta',NULL,344,3,105),(9709,'falta',NULL,344,3,214),(9710,'falta',NULL,344,3,215),(9711,'falta',NULL,344,3,216),(9712,'falta',NULL,344,3,113),(9713,'falta',NULL,344,3,116),(9714,'falta',NULL,344,3,217),(9715,'falta',NULL,344,3,121),(9716,'falta',NULL,344,3,224),(9717,'falta',NULL,344,3,229),(9718,'falta',NULL,344,3,136),(9719,'falta',NULL,344,3,237),(9720,'falta',NULL,344,3,244),(9721,'falta',NULL,344,3,147),(9722,'falta',NULL,344,3,246),(9723,'falta',NULL,344,3,158),(9724,'falta',NULL,344,3,256),(9725,'asiste',NULL,345,2,19),(9726,'asiste',NULL,345,3,169),(9727,'asiste',NULL,345,1,65),(9728,'disculpa',NULL,345,3,68),(9729,'disculpa',NULL,345,1,91),(9730,'falta',NULL,345,3,202),(9731,'disculpa',NULL,345,3,122),(9732,'asiste',NULL,345,3,237),(9733,'asiste',NULL,345,3,141),(9734,'falta',NULL,345,3,244),(9735,'asiste',NULL,345,3,155),(9736,'asiste',NULL,346,3,13),(9737,'asiste',NULL,346,2,19),(9738,'asiste',NULL,346,3,28),(9739,'asiste',NULL,346,3,33),(9740,'asiste',NULL,346,3,45),(9741,'asiste',NULL,346,3,50),(9742,'asiste',NULL,346,3,71),(9743,'asiste',NULL,346,1,110),(9744,'falta',NULL,346,3,129),(9745,'asiste',NULL,346,3,131),(9746,'asiste',NULL,346,3,137),(9747,'asiste',NULL,346,3,141),(9748,'disculpa',NULL,346,3,143),(9749,'asiste',NULL,346,3,155),(9750,'asiste',NULL,347,1,76),(9751,'asiste',NULL,347,2,19),(9752,'asiste',NULL,347,3,25),(9753,'asiste',NULL,347,3,51),(9754,'asiste',NULL,347,3,52),(9755,'asiste',NULL,347,3,91),(9756,'disculpa',NULL,347,3,115),(9757,'asiste',NULL,349,3,165),(9758,'asiste',NULL,349,2,19),(9759,'asiste',NULL,349,3,28),(9760,'asiste',NULL,349,3,29),(9761,'asiste',NULL,349,3,54),(9762,'asiste',NULL,349,1,86),(9763,'asiste',NULL,349,3,222),(9764,'asiste',NULL,348,3,165),(9765,'asiste',NULL,348,2,19),(9766,'asiste',NULL,348,3,28),(9767,'asiste',NULL,348,3,29),(9768,'asiste',NULL,348,3,92),(9769,'asiste',NULL,348,1,86),(9770,'asiste',NULL,348,3,172),(9771,'asiste',NULL,350,3,165),(9772,'asiste',NULL,350,2,19),(9773,'asiste',NULL,350,3,28),(9774,'asiste',NULL,350,3,29),(9775,'asiste',NULL,350,3,54),(9776,'asiste',NULL,350,1,86),(9777,'asiste',NULL,351,1,86),(9778,'asiste',NULL,351,2,19),(9779,'asiste',NULL,351,3,165),(9780,'asiste',NULL,351,3,28),(9781,'asiste',NULL,351,3,29),(9782,'asiste',NULL,351,3,199),(9783,'asiste',NULL,351,3,92),(9784,'asiste',NULL,352,1,86),(9785,'asiste',NULL,352,2,19),(9786,'asiste',NULL,352,3,165),(9787,'asiste',NULL,352,3,28),(9788,'asiste',NULL,352,3,29),(9789,'asiste',NULL,352,3,199),(9790,'asiste',NULL,352,3,92),(9791,'asiste',NULL,353,1,86),(9792,'asiste',NULL,353,2,19),(9793,'asiste',NULL,353,3,165),(9794,'asiste',NULL,353,3,28),(9795,'asiste',NULL,353,3,29),(9796,'asiste',NULL,353,3,199),(9797,'asiste',NULL,353,3,92),(9798,'asiste',NULL,354,1,151),(9799,'asiste',NULL,354,2,82),(9800,'asiste',NULL,354,3,28),(9801,'asiste',NULL,354,3,29),(9802,'asiste',NULL,354,3,54),(9803,'asiste',NULL,354,3,191),(9804,'asiste',NULL,355,1,151),(9805,'asiste',NULL,355,2,82),(9806,'asiste',NULL,355,3,29),(9807,'asiste',NULL,355,3,191),(9808,'asiste',NULL,355,3,222),(9809,'asiste',NULL,356,1,151),(9810,'asiste',NULL,356,2,82),(9811,'asiste',NULL,356,3,275),(9812,'asiste',NULL,356,3,28),(9813,'asiste',NULL,356,3,29),(9814,'asiste',NULL,356,3,191),(9815,'asiste',NULL,356,3,159),(9816,'asiste',NULL,357,1,151),(9817,'asiste',NULL,357,2,82),(9818,'asiste',NULL,357,3,28),(9819,'asiste',NULL,357,3,29),(9820,'asiste',NULL,357,3,54),(9821,'asiste',NULL,357,3,222),(9822,'asiste',NULL,357,3,233),(9823,'asiste',NULL,358,1,151),(9824,'asiste',NULL,358,2,82),(9825,'asiste',NULL,358,3,28),(9826,'asiste',NULL,358,3,29),(9827,'asiste',NULL,358,3,265),(9828,'asiste',NULL,358,3,54),(9829,'asiste',NULL,358,3,108),(9830,'asiste',NULL,359,1,151),(9831,'asiste',NULL,359,2,82),(9832,'asiste',NULL,359,3,28),(9833,'asiste',NULL,359,3,29),(9834,'asiste',NULL,359,3,266),(9835,'asiste',NULL,359,3,54),(9836,'asiste',NULL,359,3,108),(9837,'asiste',NULL,360,1,151),(9838,'asiste',NULL,360,2,82),(9839,'asiste',NULL,360,3,28),(9840,'asiste',NULL,360,3,29),(9841,'asiste',NULL,360,3,265),(9842,'asiste',NULL,360,3,54),(9843,'asiste',NULL,360,3,264),(9844,'asiste',NULL,361,1,151),(9845,'asiste',NULL,361,2,82),(9846,'asiste',NULL,361,3,29),(9847,'asiste',NULL,361,3,36),(9848,'asiste',NULL,361,3,265),(9849,'asiste',NULL,361,3,57),(9850,'asiste',NULL,361,3,264),(9851,'asiste',NULL,362,1,151),(9852,'asiste',NULL,362,2,155),(9853,'asiste',NULL,362,3,28),(9854,'asiste',NULL,362,3,29),(9855,'asiste',NULL,362,3,54),(9856,'asiste',NULL,362,3,269),(9857,'asiste',NULL,362,3,233),(9858,'asiste',NULL,363,1,151),(9859,'asiste',NULL,363,2,155),(9860,'asiste',NULL,363,3,28),(9861,'asiste',NULL,363,3,29),(9862,'asiste',NULL,363,3,54),(9863,'asiste',NULL,363,3,269),(9864,'asiste',NULL,363,3,233),(9865,'disculpa',NULL,364,3,10),(9866,'asiste',NULL,364,3,16),(9867,'asiste',NULL,364,3,19),(9868,'asiste',NULL,364,3,40),(9869,'asiste',NULL,364,3,44),(9870,'disculpa',NULL,364,3,54),(9871,'asiste',NULL,364,3,56),(9872,'asiste',NULL,364,3,57),(9873,'asiste',NULL,364,3,71),(9874,'asiste',NULL,364,3,77),(9875,'asiste',NULL,364,2,91),(9876,'disculpa',NULL,364,3,135),(9877,'asiste',NULL,364,3,138),(9878,'disculpa',NULL,364,3,147),(9879,'asiste',NULL,364,1,155),(9880,'falta',NULL,364,3,162),(9881,'asiste',NULL,365,3,10),(9882,'asiste',NULL,365,3,12),(9883,'falta',NULL,365,3,16),(9884,'asiste',NULL,365,3,19),(9885,'falta',NULL,365,3,44),(9886,'disculpa',NULL,365,3,54),(9887,'asiste',NULL,365,3,56),(9888,'asiste',NULL,365,3,57),(9889,'asiste',NULL,365,5,65),(9890,'falta',NULL,365,3,71),(9891,'asiste',NULL,365,3,77),(9892,'asiste',NULL,365,3,109),(9893,'asiste',NULL,365,2,110),(9894,'disculpa',NULL,365,3,135),(9895,'asiste',NULL,365,3,138),(9896,'falta',NULL,365,3,147),(9897,'asiste',NULL,365,3,152),(9898,'asiste',NULL,365,1,155),(9899,'falta',NULL,365,3,162),(9900,'asiste',NULL,366,1,36),(9901,'asiste',NULL,366,2,91),(9902,'asiste',NULL,366,3,9),(9903,'asiste',NULL,366,3,19),(9904,'asiste',NULL,366,3,40),(9905,'asiste',NULL,366,3,44),(9906,'disculpa',NULL,366,3,54),(9907,'asiste',NULL,366,3,76),(9908,'asiste',NULL,366,3,77),(9909,'asiste',NULL,366,3,78),(9910,'asiste',NULL,366,3,87),(9911,'asiste',NULL,366,3,111),(9912,'asiste',NULL,366,3,114),(9913,'asiste',NULL,366,3,135),(9914,'asiste',NULL,366,3,139),(9915,'asiste',NULL,366,3,152),(9916,'asiste',NULL,366,3,154),(9917,'asiste',NULL,366,3,159),(9918,'falta',NULL,366,3,162),(9919,'asiste',NULL,368,2,19),(9920,'asiste',NULL,368,3,29),(9921,'asiste',NULL,368,1,86),(9922,'asiste',NULL,368,3,16),(9923,'falta',NULL,368,3,175),(9924,'asiste',NULL,368,3,57),(9925,'asiste',NULL,368,3,191),(9926,'asiste',NULL,368,3,76),(9927,'asiste',NULL,368,3,101),(9928,'asiste',NULL,368,3,250),(9929,'asiste',NULL,368,3,52),(9930,'asiste',NULL,368,3,159),(9931,'falta',NULL,370,3,6),(9932,'disculpa',NULL,370,3,7),(9933,'disculpa',NULL,370,3,10),(9934,'falta',NULL,370,3,16),(9935,'asiste',NULL,370,3,19),(9936,'asiste',NULL,370,3,25),(9937,'falta',NULL,370,3,29),(9938,'asiste',NULL,370,3,46),(9939,'disculpa',NULL,370,3,56),(9940,'asiste',NULL,370,3,59),(9941,'asiste',NULL,370,3,71),(9942,'asiste',NULL,370,3,73),(9943,'falta',NULL,370,3,79),(9944,'asiste',NULL,370,2,91),(9945,'falta',NULL,370,3,105),(9946,'asiste',NULL,370,1,117),(9947,'asiste',NULL,370,3,134),(9948,'asiste',NULL,370,3,147),(9949,'falta',NULL,370,3,155),(9950,'asiste',NULL,370,3,160),(9951,'asiste',NULL,369,2,19),(9952,'asiste',NULL,369,3,25),(9953,'disculpa',NULL,369,3,51),(9954,'asiste',NULL,369,3,52),(9955,'asiste',NULL,369,1,76),(9956,'disculpa',NULL,369,3,91),(9957,'asiste',NULL,369,3,115),(9958,'asiste',NULL,372,3,9),(9959,'asiste',NULL,372,1,21),(9960,'disculpa',NULL,372,3,69),(9961,'asiste',NULL,372,3,74),(9962,'asiste',NULL,372,3,76),(9963,'asiste',NULL,372,3,87),(9964,'asiste',NULL,372,2,91),(9965,'asiste',NULL,372,3,111),(9966,'asiste',NULL,372,3,114),(9967,'asiste',NULL,372,3,118),(9968,'asiste',NULL,372,3,136),(9969,'disculpa',NULL,372,3,137),(9970,'disculpa',NULL,372,3,139),(9971,'disculpa',NULL,372,3,140),(9972,'asiste',NULL,372,3,149),(9973,'disculpa',NULL,372,3,159),(9974,'falta',NULL,295,3,117),(9975,'falta',NULL,297,3,70),(9976,'falta',NULL,297,3,117),(9977,'falta',NULL,298,3,117),(9978,'asiste',NULL,373,1,36),(9979,'asiste',NULL,373,2,91),(9980,'asiste',NULL,373,3,9),(9981,'asiste',NULL,373,3,40),(9982,'asiste',NULL,373,3,44),(9983,'asiste',NULL,373,3,54),(9984,'falta',NULL,373,3,76),(9985,'asiste',NULL,373,3,77),(9986,'asiste',NULL,373,3,78),(9987,'falta',NULL,373,3,87),(9988,'asiste',NULL,373,3,96),(9989,'asiste',NULL,373,3,111),(9990,'asiste',NULL,373,3,114),(9991,'asiste',NULL,373,3,135),(9992,'disculpa',NULL,373,3,152),(9993,'asiste',NULL,373,3,153),(9994,'asiste',NULL,373,3,154),(9995,'falta',NULL,373,3,159),(9996,'falta',NULL,373,3,162),(9997,'asiste',NULL,373,5,65),(9998,'asiste',NULL,374,1,72),(9999,'asiste',NULL,374,2,91),(10000,'asiste',NULL,374,3,7),(10001,'asiste',NULL,374,3,150),(10002,'asiste',NULL,374,3,13),(10003,'asiste',NULL,374,3,16),(10004,'asiste',NULL,374,3,21),(10005,'asiste',NULL,374,3,28),(10006,'falta',NULL,374,3,29),(10007,'asiste',NULL,374,3,42),(10008,'asiste',NULL,374,3,46),(10009,'asiste',NULL,374,3,73),(10010,'asiste',NULL,374,3,74),(10011,'falta',NULL,374,3,84),(10012,'asiste',NULL,374,3,106),(10013,'asiste',NULL,374,3,114),(10014,'falta',NULL,374,3,117),(10015,'asiste',NULL,374,3,139),(10016,'falta',NULL,374,3,140),(10017,'disculpa',NULL,374,3,149),(10018,'falta',NULL,374,3,159),(10019,'asiste',NULL,375,1,72),(10020,'asiste',NULL,375,2,91),(10021,'asiste',NULL,375,3,7),(10022,'asiste',NULL,375,3,150),(10023,'asiste',NULL,375,3,13),(10024,'disculpa',NULL,375,3,16),(10025,'asiste',NULL,375,3,21),(10026,'asiste',NULL,375,3,28),(10027,'falta',NULL,375,3,29),(10028,'asiste',NULL,375,3,42),(10029,'asiste',NULL,375,3,45),(10030,'asiste',NULL,375,3,46),(10031,'asiste',NULL,375,3,73),(10032,'disculpa',NULL,375,3,84),(10033,'asiste',NULL,375,3,106),(10034,'asiste',NULL,375,3,114),(10035,'asiste',NULL,375,3,117),(10036,'asiste',NULL,375,3,139),(10037,'asiste',NULL,375,3,140),(10038,'disculpa',NULL,375,3,149),(10039,'asiste',NULL,375,3,159),(10040,'asiste',NULL,375,5,65),(10041,'asiste',NULL,376,1,155),(10042,'asiste',NULL,376,2,91),(10043,'asiste',NULL,376,3,10),(10044,'disculpa',NULL,376,3,16),(10045,'asiste',NULL,376,3,32),(10046,'asiste',NULL,376,3,40),(10047,'asiste',NULL,376,3,44),(10048,'asiste',NULL,376,3,52),(10049,'disculpa',NULL,376,3,54),(10050,'disculpa',NULL,376,3,56),(10051,'asiste',NULL,376,3,73),(10052,'asiste',NULL,376,3,77),(10053,'asiste',NULL,376,3,92),(10054,'asiste',NULL,376,3,135),(10055,'asiste',NULL,376,3,138),(10056,'disculpa',NULL,376,3,147),(10057,'asiste',NULL,376,3,8),(10058,'asiste',NULL,376,3,153),(10059,'falta',NULL,376,3,162),(10060,'asiste',NULL,376,5,65),(10061,'asiste',NULL,377,1,21),(10062,'asiste',NULL,377,2,91),(10063,'asiste',NULL,377,3,9),(10064,'asiste',NULL,377,3,13),(10065,'asiste',NULL,377,3,45),(10066,'disculpa',NULL,377,3,69),(10067,'disculpa',NULL,377,3,76),(10068,'asiste',NULL,377,3,87),(10069,'asiste',NULL,377,3,111),(10070,'asiste',NULL,377,3,114),(10071,'asiste',NULL,377,3,117),(10072,'asiste',NULL,377,3,137),(10073,'asiste',NULL,377,3,139),(10074,'asiste',NULL,377,3,140),(10075,'disculpa',NULL,377,3,149),(10076,'disculpa',NULL,377,3,159),(10077,'asiste',NULL,377,5,65),(10078,'asiste',NULL,378,1,79),(10079,'asiste',NULL,378,2,91),(10080,'asiste',NULL,378,3,6),(10081,'disculpa',NULL,378,3,7),(10082,'falta',NULL,378,3,10),(10083,'falta',NULL,378,3,16),(10084,'falta',NULL,378,3,25),(10085,'asiste',NULL,378,3,29),(10086,'asiste',NULL,378,3,46),(10087,'falta',NULL,378,3,56),(10088,'asiste',NULL,378,3,73),(10089,'asiste',NULL,378,3,92),(10090,'asiste',NULL,378,3,105),(10091,'falta',NULL,378,3,117),(10092,'asiste',NULL,378,3,134),(10093,'falta',NULL,378,3,147),(10094,'asiste',NULL,378,3,153),(10095,'asiste',NULL,378,3,155),(10096,'asiste',NULL,378,3,160),(10097,'falta',NULL,295,3,70),(10098,'asiste',NULL,96,1,151),(10099,'asiste',NULL,96,2,155),(10100,'asiste',NULL,96,3,166),(10101,'asiste',NULL,96,3,259),(10102,'asiste',NULL,96,3,115),(10103,'asiste',NULL,96,3,136),(10104,'asiste',NULL,96,3,233),(10105,'asiste',NULL,97,1,151),(10106,'asiste',NULL,97,2,155),(10107,'asiste',NULL,97,3,166),(10108,'asiste',NULL,97,3,259),(10109,'asiste',NULL,97,3,115),(10110,'asiste',NULL,97,3,136),(10111,'asiste',NULL,97,3,233),(10112,'asiste',NULL,379,1,86),(10113,'asiste',NULL,379,2,136),(10114,'asiste',NULL,379,3,180),(10115,'asiste',NULL,379,3,245),(10116,'asiste',NULL,379,3,145),(10117,'asiste',NULL,296,3,72),(10118,'asiste',NULL,296,3,46),(10119,'asiste',NULL,296,3,162),(10120,'asiste',NULL,380,3,13),(10121,'asiste',NULL,380,2,19),(10122,'asiste',NULL,380,3,33),(10123,'asiste',NULL,380,3,45),(10124,'asiste',NULL,380,3,50),(10125,'asiste',NULL,380,3,71),(10126,'asiste',NULL,380,1,110),(10127,'asiste',NULL,380,3,129),(10128,'asiste',NULL,380,3,141),(10129,'asiste',NULL,380,3,143),(10130,'asiste',NULL,380,3,155),(10131,'asiste',NULL,380,3,28),(10132,'asiste',NULL,380,3,137),(10133,'asiste',NULL,380,3,131),(10134,'falta',NULL,381,3,18),(10135,'asiste',NULL,381,1,29),(10136,'disculpa',NULL,381,3,31),(10137,'disculpa',NULL,381,3,45),(10138,'disculpa',NULL,381,3,46),(10139,'asiste',NULL,381,3,52),(10140,'asiste',NULL,381,3,59),(10141,'asiste',NULL,381,3,72),(10142,'falta',NULL,381,3,197),(10143,'disculpa',NULL,381,3,82),(10144,'asiste',NULL,381,3,86),(10145,'disculpa',NULL,381,3,88),(10146,'asiste',NULL,381,2,91),(10147,'asiste',NULL,381,3,92),(10148,'disculpa',NULL,381,3,93),(10149,'falta',NULL,381,3,97),(10150,'asiste',NULL,381,3,98),(10151,'disculpa',NULL,381,3,108),(10152,'asiste',NULL,381,3,112),(10153,'disculpa',NULL,381,3,124),(10154,'asiste',NULL,381,3,126),(10155,'asiste',NULL,381,3,129),(10156,'falta',NULL,381,3,130),(10157,'asiste',NULL,381,3,134),(10158,'asiste',NULL,381,3,135),(10159,'disculpa',NULL,381,3,136),(10160,'asiste',NULL,382,3,16),(10161,'asiste',NULL,382,2,19),(10162,'asiste',NULL,382,3,29),(10163,'falta',NULL,382,3,171),(10164,'asiste',NULL,382,3,34),(10165,'asiste',NULL,382,3,52),(10166,'asiste',NULL,382,3,57),(10167,'asiste',NULL,382,3,65),(10168,'falta',NULL,382,3,193),(10169,'asiste',NULL,382,1,86),(10170,'asiste',NULL,382,3,87),(10171,'asiste',NULL,382,3,91),(10172,'asiste',NULL,382,3,101),(10173,'falta',NULL,382,3,217),(10174,'asiste',NULL,382,3,229),(10175,'falta',NULL,382,3,245),(10176,'asiste',NULL,382,3,159),(10177,'asiste',NULL,383,1,110),(10178,'asiste',NULL,383,2,19),(10179,'asiste',NULL,383,3,13),(10180,'asiste',NULL,383,3,28),(10181,'asiste',NULL,383,3,33),(10182,'asiste',NULL,383,3,45),(10183,'asiste',NULL,383,3,50),(10184,'asiste',NULL,383,3,71),(10185,'falta',NULL,383,3,129),(10186,'asiste',NULL,383,3,131),(10187,'disculpa',NULL,383,3,137),(10188,'falta',NULL,383,3,141),(10189,'asiste',NULL,383,3,143),(10190,'asiste',NULL,383,3,155),(10191,'asiste',NULL,384,3,13),(10192,'asiste',NULL,384,2,19),(10193,'asiste',NULL,384,3,28),(10194,'asiste',NULL,384,3,33),(10195,'asiste',NULL,384,3,45),(10196,'asiste',NULL,384,3,50),(10197,'asiste',NULL,384,3,71),(10198,'asiste',NULL,384,1,110),(10199,'asiste',NULL,384,3,129),(10200,'asiste',NULL,384,3,131),(10201,'asiste',NULL,384,3,137),(10202,'asiste',NULL,384,3,141),(10203,'asiste',NULL,384,3,155),(10204,'asiste',NULL,384,3,143),(10205,'asiste',NULL,385,2,19),(10206,'asiste',NULL,385,3,169),(10207,'asiste',NULL,385,3,65),(10208,'asiste',NULL,385,3,68),(10209,'asiste',NULL,385,1,91),(10210,'falta',NULL,385,3,202),(10211,'asiste',NULL,385,3,122),(10212,'asiste',NULL,385,3,239),(10213,'asiste',NULL,385,3,141),(10214,'falta',NULL,385,3,244),(10215,'disculpa',NULL,385,3,155),(10216,'asiste',NULL,386,1,86),(10217,'asiste',NULL,386,2,19),(10218,'falta',NULL,386,3,16),(10219,'asiste',NULL,386,3,29),(10220,'falta',NULL,386,3,175),(10221,'asiste',NULL,386,3,52),(10222,'asiste',NULL,386,3,57),(10223,'falta',NULL,386,3,191),(10224,'asiste',NULL,386,3,76),(10225,'asiste',NULL,386,3,101),(10226,'asiste',NULL,386,3,250),(10227,'asiste',NULL,386,3,159),(10228,'asiste',NULL,387,1,86),(10229,'asiste',NULL,387,2,19),(10230,'asiste',NULL,387,3,191),(10231,'falta',NULL,387,3,192),(10232,'asiste',NULL,387,3,76),(10233,'asiste',NULL,387,3,77),(10234,'falta',NULL,387,3,202),(10235,'asiste',NULL,387,3,110),(10236,'asiste',NULL,387,3,131),(10237,'asiste',NULL,387,3,137),(10238,'disculpa',NULL,387,3,151),(10239,'disculpa',NULL,387,3,153),(10240,'asiste',NULL,387,3,158),(10241,'asiste',NULL,387,4,65),(10242,'asiste',NULL,389,1,86),(10243,'asiste',NULL,389,2,19),(10244,'asiste',NULL,389,3,165),(10245,'asiste',NULL,389,3,28),(10246,'asiste',NULL,389,3,29),(10247,'asiste',NULL,389,3,172),(10248,'disculpa',NULL,389,3,54),(10249,'asiste',NULL,389,3,14),(10250,'asiste',NULL,388,1,86),(10251,'asiste',NULL,388,2,19),(10252,'falta',NULL,388,3,16),(10253,'asiste',NULL,388,3,29),(10254,'falta',NULL,388,3,175),(10255,'asiste',NULL,388,3,52),(10256,'asiste',NULL,388,3,57),(10257,'asiste',NULL,388,3,191),(10258,'asiste',NULL,388,3,76),(10259,'falta',NULL,388,3,101),(10260,'falta',NULL,388,3,250),(10261,'disculpa',NULL,388,3,159),(10262,'asiste',NULL,390,1,29),(10263,'asiste',NULL,390,2,91),(10264,'disculpa',NULL,390,3,18),(10265,'asiste',NULL,390,3,31),(10266,'asiste',NULL,390,3,45),(10267,'asiste',NULL,390,3,46),(10268,'disculpa',NULL,390,3,52),(10269,'asiste',NULL,390,3,59),(10270,'disculpa',NULL,390,3,72),(10271,'asiste',NULL,390,3,197),(10272,'disculpa',NULL,390,3,82),(10273,'disculpa',NULL,390,3,86),(10274,'asiste',NULL,390,3,88),(10275,'disculpa',NULL,390,3,92),(10276,'asiste',NULL,390,3,93),(10277,'disculpa',NULL,390,3,97),(10278,'disculpa',NULL,390,3,98),(10279,'disculpa',NULL,390,3,108),(10280,'disculpa',NULL,390,3,112),(10281,'asiste',NULL,390,3,124),(10282,'asiste',NULL,390,3,126),(10283,'asiste',NULL,390,3,129),(10284,'disculpa',NULL,390,3,130),(10285,'asiste',NULL,390,3,134),(10286,'disculpa',NULL,390,3,135),(10287,'asiste',NULL,390,3,136),(10288,'asiste',NULL,391,1,76),(10289,'asiste',NULL,391,2,19),(10290,'disculpa',NULL,391,3,25),(10291,'asiste',NULL,391,3,51),(10292,'asiste',NULL,391,3,52),(10293,'disculpa',NULL,391,3,91),(10294,'asiste',NULL,391,3,115),(10295,'asiste',NULL,392,1,91),(10296,'asiste',NULL,392,2,19),(10297,'asiste',NULL,392,3,169),(10298,'asiste',NULL,392,3,65),(10299,'asiste',NULL,392,3,68),(10300,'falta',NULL,392,3,202),(10301,'asiste',NULL,392,3,122),(10302,'falta',NULL,392,3,237),(10303,'disculpa',NULL,392,3,141),(10304,'falta',NULL,392,3,244),(10305,'asiste',NULL,392,3,155),(10306,'asiste',NULL,393,1,86),(10307,'asiste',NULL,393,2,19),(10308,'asiste',NULL,393,3,16),(10309,'falta',NULL,393,3,29),(10310,'falta',NULL,393,3,171),(10311,'asiste',NULL,393,3,34),(10312,'asiste',NULL,393,3,52),(10313,'asiste',NULL,393,3,57),(10314,'asiste',NULL,393,3,65),(10315,'falta',NULL,393,3,193),(10316,'asiste',NULL,393,3,87),(10317,'disculpa',NULL,393,3,91),(10318,'falta',NULL,393,3,101),(10319,'falta',NULL,393,3,217),(10320,'falta',NULL,393,3,229),(10321,'falta',NULL,393,3,245),(10322,'asiste',NULL,393,3,159),(10323,'asiste',NULL,394,1,76),(10324,'asiste',NULL,394,2,19),(10325,'disculpa',NULL,394,3,25),(10326,'disculpa',NULL,394,3,51),(10327,'disculpa',NULL,394,3,52),(10328,'asiste',NULL,394,3,91),(10329,'asiste',NULL,394,3,115),(10330,'asiste',NULL,395,1,86),(10331,'asiste',NULL,395,2,19),(10332,'asiste',NULL,395,3,16),(10333,'asiste',NULL,395,3,29),(10334,'falta',NULL,395,3,175),(10335,'asiste',NULL,395,3,43),(10336,'asiste',NULL,395,3,52),(10337,'asiste',NULL,395,3,191),(10338,'asiste',NULL,395,3,76),(10339,'falta',NULL,395,3,101),(10340,'asiste',NULL,395,3,250),(10341,'asiste',NULL,395,3,159),(10342,'asiste',NULL,396,1,86),(10343,'asiste',NULL,396,2,19),(10344,'asiste',NULL,396,3,5),(10345,'asiste',NULL,396,3,6),(10346,'disculpa',NULL,396,3,7),(10347,'asiste',NULL,396,3,150),(10348,'disculpa',NULL,396,3,9),(10349,'falta',NULL,396,3,10),(10350,'asiste',NULL,396,3,11),(10351,'asiste',NULL,396,3,12),(10352,'asiste',NULL,396,3,13),(10353,'disculpa',NULL,396,3,14),(10354,'falta',NULL,396,3,165),(10355,'asiste',NULL,396,3,16),(10356,'falta',NULL,396,3,17),(10357,'asiste',NULL,396,3,18),(10358,'falta',NULL,396,3,167),(10359,'asiste',NULL,396,3,21),(10360,'falta',NULL,396,3,22),(10361,'asiste',NULL,396,3,23),(10362,'falta',NULL,396,3,25),(10363,'asiste',NULL,396,3,28),(10364,'asiste',NULL,396,3,29),(10365,'falta',NULL,396,3,30),(10366,'falta',NULL,396,3,171),(10367,'asiste',NULL,396,3,31),(10368,'asiste',NULL,396,3,33),(10369,'falta',NULL,396,3,172),(10370,'asiste',NULL,396,3,34),(10371,'asiste',NULL,396,3,35),(10372,'disculpa',NULL,396,3,36),(10373,'falta',NULL,396,3,173),(10374,'asiste',NULL,396,3,38),(10375,'asiste',NULL,396,3,40),(10376,'asiste',NULL,396,3,41),(10377,'falta',NULL,396,3,175),(10378,'disculpa',NULL,396,3,43),(10379,'asiste',NULL,396,3,44),(10380,'asiste',NULL,396,3,45),(10381,'asiste',NULL,396,3,46),(10382,'asiste',NULL,396,3,47),(10383,'asiste',NULL,396,3,48),(10384,'asiste',NULL,396,3,49),(10385,'asiste',NULL,396,3,50),(10386,'asiste',NULL,396,3,51),(10387,'asiste',NULL,396,3,52),(10388,'falta',NULL,396,3,180),(10389,'falta',NULL,396,3,54),(10390,'asiste',NULL,396,3,55),(10391,'asiste',NULL,396,3,56),(10392,'falta',NULL,396,3,57),(10393,'falta',NULL,396,3,58),(10394,'asiste',NULL,396,3,59),(10395,'asiste',NULL,396,3,60),(10396,'asiste',NULL,396,3,61),(10397,'asiste',NULL,396,3,185),(10398,'asiste',NULL,396,3,65),(10399,'asiste',NULL,396,3,66),(10400,'disculpa',NULL,396,3,68),(10401,'falta',NULL,396,3,192),(10402,'asiste',NULL,396,3,69),(10403,'falta',NULL,396,3,70),(10404,'asiste',NULL,396,3,71),(10405,'asiste',NULL,396,3,72),(10406,'asiste',NULL,396,3,73),(10407,'asiste',NULL,396,3,75),(10408,'asiste',NULL,396,3,76),(10409,'disculpa',NULL,396,3,77),(10410,'asiste',NULL,396,3,78),(10411,'asiste',NULL,396,3,79),(10412,'asiste',NULL,396,3,81),(10413,'falta',NULL,396,3,82),(10414,'asiste',NULL,396,3,83),(10415,'asiste',NULL,396,3,85),(10416,'asiste',NULL,396,3,87),(10417,'asiste',NULL,396,3,88),(10418,'falta',NULL,396,3,201),(10419,'asiste',NULL,396,3,89),(10420,'asiste',NULL,396,3,91),(10421,'falta',NULL,396,3,202),(10422,'asiste',NULL,396,3,92),(10423,'falta',NULL,396,3,204),(10424,'disculpa',NULL,396,3,93),(10425,'falta',NULL,396,3,206),(10426,'asiste',NULL,396,3,95),(10427,'asiste',NULL,396,3,96),(10428,'asiste',NULL,396,3,97),(10429,'falta',NULL,396,3,210),(10430,'asiste',NULL,396,3,99),(10431,'falta',NULL,396,3,211),(10432,'asiste',NULL,396,3,100),(10433,'falta',NULL,396,3,101),(10434,'asiste',NULL,396,3,102),(10435,'asiste',NULL,396,3,104),(10436,'asiste',NULL,396,3,105),(10437,'asiste',NULL,396,3,106),(10438,'falta',NULL,396,3,214),(10439,'asiste',NULL,396,3,107),(10440,'asiste',NULL,396,3,109),(10441,'asiste',NULL,396,3,110),(10442,'falta',NULL,396,3,216),(10443,'asiste',NULL,396,3,111),(10444,'asiste',NULL,396,3,112),(10445,'asiste',NULL,396,3,113),(10446,'disculpa',NULL,396,3,114),(10447,'asiste',NULL,396,3,115),(10448,'asiste',NULL,396,3,116),(10449,'falta',NULL,396,3,217),(10450,'disculpa',NULL,396,3,117),(10451,'asiste',NULL,396,3,118),(10452,'falta',NULL,396,3,121),(10453,'asiste',NULL,396,3,122),(10454,'asiste',NULL,396,3,123),(10455,'asiste',NULL,396,3,125),(10456,'asiste',NULL,396,3,126),(10457,'falta',NULL,396,3,224),(10458,'asiste',NULL,396,3,131),(10459,'asiste',NULL,396,3,133),(10460,'asiste',NULL,396,3,228),(10461,'falta',NULL,396,3,229),(10462,'falta',NULL,396,3,230),(10463,'asiste',NULL,396,3,134),(10464,'disculpa',NULL,396,3,135),(10465,'asiste',NULL,396,3,136),(10466,'asiste',NULL,396,3,137),(10467,'asiste',NULL,396,3,138),(10468,'falta',NULL,396,3,237),(10469,'disculpa',NULL,396,3,139),(10470,'asiste',NULL,396,3,239),(10471,'falta',NULL,396,3,140),(10472,'falta',NULL,396,3,240),(10473,'asiste',NULL,396,3,141),(10474,'asiste',NULL,396,3,143),(10475,'falta',NULL,396,3,244),(10476,'falta',NULL,396,3,245),(10477,'asiste',NULL,396,3,145),(10478,'asiste',NULL,396,3,146),(10479,'falta',NULL,396,3,147),(10480,'falta',NULL,396,3,246),(10481,'asiste',NULL,396,3,148),(10482,'asiste',NULL,396,3,149),(10483,'asiste',NULL,396,3,8),(10484,'disculpa',NULL,396,3,151),(10485,'asiste',NULL,396,3,152),(10486,'falta',NULL,396,3,250),(10487,'asiste',NULL,396,3,153),(10488,'asiste',NULL,396,3,154),(10489,'asiste',NULL,396,3,155),(10490,'asiste',NULL,396,3,156),(10491,'asiste',NULL,396,3,157),(10492,'asiste',NULL,396,3,158),(10493,'asiste',NULL,396,3,160),(10494,'asiste',NULL,396,3,255),(10495,'falta',NULL,396,3,162),(10496,'falta',NULL,396,3,256),(10497,'asiste',NULL,397,1,110),(10498,'asiste',NULL,397,2,19),(10499,'disculpa',NULL,397,3,13),(10500,'asiste',NULL,397,3,28),(10501,'falta',NULL,397,3,33),(10502,'disculpa',NULL,397,3,45),(10503,'falta',NULL,397,3,50),(10504,'asiste',NULL,397,3,71),(10505,'asiste',NULL,397,3,131),(10506,'asiste',NULL,397,3,137),(10507,'falta',NULL,397,3,141),(10508,'asiste',NULL,397,3,143),(10509,'asiste',NULL,397,3,155),(10510,'falta',NULL,397,3,129),(10511,'asiste',NULL,398,1,86),(10512,'asiste',NULL,398,2,19),(10513,'asiste',NULL,398,3,165),(10514,'asiste',NULL,398,3,28),(10515,'asiste',NULL,398,3,29),(10516,'falta',NULL,398,3,172),(10517,'asiste',NULL,398,3,54),(10518,'disculpa',NULL,399,2,19),(10519,'asiste',NULL,399,3,25),(10520,'asiste',NULL,399,3,51),(10521,'asiste',NULL,399,3,52),(10522,'asiste',NULL,399,1,76),(10523,'asiste',NULL,399,2,91),(10524,'asiste',NULL,399,3,115),(10525,'asiste',NULL,401,1,110),(10526,'asiste',NULL,401,2,19),(10527,'asiste',NULL,401,3,13),(10528,'asiste',NULL,401,3,28),(10529,'asiste',NULL,401,3,33),(10530,'asiste',NULL,401,3,45),(10531,'asiste',NULL,401,3,50),(10532,'asiste',NULL,401,3,71),(10533,'asiste',NULL,401,3,129),(10534,'asiste',NULL,401,3,131),(10535,'asiste',NULL,401,3,137),(10536,'asiste',NULL,401,3,141),(10537,'asiste',NULL,401,3,143),(10538,'asiste',NULL,401,3,155),(10539,'asiste',NULL,400,1,86),(10540,'asiste',NULL,400,2,19),(10541,'disculpa',NULL,400,3,12),(10542,'asiste',NULL,400,3,13),(10543,'falta',NULL,400,3,17),(10544,'asiste',NULL,400,3,21),(10545,'asiste',NULL,400,3,25),(10546,'falta',NULL,400,3,170),(10547,'asiste',NULL,400,3,46),(10548,'falta',NULL,400,3,52),(10549,'asiste',NULL,400,3,56),(10550,'asiste',NULL,400,3,71),(10551,'disculpa',NULL,400,3,73),(10552,'asiste',NULL,400,3,76),(10553,'falta',NULL,400,3,87),(10554,'asiste',NULL,400,3,108),(10555,'asiste',NULL,400,3,114),(10556,'disculpa',NULL,400,3,115),(10557,'asiste',NULL,400,3,125),(10558,'falta',NULL,400,3,144),(10559,'disculpa',NULL,400,3,149),(10560,'asiste',NULL,400,3,154),(10561,'falta',NULL,400,3,162),(10562,'asiste',NULL,402,1,91),(10563,'asiste',NULL,402,2,19),(10564,'asiste',NULL,402,3,169),(10565,'asiste',NULL,402,3,65),(10566,'asiste',NULL,402,3,68),(10567,'asiste',NULL,402,3,202),(10568,'asiste',NULL,402,3,122),(10569,'asiste',NULL,402,3,141),(10570,'asiste',NULL,402,3,244),(10571,'asiste',NULL,402,3,155),(10572,'asiste',NULL,403,1,110),(10573,'asiste',NULL,403,2,19),(10574,'asiste',NULL,403,3,13),(10575,'disculpa',NULL,403,3,28),(10576,'falta',NULL,403,3,33),(10577,'falta',NULL,403,3,45),(10578,'asiste',NULL,403,3,50),(10579,'asiste',NULL,403,3,71),(10580,'falta',NULL,403,3,129),(10581,'asiste',NULL,403,3,131),(10582,'asiste',NULL,403,3,137),(10583,'disculpa',NULL,403,3,141),(10584,'disculpa',NULL,403,3,143),(10585,'disculpa',NULL,403,3,155),(10586,'asiste',NULL,405,2,19),(10587,'asiste',NULL,405,3,25),(10588,'asiste',NULL,405,3,51),(10589,'asiste',NULL,405,3,52),(10590,'asiste',NULL,405,1,76),(10591,'asiste',NULL,405,3,91),(10592,'asiste',NULL,405,3,115),(10593,'asiste',NULL,406,1,110),(10594,'asiste',NULL,406,2,19),(10595,'asiste',NULL,406,3,13),(10596,'asiste',NULL,406,3,28),(10597,'asiste',NULL,406,3,33),(10598,'asiste',NULL,406,3,45),(10599,'asiste',NULL,406,3,50),(10600,'asiste',NULL,406,3,71),(10601,'asiste',NULL,406,3,129),(10602,'asiste',NULL,406,3,131),(10603,'asiste',NULL,406,3,137),(10604,'asiste',NULL,406,3,141),(10605,'falta',NULL,406,3,143),(10606,'asiste',NULL,406,3,155);
/*!40000 ALTER TABLE `participante` ENABLE KEYS */;
UNLOCK TABLES;

--
-- Table structure for table `sesion`
--

DROP TABLE IF EXISTS `sesion`;
/*!40101 SET @saved_cs_client     = @@character_set_client */;
/*!40101 SET character_set_client = utf8 */;
CREATE TABLE `sesion` (
  `id` bigint(20) NOT NULL AUTO_INCREMENT,
  `numero` bigint(20) NOT NULL,
  `primera_convocatoria` timestamp NOT NULL ON UPDATE CURRENT_TIMESTAMP,
  `segunda_convocatoria` timestamp NULL,
  `lugar` varchar(255) NOT NULL,
  `descripcion` varchar(255) DEFAULT NULL,
  `organo_id` bigint(20) NOT NULL,
  PRIMARY KEY (`id`),
  KEY `fk_sesion_organo_id` (`organo_id`),
  CONSTRAINT `fk_sesion_organo_id` FOREIGN KEY (`organo_id`) REFERENCES `organo` (`id`)
) ENGINE=InnoDB AUTO_INCREMENT=410 DEFAULT CHARSET=latin1;
/*!40101 SET character_set_client = @saved_cs_client */;

--
-- Dumping data for table `sesion`
--

LOCK TABLES `sesion` WRITE;
/*!40000 ALTER TABLE `sesion` DISABLE KEYS */;
INSERT INTO `sesion` VALUES (1,3,'2006-08-31 22:00:00',NULL,'',NULL,3),(2,4,'2006-09-21 22:00:00',NULL,'',NULL,3),(3,5,'2006-10-17 22:00:00',NULL,'',NULL,3),(4,6,'2007-02-07 23:00:00',NULL,'',NULL,3),(5,7,'2007-04-23 22:00:00',NULL,'',NULL,3),(6,8,'2007-09-11 22:00:00',NULL,'',NULL,3),(7,9,'2007-09-25 22:00:00',NULL,'',NULL,3),(8,10,'2008-04-03 22:00:00',NULL,'',NULL,3),(9,11,'2008-05-29 22:00:00',NULL,'',NULL,3),(10,12,'2008-09-04 22:00:00',NULL,'',NULL,3),(11,13,'2008-09-25 22:00:00',NULL,'',NULL,3),(12,14,'2008-11-26 23:00:00',NULL,'',NULL,3),(13,15,'2009-04-02 22:00:00',NULL,'',NULL,3),(14,16,'2009-07-12 22:00:00',NULL,'',NULL,3),(15,89,'2006-10-04 22:00:00',NULL,'',NULL,1),(16,97,'2008-05-14 22:00:00',NULL,'',NULL,1),(17,98,'2008-05-14 22:00:00',NULL,'',NULL,1),(18,99,'2008-06-04 22:00:00',NULL,'',NULL,1),(19,100,'2008-06-29 22:00:00',NULL,'',NULL,1),(20,101,'2008-10-08 22:00:00',NULL,'',NULL,1),(21,102,'2009-02-25 23:00:00',NULL,'',NULL,1),(22,103,'2009-03-04 23:00:00',NULL,'',NULL,1),(23,104,'2009-04-01 22:00:00',NULL,'',NULL,1),(24,105,'2009-04-22 22:00:00',NULL,'',NULL,1),(25,106,'2009-06-03 22:00:00',NULL,'',NULL,1),(26,107,'2009-07-20 22:00:00',NULL,'',NULL,1),(27,108,'2009-10-07 22:00:00',NULL,'',NULL,1),(28,109,'2009-11-22 23:00:00',NULL,'',NULL,1),(29,110,'2009-12-09 23:00:00',NULL,'',NULL,1),(30,111,'2010-03-10 23:00:00',NULL,'',NULL,1),(31,112,'2010-03-17 23:00:00',NULL,'',NULL,1),(32,113,'2010-03-24 23:00:00',NULL,'',NULL,1),(33,114,'2010-05-24 22:00:00',NULL,'',NULL,1),(34,115,'2010-06-06 22:00:00',NULL,'',NULL,1),(35,116,'2010-10-21 22:00:00',NULL,'',NULL,1),(36,117,'2011-02-16 23:00:00',NULL,'',NULL,1),(37,118,'2011-03-22 23:00:00',NULL,'',NULL,1),(38,119,'2011-05-17 22:00:00',NULL,'',NULL,1),(39,120,'2011-12-18 23:00:00',NULL,'',NULL,1),(40,121,'2012-02-14 23:00:00',NULL,'',NULL,1),(41,122,'2012-05-22 22:00:00',NULL,'',NULL,1),(42,123,'2012-07-23 22:00:00',NULL,'',NULL,1),(43,124,'2012-10-09 22:00:00',NULL,'',NULL,1),(44,125,'2012-12-16 23:00:00',NULL,'',NULL,1),(45,126,'2013-04-02 22:00:00',NULL,'',NULL,1),(46,127,'2013-04-21 22:00:00',NULL,'',NULL,1),(47,90,'2007-01-17 23:00:00',NULL,'',NULL,1),(48,91,'2007-03-22 23:00:00',NULL,'',NULL,1),(49,92,'2007-05-30 22:00:00',NULL,'',NULL,1),(50,93,'2007-10-17 22:00:00',NULL,'',NULL,1),(51,94,'2008-02-27 23:00:00',NULL,'',NULL,1),(52,95,'2008-03-05 23:00:00',NULL,'',NULL,1),(53,96,'2008-03-26 23:00:00',NULL,'',NULL,1),(54,1,'2008-06-11 22:00:00',NULL,'',NULL,10),(55,2,'2008-09-24 22:00:00',NULL,'',NULL,10),(56,3,'2009-06-17 22:00:00',NULL,'',NULL,10),(57,4,'2011-02-03 23:00:00',NULL,'',NULL,10),(58,5,'2011-07-18 22:00:00',NULL,'',NULL,10),(59,1,'2013-05-28 22:00:00',NULL,'',NULL,22),(60,2,'2013-06-11 22:00:00',NULL,'',NULL,22),(61,3,'2013-06-13 22:00:00',NULL,'',NULL,22),(62,4,'2013-07-10 22:00:00',NULL,'',NULL,22),(63,5,'2013-07-18 22:00:00',NULL,'',NULL,22),(64,6,'2013-10-22 22:00:00',NULL,'',NULL,22),(65,7,'2013-12-02 23:00:00',NULL,'',NULL,22),(66,8,'2014-02-25 23:00:00',NULL,'',NULL,22),(67,9,'2014-03-13 23:00:00',NULL,'',NULL,22),(68,10,'2014-03-31 22:00:00',NULL,'',NULL,22),(69,11,'2014-04-10 22:00:00',NULL,'',NULL,22),(70,12,'2014-04-29 22:00:00',NULL,'',NULL,22),(71,13,'2014-05-22 22:00:00',NULL,'',NULL,22),(72,14,'2014-06-25 22:00:00',NULL,'',NULL,22),(73,15,'2014-07-01 22:00:00',NULL,'',NULL,22),(74,16,'2014-10-23 22:00:00',NULL,'',NULL,22),(75,17,'2014-11-03 23:00:00',NULL,'',NULL,22),(76,18,'2015-03-03 23:00:00',NULL,'',NULL,22),(77,19,'2015-03-23 23:00:00',NULL,'',NULL,22),(78,20,'2015-04-20 22:00:00',NULL,'',NULL,22),(79,21,'2015-05-28 22:00:00',NULL,'',NULL,22),(80,56,'2007-03-14 23:00:00',NULL,'',NULL,2),(81,57,'2007-12-20 23:00:00',NULL,'',NULL,2),(82,58,'2008-03-04 23:00:00',NULL,'',NULL,2),(83,59,'2008-12-17 23:00:00',NULL,'',NULL,2),(84,60,'2009-09-29 22:00:00',NULL,'',NULL,2),(85,61,'2010-01-31 23:00:00',NULL,'',NULL,2),(86,62,'2010-02-17 23:00:00',NULL,'',NULL,2),(87,63,'2011-01-26 23:00:00',NULL,'',NULL,2),(88,64,'2011-02-14 23:00:00',NULL,'',NULL,2),(89,65,'2011-02-20 23:00:00',NULL,'',NULL,2),(90,66,'2011-11-17 23:00:00',NULL,'',NULL,2),(91,67,'2012-02-23 23:00:00',NULL,'',NULL,2),(92,68,'2012-04-11 22:00:00',NULL,'',NULL,2),(93,69,'2012-05-15 22:00:00',NULL,'',NULL,2),(94,70,'2012-11-06 23:00:00',NULL,'',NULL,2),(95,71,'2013-03-21 23:00:00',NULL,'',NULL,2),(96,4,'2007-04-11 22:00:00',NULL,'',NULL,24),(97,5,'2007-10-01 22:00:00',NULL,'',NULL,24),(98,1,'2012-10-29 23:00:00',NULL,'',NULL,4),(99,2,'2012-12-18 23:00:00',NULL,'',NULL,4),(100,3,'2013-03-10 23:00:00',NULL,'',NULL,4),(103,6,'2013-04-28 22:00:00',NULL,'',NULL,4),(104,7,'2013-06-06 22:00:00',NULL,'',NULL,4),(105,8,'2013-07-02 22:00:00',NULL,'',NULL,4),(106,9,'2013-07-10 22:00:00',NULL,'',NULL,4),(107,10,'2013-07-18 22:00:00',NULL,'',NULL,4),(108,11,'2013-09-05 22:00:00',NULL,'',NULL,4),(109,12,'2013-09-12 22:00:00',NULL,'',NULL,4),(110,13,'2013-09-18 22:00:00',NULL,'',NULL,4),(111,14,'2013-10-03 22:00:00',NULL,'',NULL,4),(112,15,'2013-10-08 22:00:00',NULL,'',NULL,4),(113,16,'2013-10-17 22:00:00',NULL,'',NULL,4),(114,17,'2013-11-14 23:00:00',NULL,'',NULL,4),(115,18,'2013-11-21 23:00:00',NULL,'',NULL,4),(116,19,'2013-12-11 23:00:00',NULL,'',NULL,4),(117,20,'2014-02-18 23:00:00',NULL,'',NULL,4),(118,21,'2014-04-24 22:00:00',NULL,'',NULL,4),(119,22,'2014-06-03 22:00:00',NULL,'',NULL,4),(120,23,'2014-06-29 22:00:00',NULL,'',NULL,4),(121,24,'2014-07-10 22:00:00',NULL,'',NULL,4),(122,25,'2014-07-20 22:00:00',NULL,'',NULL,4),(123,26,'2014-09-04 22:00:00',NULL,'',NULL,4),(124,27,'2014-09-14 22:00:00',NULL,'',NULL,4),(125,28,'2014-10-02 22:00:00',NULL,'',NULL,4),(126,29,'2014-10-08 22:00:00',NULL,'',NULL,4),(127,30,'2014-10-27 23:00:00',NULL,'',NULL,4),(128,31,'2014-11-19 23:00:00',NULL,'',NULL,4),(129,32,'2015-02-10 23:00:00',NULL,'',NULL,4),(130,33,'2015-02-26 23:00:00',NULL,'',NULL,4),(131,34,'2015-03-15 23:00:00',NULL,'',NULL,4),(132,9,'2008-03-11 23:00:00',NULL,'',NULL,6),(133,10,'2008-05-07 22:00:00',NULL,'',NULL,6),(134,11,'2008-11-11 23:00:00',NULL,'',NULL,6),(135,12,'2009-04-19 22:00:00',NULL,'',NULL,6),(136,13,'2009-11-19 23:00:00',NULL,'',NULL,6),(137,14,'2010-09-29 22:00:00',NULL,'',NULL,6),(138,15,'2010-12-12 23:00:00',NULL,'',NULL,6),(139,16,'2011-10-20 22:00:00',NULL,'',NULL,6),(140,17,'2012-02-13 23:00:00',NULL,'',NULL,6),(141,18,'2012-04-17 22:00:00',NULL,'',NULL,6),(142,19,'2012-11-05 23:00:00',NULL,'',NULL,6),(143,20,'2013-07-21 22:00:00',NULL,'',NULL,6),(144,21,'2013-12-12 23:00:00',NULL,'',NULL,6),(145,22,'2014-04-28 22:00:00',NULL,'',NULL,6),(146,23,'2014-06-04 22:00:00',NULL,'',NULL,6),(147,24,'2014-07-15 22:00:00',NULL,'',NULL,6),(148,25,'2014-10-30 23:00:00',NULL,'',NULL,6),(149,26,'2014-11-19 23:00:00',NULL,'',NULL,6),(150,27,'2015-05-06 22:00:00',NULL,'',NULL,6),(151,1,'2011-06-16 22:00:00',NULL,'',NULL,13),(152,2,'2011-09-12 22:00:00',NULL,'',NULL,13),(153,3,'2012-06-20 22:00:00',NULL,'',NULL,13),(154,4,'2013-01-20 23:00:00',NULL,'',NULL,13),(155,1,'2012-06-14 22:00:00',NULL,'',NULL,19),(156,2,'2013-01-16 23:00:00',NULL,'',NULL,19),(157,0,'2015-06-18 22:00:00',NULL,'',NULL,5),(158,35,'2015-06-16 22:00:00',NULL,'',NULL,4),(159,134,'2014-09-21 22:00:00',NULL,'',NULL,1),(160,135,'2015-01-19 23:00:00',NULL,'',NULL,1),(161,136,'2015-03-01 23:00:00',NULL,'',NULL,1),(162,137,'2015-03-16 23:00:00',NULL,'',NULL,1),(163,130,'2013-11-27 23:00:00',NULL,'',NULL,1),(164,131,'2014-03-19 23:00:00',NULL,'',NULL,1),(165,132,'2014-06-17 22:00:00',NULL,'',NULL,1),(166,133,'2014-07-21 22:00:00',NULL,'',NULL,1),(167,138,'2015-05-13 22:00:00',NULL,'',NULL,1),(168,72,'2014-01-22 23:00:00',NULL,'',NULL,2),(169,73,'2014-02-05 23:00:00',NULL,'',NULL,2),(170,74,'2014-02-20 23:00:00',NULL,'',NULL,2),(171,75,'2014-05-14 22:00:00',NULL,'',NULL,2),(172,76,'2014-05-29 22:00:00',NULL,'',NULL,2),(173,77,'2014-09-09 22:00:00',NULL,'',NULL,2),(174,78,'2014-12-08 23:00:00',NULL,'',NULL,2),(175,110,'2006-09-19 22:00:00',NULL,'',NULL,7),(176,111,'2006-10-25 22:00:00',NULL,'',NULL,7),(177,112,'2006-12-17 23:00:00',NULL,'',NULL,7),(178,113,'2007-01-25 23:00:00',NULL,'',NULL,7),(179,114,'2007-02-28 23:00:00',NULL,'',NULL,7),(180,115,'2007-05-09 22:00:00',NULL,'',NULL,7),(181,116,'2007-06-27 22:00:00',NULL,'',NULL,7),(182,117,'2007-07-17 22:00:00',NULL,'',NULL,7),(183,118,'2007-09-23 22:00:00',NULL,'',NULL,7),(184,119,'2007-10-03 22:00:00',NULL,'',NULL,7),(185,120,'2007-11-05 23:00:00',NULL,'',NULL,7),(186,121,'2007-12-19 23:00:00',NULL,'',NULL,7),(187,122,'2008-01-28 23:00:00',NULL,'',NULL,7),(188,123,'2008-03-10 23:00:00',NULL,'',NULL,7),(189,124,'2008-03-24 23:00:00',NULL,'',NULL,7),(190,125,'2008-05-21 22:00:00',NULL,'',NULL,7),(191,126,'2008-07-21 22:00:00',NULL,'',NULL,7),(192,127,'2008-09-14 22:00:00',NULL,'',NULL,7),(193,128,'2008-09-28 22:00:00',NULL,'',NULL,7),(194,129,'2008-10-29 23:00:00',NULL,'',NULL,7),(195,130,'2008-11-30 23:00:00',NULL,'',NULL,7),(196,131,'2008-12-15 23:00:00',NULL,'',NULL,7),(197,132,'2009-03-11 23:00:00',NULL,'',NULL,7),(198,133,'2009-04-29 22:00:00',NULL,'',NULL,7),(199,134,'2009-06-29 22:00:00',NULL,'',NULL,7),(200,135,'2009-07-28 22:00:00',NULL,'',NULL,7),(201,136,'2009-09-15 22:00:00',NULL,'',NULL,7),(202,137,'2009-11-19 23:00:00',NULL,'',NULL,7),(203,138,'2009-12-14 23:00:00',NULL,'',NULL,7),(204,139,'2010-02-08 23:00:00',NULL,'',NULL,7),(205,140,'2010-05-26 22:00:00',NULL,'',NULL,7),(206,141,'2010-07-18 22:00:00',NULL,'',NULL,7),(207,142,'2010-09-09 22:00:00',NULL,'',NULL,7),(208,143,'2010-09-29 22:00:00',NULL,'',NULL,7),(209,144,'2010-11-23 23:00:00',NULL,'',NULL,7),(210,145,'2010-12-15 23:00:00',NULL,'',NULL,7),(211,146,'2011-03-02 23:00:00',NULL,'',NULL,7),(212,147,'2011-04-28 22:00:00',NULL,'',NULL,7),(213,148,'2011-06-01 22:00:00',NULL,'',NULL,7),(214,149,'2011-06-28 22:00:00',NULL,'',NULL,7),(215,150,'2011-09-06 22:00:00',NULL,'',NULL,7),(216,151,'2011-09-13 22:00:00',NULL,'',NULL,7),(217,152,'2011-10-26 22:00:00',NULL,'',NULL,7),(218,153,'2011-12-14 23:00:00',NULL,'',NULL,7),(219,154,'2012-01-25 23:00:00',NULL,'',NULL,7),(220,155,'2012-02-05 23:00:00',NULL,'',NULL,7),(221,156,'2012-03-07 23:00:00',NULL,'',NULL,7),(222,157,'2012-05-06 22:00:00',NULL,'',NULL,7),(223,158,'2012-05-30 22:00:00',NULL,'',NULL,7),(224,159,'2012-06-28 22:00:00',NULL,'',NULL,7),(225,160,'2012-07-22 22:00:00',NULL,'',NULL,7),(226,161,'2012-09-09 22:00:00',NULL,'',NULL,7),(227,162,'2012-09-19 22:00:00',NULL,'',NULL,7),(228,163,'2012-10-29 23:00:00',NULL,'',NULL,7),(229,164,'2012-11-19 23:00:00',NULL,'',NULL,7),(230,165,'2012-12-19 23:00:00',NULL,'',NULL,7),(231,166,'2013-01-24 23:00:00',NULL,'',NULL,7),(232,167,'2013-02-24 23:00:00',NULL,'',NULL,7),(233,168,'2013-03-20 23:00:00',NULL,'',NULL,7),(234,172,'2013-09-10 22:00:00',NULL,'',NULL,7),(235,173,'2013-09-30 22:00:00',NULL,'',NULL,7),(236,174,'2013-10-24 22:00:00',NULL,'',NULL,7),(237,175,'2013-11-28 23:00:00',NULL,'',NULL,7),(238,176,'2013-12-15 23:00:00',NULL,'',NULL,7),(239,177,'2014-01-08 23:00:00',NULL,'',NULL,7),(240,178,'2014-01-29 23:00:00',NULL,'',NULL,7),(241,179,'2014-02-27 23:00:00',NULL,'',NULL,7),(242,180,'2014-05-08 22:00:00',NULL,'',NULL,7),(243,181,'2014-06-24 22:00:00',NULL,'',NULL,7),(244,182,'2014-07-22 22:00:00',NULL,'',NULL,7),(245,183,'2014-09-02 22:00:00',NULL,'',NULL,7),(246,184,'2014-09-18 22:00:00',NULL,'',NULL,7),(247,185,'2014-10-13 22:00:00',NULL,'',NULL,7),(248,186,'2014-10-22 22:00:00',NULL,'',NULL,7),(249,4,'2007-04-18 22:00:00',NULL,'',NULL,6),(250,5,'2007-05-09 22:00:00',NULL,'',NULL,6),(251,6,'2007-10-11 22:00:00',NULL,'',NULL,6),(252,7,'2007-10-16 22:00:00',NULL,'',NULL,6),(253,8,'2007-11-28 23:00:00',NULL,'',NULL,6),(254,194,'2015-07-02 22:00:00',NULL,'',NULL,7),(255,139,'2015-07-13 22:00:00',NULL,'',NULL,1),(256,36,'2015-07-15 22:00:00',NULL,'',NULL,4),(257,79,'2015-07-20 22:00:00',NULL,'',NULL,2),(258,22,'2015-06-16 22:00:00',NULL,'',NULL,22),(259,23,'2015-06-28 22:00:00',NULL,'',NULL,22),(260,24,'2015-07-14 22:00:00',NULL,'',NULL,22),(261,37,'2015-07-27 22:00:00',NULL,'',NULL,4),(262,1,'2013-11-28 23:00:00',NULL,'',NULL,23),(263,2,'2014-02-26 23:00:00',NULL,'',NULL,23),(264,3,'2014-03-13 23:00:00',NULL,'',NULL,23),(265,4,'2014-09-23 22:00:00',NULL,'',NULL,23),(266,5,'2014-10-29 23:00:00',NULL,'',NULL,23),(267,6,'2014-11-12 23:00:00',NULL,'',NULL,23),(268,7,'2015-02-25 23:00:00',NULL,'',NULL,23),(269,8,'2015-03-10 23:00:00',NULL,'',NULL,23),(270,9,'2015-06-16 22:00:00',NULL,'',NULL,23),(271,2,'2012-09-20 22:00:00',NULL,'',NULL,29),(272,3,'2013-01-16 23:00:00',NULL,'',NULL,29),(273,4,'2013-09-11 22:00:00',NULL,'',NULL,29),(274,5,'2015-05-05 22:00:00',NULL,'',NULL,29),(275,5,'2012-07-22 22:00:00',NULL,'',NULL,30),(276,4,'2012-05-20 22:00:00',NULL,'',NULL,30),(277,3,'2012-02-23 23:00:00',NULL,'',NULL,30),(278,2,'2012-02-11 23:00:00',NULL,'',NULL,30),(279,1,'2011-07-18 22:00:00',NULL,'',NULL,30),(280,195,'2015-07-12 22:00:00',NULL,'',NULL,7),(281,196,'2015-07-29 22:00:00',NULL,'',NULL,7),(282,1,'2011-03-15 23:00:00',NULL,'',NULL,11),(283,2,'2011-03-23 23:00:00',NULL,'',NULL,11),(284,3,'2012-03-08 23:00:00',NULL,'',NULL,11),(285,1,'2010-06-02 22:00:00',NULL,'',NULL,12),(286,2,'2010-09-12 22:00:00',NULL,'',NULL,12),(287,3,'2011-01-24 23:00:00',NULL,'',NULL,12),(288,4,'2011-06-16 22:00:00',NULL,'',NULL,12),(289,5,'2011-09-12 22:00:00',NULL,'',NULL,12),(290,6,'2012-04-23 22:00:00',NULL,'',NULL,12),(291,7,'2012-06-20 22:00:00',NULL,'',NULL,12),(292,8,'2012-07-23 22:00:00',NULL,'',NULL,12),(293,9,'2013-01-21 23:00:00',NULL,'',NULL,12),(294,5,'2013-09-04 22:00:00',NULL,'',NULL,13),(295,1,'2011-09-12 22:00:00',NULL,'',NULL,14),(296,2,'2012-01-19 23:00:00',NULL,'',NULL,14),(297,1,'2011-09-12 22:00:00',NULL,'',NULL,15),(298,1,'2011-09-12 22:00:00',NULL,'',NULL,16),(299,1,'2011-09-12 22:00:00',NULL,'',NULL,17),(300,6,'2014-01-21 23:00:00',NULL,'',NULL,13),(301,7,'2014-10-14 22:00:00',NULL,'',NULL,13),(302,8,'2015-01-21 23:00:00',NULL,'',NULL,13),(303,9,'2015-09-02 22:00:00',NULL,'',NULL,13),(304,10,'2013-09-04 22:00:00',NULL,'',NULL,12),(305,11,'2014-01-21 23:00:00',NULL,'',NULL,12),(306,12,'2014-10-14 22:00:00',NULL,'',NULL,12),(307,13,'2015-01-21 23:00:00',NULL,'',NULL,12),(308,1,'2006-03-09 23:00:00',NULL,'',NULL,6),(309,2,'2006-04-26 22:00:00',NULL,'',NULL,6),(310,3,'2006-05-24 22:00:00',NULL,'',NULL,6),(311,128,'2013-06-09 22:00:00',NULL,'',NULL,1),(312,129,'2013-07-22 22:00:00',NULL,'',NULL,1),(313,0,'2015-09-02 22:00:00',NULL,'',NULL,20),(314,197,'2015-09-02 22:00:00',NULL,'',NULL,7),(315,38,'2015-09-08 22:00:00',NULL,'',NULL,4),(316,198,'2015-09-17 22:00:00',NULL,'',NULL,7),(317,39,'2015-10-01 22:00:00',NULL,'',NULL,4),(318,10,'2015-10-01 22:00:00',NULL,'',NULL,23),(319,171,'2013-07-18 22:00:00',NULL,'',NULL,7),(320,187,'2014-11-23 23:00:00',NULL,'',NULL,7),(321,188,'2014-12-17 23:00:00',NULL,'',NULL,7),(322,189,'2015-02-04 23:00:00',NULL,'',NULL,7),(323,190,'2015-03-03 23:00:00',NULL,'',NULL,7),(324,191,'2015-04-21 22:00:00',NULL,'',NULL,7),(325,192,'2015-06-07 22:00:00',NULL,'',NULL,7),(326,193,'2015-06-16 22:00:00',NULL,'',NULL,7),(327,169,'2013-05-15 22:00:00',NULL,'',NULL,7),(328,170,'2013-06-20 22:00:00',NULL,'',NULL,7),(329,4,'2013-05-14 22:00:00',NULL,'',NULL,11),(330,5,'2014-03-05 23:00:00',NULL,'',NULL,11),(331,6,'2014-03-17 23:00:00',NULL,'',NULL,11),(332,7,'2014-05-11 22:00:00',NULL,'',NULL,11),(333,8,'2014-08-04 22:00:00',NULL,'',NULL,11),(334,9,'2015-03-05 23:00:00',NULL,'',NULL,11),(335,10,'2015-03-17 23:00:00',NULL,'',NULL,11),(336,1,'2013-06-19 22:00:00',NULL,'',NULL,31),(337,2,'2013-07-14 22:00:00',NULL,'',NULL,31),(338,3,'2013-12-04 23:00:00',NULL,'',NULL,31),(339,4,'2014-01-22 23:00:00',NULL,'',NULL,31),(340,5,'2014-06-16 22:00:00',NULL,'',NULL,31),(341,6,'2014-12-02 23:00:00',NULL,'',NULL,31),(342,7,'2015-06-09 22:00:00',NULL,'',NULL,31),(343,28,'2015-10-08 22:00:00',NULL,'',NULL,6),(344,140,'2015-10-13 22:00:00',NULL,'',NULL,1),(345,199,'2015-10-15 22:00:00',NULL,'',NULL,7),(346,25,'2015-10-26 23:00:00',NULL,'',NULL,22),(347,11,'2015-10-28 23:00:00',NULL,'',NULL,23),(348,0,'2015-03-17 23:00:00',NULL,'',NULL,20),(349,0,'2015-01-11 23:00:00',NULL,'',NULL,20),(350,0,'2013-11-19 23:00:00',NULL,'',NULL,20),(351,0,'2014-02-12 23:00:00',NULL,'',NULL,20),(352,0,'2014-03-19 23:00:00',NULL,'',NULL,20),(353,0,'2014-09-02 22:00:00',NULL,'',NULL,20),(354,0,'2012-10-29 23:00:00',NULL,'',NULL,20),(355,0,'2013-02-07 23:00:00',NULL,'',NULL,20),(356,0,'2012-01-31 23:00:00',NULL,'',NULL,20),(357,0,'2011-12-01 23:00:00',NULL,'',NULL,20),(358,0,'2010-10-28 22:00:00',NULL,'',NULL,20),(359,0,'2011-02-27 23:00:00',NULL,'',NULL,20),(360,0,'2010-03-10 23:00:00',NULL,'',NULL,20),(361,0,'2009-03-16 23:00:00',NULL,'',NULL,20),(362,0,'2008-11-26 23:00:00',NULL,'',NULL,20),(363,0,'2009-03-11 23:00:00',NULL,'',NULL,20),(364,2,'2014-10-26 23:00:00',NULL,'',NULL,28),(365,3,'2015-11-09 23:00:00',NULL,'',NULL,28),(366,2,'2014-10-26 23:00:00',NULL,'',NULL,18),(367,3,'2015-11-11 23:00:00',NULL,'',NULL,18),(368,40,'2015-11-11 23:00:00',NULL,'',NULL,4),(369,12,'2015-11-12 23:00:00',NULL,'',NULL,23),(370,2,'2014-10-28 23:00:00',NULL,'',NULL,26),(371,3,'2015-11-12 23:00:00',NULL,'',NULL,26),(372,2,'2014-10-26 23:00:00',NULL,'',NULL,25),(373,1,'2013-07-07 22:00:00',NULL,'',NULL,18),(374,2,'2014-10-28 23:00:00',NULL,'',NULL,27),(375,1,'2013-07-08 22:00:00',NULL,'',NULL,27),(376,1,'2013-07-07 22:00:00',NULL,'',NULL,28),(377,1,'2013-07-08 22:00:00',NULL,'',NULL,25),(378,1,'2013-07-07 22:00:00',NULL,'',NULL,26),(379,6,'2015-02-24 23:00:00',NULL,'',NULL,24),(380,26,'2015-11-19 23:00:00',NULL,'',NULL,22),(381,0,'2015-11-23 23:00:00',NULL,'',NULL,5),(382,80,'2015-12-03 23:00:00',NULL,'',NULL,2),(383,27,'2015-11-29 23:00:00',NULL,'',NULL,22),(384,28,'2015-12-10 23:00:00',NULL,'',NULL,22),(385,200,'2015-12-14 23:00:00',NULL,'',NULL,7),(386,41,'2015-12-20 23:00:00',NULL,'',NULL,4),(387,29,'2016-01-13 23:00:00',NULL,'',NULL,6),(388,42,'2016-01-13 23:00:00',NULL,'',NULL,4),(389,0,'2016-01-13 23:00:00',NULL,'',NULL,20),(390,0,'2016-01-17 23:00:00',NULL,'',NULL,5),(391,13,'2016-02-10 23:00:00',NULL,'',NULL,23),(392,201,'2016-02-14 23:00:00',NULL,'',NULL,7),(393,81,'2016-02-11 23:00:00',NULL,'',NULL,2),(394,14,'2016-02-21 23:00:00',NULL,'',NULL,23),(395,43,'2016-02-24 23:00:00',NULL,'',NULL,4),(396,141,'2016-02-24 23:00:00',NULL,'',NULL,1),(397,29,'2016-02-28 23:00:00',NULL,'',NULL,22),(398,0,'2016-03-07 23:00:00',NULL,'',NULL,20),(399,15,'2016-03-08 23:00:00',NULL,'',NULL,23),(400,6,'2016-03-15 23:00:00',NULL,'',NULL,29),(401,30,'2016-03-20 23:00:00',NULL,'',NULL,22),(402,202,'2016-04-04 22:00:00',NULL,'',NULL,7),(403,31,'2016-04-12 22:00:00',NULL,'',NULL,22),(404,44,'2016-04-21 22:00:00',NULL,'',NULL,4),(405,16,'2016-04-26 22:00:00',NULL,'',NULL,23),(406,32,'2016-04-27 22:00:00',NULL,'',NULL,22);
/*!40000 ALTER TABLE `sesion` ENABLE KEYS */;
UNLOCK TABLES;
/*!40103 SET TIME_ZONE=@OLD_TIME_ZONE */;

/*!40101 SET SQL_MODE=@OLD_SQL_MODE */;
/*!40014 SET FOREIGN_KEY_CHECKS=@OLD_FOREIGN_KEY_CHECKS */;
/*!40014 SET UNIQUE_CHECKS=@OLD_UNIQUE_CHECKS */;
/*!40101 SET CHARACTER_SET_CLIENT=@OLD_CHARACTER_SET_CLIENT */;
/*!40101 SET CHARACTER_SET_RESULTS=@OLD_CHARACTER_SET_RESULTS */;
/*!40101 SET COLLATION_CONNECTION=@OLD_COLLATION_CONNECTION */;
/*!40111 SET SQL_NOTES=@OLD_SQL_NOTES */;

-- Dump completed on 2016-12-28 19:22:36
